"ordinal","id","title","date","concepts","paperRoutes"
"1","9af3f757-ffb6-5c9e-b461-afdf9ccea949","奠仪几何","2026-07-17","选择与自由;责任与后果;成本与总账;信用与信任;净输出与不掠夺;照料与家庭;财富与市场","02;03;04;05;06;07;10;12;13;14;16;18"
"2","359095f1-02f7-5cfb-ac88-a2add28d06ca","后半句","2026-07-16","能力与学习;劳动与组织","06;08;10;13;18"
"3","8bc2c71a-1303-5254-a513-fdb710fb8876","小小红花","2026-07-15","爱与回应;照料与家庭","04;05;14;16"
"4","3d0daabb-8f65-5e52-b6b0-03280864f723","史不绝书","2026-07-14","事实与证据;能力与学习;责任与后果;成本与总账;爱与回应;照料与家庭;文明与历史","02;03;04;05;08;09;10;11;12;13;14;15;16;17;18;31;32;33"
"5","a604bf02-e52d-5e1f-91c6-81dfade38ed7","悼亡存活","2026-07-14","定义与达意;责任与后果;成本与总账;爱与回应;照料与家庭;劳动与组织;文明与历史;心理与主体","02;03;04;05;06;08;09;10;11;12;13;14;15;16;17;18;31;32;33"
"6","afd418f9-36d1-5652-8f90-188680e6cfbf","胜半子","2026-07-14","事实与证据;定义与达意;能力与学习;选择与自由;责任与后果;技术与工程","02;03;07;08;09;10;12;13;16;17;18;32;33"
"7","ed1a358b-b31d-5945-b776-b8573ecaa0c4","松则久","2026-07-14","能力与学习;责任与后果;成本与总账;信用与信任;爱与回应;边界与许可;心理与主体","02;03;04;05;06;08;10;12;13;14;16;17;18"
"8","03c701aa-9760-5272-9215-6de6a61ce6f9","尊者","2026-07-14","事实与证据;定义与达意;能力与学习;成本与总账;信用与信任;爱与回应;净输出与不掠夺;边界与许可;财富与市场;权力与异议;性别与身体","03;04;05;06;07;08;09;10;12;13;14;16;17;18"
"9","361ab29e-ae77-522b-9c3f-1daf2618bd25","只管赢","2026-07-13","事实与证据;责任与后果;成本与总账;边界与许可","02;03;05;08;09;10;12;16;17;18"
"10","893754bc-52c0-5b80-9a90-3c8ad28acc68","45度c","2026-07-13","事实与证据;选择与自由;责任与后果;成本与总账;爱与回应;边界与许可;财富与市场;权力与异议;心理与主体","02;03;04;05;07;08;09;10;12;13;14;16;17;18"
"11","8db8f172-3520-5077-a078-2c9578ebaf39","一寸欢喜","2026-07-13","事实与证据;能力与学习;选择与自由;责任与后果;成本与总账;信用与信任;爱与回应;边界与许可;照料与家庭;劳动与组织;权力与异议;心理与主体","02;03;04;05;06;07;08;09;10;12;13;14;16;17;18"
"12","c5387c74-4eb0-58ff-a62c-82d469118f33","轻而圆","2026-07-13","事实与证据;选择与自由;信用与信任;财富与市场;权力与异议;文明与历史","02;03;06;07;08;09;10;11;12;13;15;16;17;18;31;32;33"
"13","da325fde-b89e-50ce-9a2b-e846efc4955f","群英","2026-07-13","定义与达意;能力与学习;选择与自由;责任与后果;照料与家庭;劳动与组织","02;03;04;05;06;07;08;09;10;12;13;14;16;17;18"
"14","a16da506-5c08-5099-816e-25262f8afb82","小炮仗","2026-07-13","事实与证据;能力与学习;选择与自由;责任与后果;成本与总账;照料与家庭;权力与异议;技术与工程;性别与身体","02;03;04;05;07;08;09;10;12;13;14;16;17;18;32;33"
"15","26039300-f815-55a5-bd97-e5aa22635fba","高跟","2026-07-12","选择与自由;成本与总账;爱与回应;技术与工程;心理与主体;性别与身体","02;03;04;05;07;08;10;13;14;16;17;18;32;33"
"16","8f631982-8f74-539e-ade3-31e78b2b2f7f","未足之婚","2026-07-12","能力与学习;选择与自由;责任与后果;成本与总账;信用与信任;爱与回应;照料与家庭","02;03;04;05;06;07;08;10;12;13;14;16;18"
"17","a15b7aeb-2adf-565c-a240-a4b54cc970ef","做事第一","2026-07-12","定义与达意;责任与后果;信用与信任;劳动与组织;权力与异议","02;03;06;07;09;10;12;13;17;18"
"18","d4d427c5-38df-5cd1-931b-d0ad6a4fd6c0","瞎义警","2026-07-12","事实与证据;定义与达意;选择与自由;责任与后果;法律与秩序;权力与异议","02;03;07;08;09;10;12;16;17;18"
"19","d0ddadd2-33e1-5daa-816d-5414e23c4c66","长明火","2026-07-12","选择与自由;成本与总账;财富与市场;法律与秩序;文明与历史;生态与自然","02;03;07;10;11;12;13;15;16;18;25;31;32;33"
"20","4878f245-bcf4-52f7-8daa-3a0ad9e46ae8","有所成","2026-07-12","事实与证据;能力与学习;选择与自由;责任与后果;成本与总账;信用与信任;照料与家庭;财富与市场","02;03;04;05;06;07;08;09;10;12;13;14;16;17;18"
"21","6f4bef26-7da0-52f4-ba36-4b31bc224b4d","喧宾夺主","2026-07-11","选择与自由;责任与后果;成本与总账;爱与回应;照料与家庭;劳动与组织;财富与市场;权力与异议;宗教与自然法","02;03;04;05;06;07;10;11;12;13;14;16;18"
"22","c03ead04-bb39-5e4b-88c4-973960af8726","拗相公","2026-07-11","选择与自由;责任与后果;成本与总账;边界与许可;法律与秩序;权力与异议;技术与工程","02;03;05;07;10;12;13;16;17;18;32;33"
"23","fc751d58-91ba-56ce-a9ac-57c400b42cc0","歪比巴卜","2026-07-11","定义与达意;能力与学习;选择与自由;责任与后果;成本与总账;净输出与不掠夺;照料与家庭;财富与市场;权力与异议;心理与主体","02;03;04;05;07;08;09;10;12;13;14;16;17;18"
"24","4323b869-06ea-5335-a116-9418e052e7a4","靶向药","2026-07-11","事实与证据;能力与学习;选择与自由;责任与后果;成本与总账;劳动与组织;文明与历史","02;03;06;07;08;09;10;11;12;13;15;16;17;18;31;32;33"
"25","e0255cb2-a6bc-538a-8962-0fd9977369d3","十里一碑","2026-07-10","责任与后果","02;03;10;12;18"
"26","101192ad-8c18-5d1a-abfe-c6d8e7727c38","砼","2026-07-09","责任与后果;心理与主体","02;03;08;10;12;14;17;18"
"27","6587f538-6d67-5561-99dd-2eaf61719621","眠种","2026-07-09","能力与学习;选择与自由;成本与总账;财富与市场;技术与工程;文明与历史;生态与自然;宗教与自然法","02;03;07;08;10;11;13;15;16;17;18;25;31;32;33"
"28","b4af6921-69d1-5962-ab5f-f7f86f20a794","守在门外的人","2026-07-09","能力与学习;选择与自由;信用与信任;爱与回应;边界与许可;照料与家庭;心理与主体;性别与身体","02;03;04;05;06;07;08;12;13;14;16;17;18"
"29","418ed9e1-86ff-5f85-bc5a-039a241dd006","乐见其道","2026-07-09","事实与证据;能力与学习;选择与自由;责任与后果;技术与工程;心理与主体","02;03;07;08;09;10;12;13;14;16;17;18;32;33"
"30","446ed510-22ee-5cc9-ab46-f5ef8d851fa7","清静无为","2026-07-09","选择与自由;成本与总账;净输出与不掠夺;劳动与组织;权力与异议","02;03;05;06;07;10;12;13;16;18"
"31","15e6750c-c146-58ea-b925-3a495204a3ef","三分一又三分一","2026-07-08","能力与学习;责任与后果;成本与总账;信用与信任;爱与回应;文明与历史;心理与主体","02;03;04;05;06;08;10;11;12;13;14;15;16;17;18;31;32;33"
"32","17108618-47db-56ee-93c1-b25db0d50aa1","火","2026-07-08","定义与达意;能力与学习;爱与回应;照料与家庭;心理与主体","04;05;08;09;13;14;16;17;18"
"33","8f47c793-1f04-51c5-a61b-60bdb223707b","鱼与鱼","2026-07-08","能力与学习;照料与家庭;生态与自然;性别与身体","04;05;08;13;14;16;18;25;32"
"34","c9e76d20-ad76-500f-95eb-be07ade6e9f1","满分70","2026-07-08","选择与自由;成本与总账;净输出与不掠夺;边界与许可;权力与异议","02;03;05;07;10;12;16;18"
"35","ca0b2dd4-e67a-5243-a150-98c3b33953c1","赤手空拳","2026-07-08","定义与达意;能力与学习;选择与自由;责任与后果;成本与总账;信用与信任;爱与回应;边界与许可;财富与市场;法律与秩序;权力与异议","02;03;04;05;06;07;08;09;10;12;13;14;16;17;18"
"36","b12ffdac-091e-519b-947b-a20d33f76e44","鲍鱼之肆","2026-07-08","定义与达意;成本与总账;爱与回应","03;04;05;09;10;14;16;17;18"
"37","c1f65e27-5be0-5388-aeb8-aae0f0e78b8e","困兽","2026-07-08","定义与达意;责任与后果;信用与信任;爱与回应;照料与家庭;心理与主体;性别与身体","02;03;04;05;06;08;09;10;12;14;16;17;18"
"38","4605e04c-70c0-5b06-bfff-54b358fa6cc4","防事墙","2026-07-07","能力与学习;选择与自由;劳动与组织;性别与身体","02;05;06;07;08;10;13;14;16;18"
"39","4acdd38f-59cb-51e5-a4af-56dc3112c805","弟子服其劳","2026-07-07","能力与学习;责任与后果;爱与回应;边界与许可;劳动与组织","02;03;04;05;06;08;10;12;13;14;16;18"
"40","561bb73f-d62d-5b2c-9af1-279bffea330d","阻住地球的人","2026-07-07","责任与后果;成本与总账;爱与回应;照料与家庭;心理与主体","02;03;04;05;08;10;12;14;16;17;18"
"41","6997b10c-8fe5-573f-b41f-312a70f53490","老实大喇叭","2026-07-07","能力与学习;选择与自由;责任与后果;成本与总账;边界与许可","02;03;05;07;08;10;12;13;16;18"
"42","118b1ce8-3d30-51f5-82eb-af8a008d0c04","快乐的信心","2026-07-07","成本与总账;爱与回应;照料与家庭;劳动与组织;心理与主体","03;04;05;06;08;10;13;14;16;17;18"
"43","86b2eba8-396f-5abb-a558-6da486f552f9","饱汉饥","2026-07-07","定义与达意;能力与学习;成本与总账;边界与许可;财富与市场;宗教与自然法","03;05;07;08;09;10;11;12;13;16;17;18"
"44","4a78f2bf-1338-55f6-b9ce-7a6707d61805","阿宝悄悄话","2026-07-06","事实与证据;定义与达意;能力与学习;信用与信任;爱与回应;照料与家庭;权力与异议;性别与身体","03;04;05;06;07;08;09;12;13;14;16;17;18"
"45","43ef29f4-6fad-5e24-b569-252dc730bfdd","锄禾日当午","2026-07-05","选择与自由;责任与后果;成本与总账;照料与家庭;劳动与组织;生态与自然","02;03;04;05;06;07;10;12;13;14;16;18;25;32"
"46","6610b6b8-873e-550d-a483-2a31a6bf54ca","走投无路","2026-07-05","能力与学习;选择与自由;责任与后果;劳动与组织;心理与主体","02;03;06;07;08;10;12;13;14;16;17;18"
"47","cd1c5049-d5d4-58cf-9a91-ef620e5f1f02","超英","2026-07-05","能力与学习;责任与后果;爱与回应;照料与家庭;劳动与组织;法律与秩序;文明与历史;民族与身份","02;03;04;05;06;07;08;10;11;12;13;14;15;16;18;27;31;32;33"
"48","ec7ef3e1-ccbc-5708-91c4-a63686c9d61f","素约","2026-07-05","定义与达意;能力与学习;责任与后果;成本与总账;信用与信任;爱与回应;照料与家庭;财富与市场;文明与历史","02;03;04;05;06;08;09;10;11;12;13;14;15;16;17;18;31;32;33"
"49","d2959b6d-eb53-56c8-86f7-cbfab6299eea","差半步","2026-07-05","事实与证据;能力与学习;选择与自由;生态与自然;心理与主体","02;07;08;09;13;14;16;17;18;25;32"
"50","dd926b00-b9ae-5d70-9552-61f9b7a9203f","一人之上","2026-07-05","能力与学习;成本与总账;信用与信任;爱与回应;劳动与组织;技术与工程;人工智能与机器;心理与主体","03;04;05;06;08;10;12;13;14;16;17;18;28;29;32;33"
"51","f4cdfc65-3177-52e3-b12c-54859a4db61e","二宝锤","2026-07-05","财富与市场;心理与主体","03;08;10;13;14;17;18"
"52","f1907b91-2872-5dc4-a6c0-2f835567014b","战龙于野","2026-07-05","能力与学习;责任与后果;成本与总账;照料与家庭;劳动与组织","02;03;04;05;06;08;10;12;13;14;16;18"
"53","1fc9f77c-b92d-55f8-9966-095b782fd87f","天网地廊","2026-07-03","责任与后果;成本与总账;劳动与组织;技术与工程;生态与自然","02;03;06;10;12;13;17;18;25;32;33"
"54","d9171979-347e-52be-9db8-e4b4199ce706","山丘背后","2026-07-03","能力与学习;责任与后果;成本与总账;信用与信任;照料与家庭;财富与市场;权力与异议;心理与主体","02;03;04;05;06;07;08;10;12;13;14;16;17;18"
"55","42fa2759-4847-54bd-bd47-b66543ff7389","那六成","2026-07-03","责任与后果;劳动与组织;性别与身体","02;03;05;06;10;12;13;14;16;18"
"56","0adc1c98-d7bb-5ee5-9923-9fe4e163f4d7","we have tried","2026-07-02","责任与后果;成本与总账;法律与秩序;技术与工程","02;03;07;10;12;13;17;18;32;33"
"57","ba2a38af-1016-5306-8be5-3b6a0c38d154","炀","2026-07-02","能力与学习;信用与信任;爱与回应;边界与许可;劳动与组织;权力与异议","03;04;05;06;07;08;10;12;13;14;16;18"
"58","f9f5cb55-a8a1-5437-88fd-43929f90d6d5","冠军病","2026-07-02","事实与证据;定义与达意;能力与学习;选择与自由;成本与总账;心理与主体","02;03;07;08;09;10;13;14;16;17;18"
"59","a6bef4ce-748d-5207-8963-632d78b4ba7c","凤尾","2026-07-01","能力与学习;选择与自由;心理与主体","02;07;08;13;14;16;17;18"
"60","2dcc4d6a-58bf-5e68-9c51-319d51c0f11e","工德无量","2026-06-30","定义与达意;选择与自由;成本与总账;照料与家庭;劳动与组织;财富与市场","02;03;04;05;06;07;09;10;13;14;16;17;18"
"61","3146e5f6-0769-5784-9040-caf8b2920753","正衣冠","2026-06-30","选择与自由;劳动与组织;法律与秩序;性别与身体","02;05;06;07;10;12;13;14;16;18"
"62","5d6e0ac8-4818-559e-9449-7f5af8bcd6ec","人上人上人","2026-06-30","能力与学习;成本与总账;爱与回应;照料与家庭;权力与异议;技术与工程;心理与主体","03;04;05;07;08;10;12;13;14;16;17;18;32;33"
"63","a30cf0ae-535b-5f62-bcf8-d7361ddaf2f3","抢杠铃","2026-06-30","能力与学习;选择与自由;责任与后果;信用与信任;爱与回应;边界与许可;财富与市场;法律与秩序;技术与工程;人工智能与机器;心理与主体;性别与身体","02;03;04;05;06;07;08;10;12;13;14;16;17;18;28;29;32;33"
"64","8b35202b-98f5-56ef-b715-e232938a1c89","无色无味","2026-06-30","事实与证据;成本与总账;信用与信任;权力与异议;技术与工程","03;06;07;08;09;10;12;13;17;18;32;33"
"65","fee5260a-d799-55bd-93c6-41a5d3540084","自然直","2026-06-30","能力与学习;选择与自由;成本与总账;信用与信任;爱与回应;财富与市场;心理与主体;宗教与自然法","02;03;04;05;06;07;08;10;11;12;13;14;16;17;18"
"66","fa35c62a-72ac-5f83-806a-cbd66eaef0ab","三斗金","2026-06-29","能力与学习;选择与自由;责任与后果;成本与总账;净输出与不掠夺;边界与许可;劳动与组织;法律与秩序;技术与工程;心理与主体","02;03;05;06;07;08;10;12;13;14;16;17;18;32;33"
"67","502cfc6f-c122-5a9c-bbb9-a60f1ea5a25a","恩不分级","2026-06-29","事实与证据;定义与达意;责任与后果;净输出与不掠夺;法律与秩序","02;03;05;07;08;09;10;12;16;17;18"
"68","55e2ccc2-9f7c-51c1-89b4-c90ea1c68761","贫穷的尽头","2026-06-29","定义与达意;能力与学习;责任与后果;成本与总账;劳动与组织;财富与市场;法律与秩序;权力与异议;文明与历史","02;03;06;07;08;09;10;11;12;13;15;17;18;31;32;33"
"69","a05bf5e0-e374-5762-9491-68f824cea641","你好富二代","2026-06-29","能力与学习;信用与信任;劳动与组织;财富与市场;生态与自然","03;06;08;10;12;13;18;25;32"
"70","ace0aea5-99d9-5110-b9f2-6c83e040005f","大前门","2026-06-29","能力与学习;选择与自由;成本与总账;爱与回应;净输出与不掠夺;照料与家庭;劳动与组织;心理与主体","02;03;04;05;06;07;08;10;13;14;16;17;18"
"71","263a4cb3-5cac-5c79-b13a-1d771224dff0","犟子","2026-06-28","定义与达意;选择与自由;责任与后果;法律与秩序","02;03;07;09;10;12;16;17;18"
"72","3a0d174c-f654-5ce2-b2ec-60fb34b0c258","双毕业","2026-06-27","定义与达意;能力与学习;责任与后果;成本与总账;信用与信任;照料与家庭;劳动与组织;财富与市场;权力与异议","02;03;04;05;06;07;08;09;10;12;13;14;16;17;18"
"73","ae9edfa7-d975-5700-845d-3082a10680b9","摊牌忍者","2026-06-27","事实与证据;选择与自由;责任与后果;信用与信任;爱与回应;心理与主体","02;03;04;05;06;07;08;09;10;12;14;16;17;18"
"74","fc8bb6e0-acc0-50fb-813d-037e499df67c","clean start","2026-06-27","定义与达意;能力与学习;信用与信任;边界与许可;照料与家庭;权力与异议;心理与主体","03;04;05;06;07;08;09;12;13;14;16;17;18"
"75","26639f91-6db3-571c-af59-364e41e1b24e","NPC","2026-06-27","能力与学习;选择与自由;责任与后果;爱与回应;边界与许可;劳动与组织","02;03;04;05;06;07;08;10;12;13;14;16;18"
"76","a8fdb53f-15f9-5c30-bad8-7372ad185df2","勤为要","2026-06-26","能力与学习;选择与自由;责任与后果;照料与家庭","02;03;04;05;07;08;10;12;13;14;16;18"
"77","abf0a4ce-d142-580e-b306-4616001cb183","西线无战事","2026-06-26","能力与学习;选择与自由;成本与总账;爱与回应;文明与历史;心理与主体","02;03;04;05;07;08;10;11;13;14;15;16;17;18;31;32;33"
"78","b37796ff-6ee1-562d-9cc2-1ce50382c60e","宁静力","2026-06-26","能力与学习;选择与自由;责任与后果;成本与总账;劳动与组织;财富与市场;法律与秩序;技术与工程;心理与主体","02;03;06;07;08;10;12;13;14;16;17;18;32;33"
"79","f48ddf91-2686-5bbb-88d1-3644e94907d7","好美","2026-06-26","定义与达意;能力与学习;选择与自由;信用与信任;财富与市场;技术与工程","02;03;06;07;08;09;10;12;13;16;17;18;32;33"
"80","99a51c26-98ed-5aeb-a56a-c2be644d2779","续白诗","2026-06-25","成本与总账;劳动与组织;人工智能与机器","03;06;10;13;18;28;29;33"
"81","c28d9ed8-eec9-51c4-bf67-4f47e91c6912","屁股朝前","2026-06-25","责任与后果;成本与总账;信用与信任;财富与市场;技术与工程","02;03;06;10;12;13;17;18;32;33"
"82","be11fc4e-aa10-5562-b303-6cffcea4b6a9","当仁不让","2026-06-25","定义与达意;选择与自由;责任与后果;信用与信任;爱与回应;照料与家庭;法律与秩序;权力与异议","02;03;04;05;06;07;09;10;12;14;16;17;18"
"83","16c0cbf0-7c55-5956-af86-f80923eada77","少点歧视","2026-06-24","事实与证据;能力与学习;选择与自由;责任与后果;成本与总账;生态与自然","02;03;07;08;09;10;12;13;16;17;18;25;32"
"84","eb5c8088-f151-5249-a718-4ef7279880d1","救命书","2026-06-24","定义与达意;能力与学习;成本与总账;信用与信任;爱与回应;照料与家庭","03;04;05;06;08;09;10;12;13;14;16;17;18"
"85","f3ef4904-dcb3-5d06-835a-f0177ff33fa4","多余的不开心","2026-06-24","能力与学习;责任与后果;信用与信任;爱与回应;权力与异议","02;03;04;05;06;07;08;10;12;13;14;16;18"
"86","63aa195b-6c30-549f-b9d9-0452c144e2f3","稻谷咖啡","2026-06-24","定义与达意;能力与学习;责任与后果;爱与回应;照料与家庭;技术与工程;性别与身体","02;03;04;05;08;09;10;12;13;14;16;17;18;32;33"
"87","9608ccef-cb60-521d-a9a5-f477bab4bfd5","小宽","2026-06-24","定义与达意;选择与自由;信用与信任;爱与回应;边界与许可;权力与异议","02;03;04;05;06;07;09;12;14;16;17;18"
"88","0e572114-b072-5bbd-a5bd-fd0b5c2ef31f","蘸醋","2026-06-23","定义与达意;选择与自由;责任与后果;财富与市场;心理与主体","02;03;07;08;09;10;12;13;14;16;17;18"
"89","5530ea69-662b-5400-8fae-ad0a0a325e38","一碗油盐饭","2026-06-23","能力与学习;责任与后果;爱与回应;净输出与不掠夺;劳动与组织;生态与自然;心理与主体","02;03;04;05;06;08;10;12;13;14;16;17;18;25;32"
"90","bdbd1ec1-4516-571a-8e12-db95b0c99a88","环保猎人","2026-06-23","事实与证据;能力与学习;成本与总账;爱与回应;劳动与组织;技术与工程;生态与自然","03;04;05;06;08;09;10;13;14;16;17;18;25;32;33"
"91","bf9b4eb5-d380-5b55-915c-d000c8f22c27","爱自己","2026-06-23","能力与学习;成本与总账;爱与回应;净输出与不掠夺;边界与许可;照料与家庭","03;04;05;08;10;12;13;14;16;18"
"92","d050c428-49c5-5591-892f-796f1dd1879e","一万零一全","2026-06-23","事实与证据;责任与后果;劳动与组织;技术与工程","02;03;06;08;09;10;12;13;17;18;32;33"
"93","1ebceeb1-26da-536f-bfcd-d43f91f25b8d","云阶","2026-06-22","定义与达意;责任与后果;照料与家庭;财富与市场;心理与主体","02;03;04;05;08;09;10;12;13;14;16;17;18"
"94","79a28019-c9f4-5777-bb7e-dffa92ab679d","你我之交","2026-06-22","定义与达意;能力与学习;成本与总账;爱与回应;照料与家庭;劳动与组织;财富与市场;权力与异议","03;04;05;06;07;08;09;10;12;13;14;16;17;18"
"95","87f504be-9ec1-513f-9ef2-35b5afb76690","有恋无爱","2026-06-22","定义与达意;爱与回应;净输出与不掠夺;权力与异议","03;04;05;07;09;12;14;16;17;18"
"96","ca3e2033-6991-50e4-84b8-8ca371a16748","我心不满","2026-06-22","定义与达意;能力与学习;责任与后果;成本与总账;信用与信任;爱与回应","02;03;04;05;06;08;09;10;12;13;14;16;17;18"
"97","48fc9dc7-9e20-5b78-b9b3-c6e14181eaf9","我是你爷爷","2026-06-20","定义与达意;能力与学习;责任与后果;照料与家庭","02;03;04;05;08;09;10;12;13;14;16;17;18"
"98","2ea75a89-3b44-58bf-95eb-9a3a0e6c369e","冷且处理","2026-06-19","定义与达意;责任与后果;爱与回应;照料与家庭;财富与市场;心理与主体","02;03;04;05;08;09;10;12;13;14;16;17;18"
"99","239864fc-672d-5425-831f-58a85b942faa","再三之后","2026-06-18","责任与后果;成本与总账;爱与回应;净输出与不掠夺;照料与家庭;财富与市场;文明与历史;心理与主体","02;03;04;05;08;10;11;12;13;14;15;16;17;18;31;32;33"
"100","e476717b-2cf7-5a91-adb2-924fbec64dea","援亲","2026-06-18","定义与达意;责任与后果;成本与总账;信用与信任;净输出与不掠夺","02;03;05;06;09;10;12;16;17;18"
"101","bc474d87-a778-54ee-914c-dcdf73138a6d","大题大作","2026-06-18","定义与达意;选择与自由;责任与后果;信用与信任;爱与回应;边界与许可;法律与秩序;心理与主体","02;03;04;05;06;07;08;09;10;12;14;16;17;18"
"102","5bcb728b-4a1d-518d-a629-fc27f09df49e","锥子","2026-06-17","能力与学习;选择与自由;劳动与组织;技术与工程;心理与主体","02;06;07;08;10;13;14;16;17;18;32;33"
"103","c0660367-e479-5c22-bf3a-1bc1f483ed3d","纸逃城","2026-06-17","能力与学习;选择与自由;责任与后果;成本与总账;爱与回应;心理与主体","02;03;04;05;07;08;10;12;13;14;16;17;18"
"104","22b8e565-a37b-531a-896d-68604a4264bf","勿苛己","2026-06-17","事实与证据;能力与学习;选择与自由;责任与后果;法律与秩序;心理与主体","02;03;07;08;09;10;12;13;14;16;17;18"
"105","577b393b-67a1-5766-9651-8ecd742d17c9","探病","2026-06-15","事实与证据;定义与达意;责任与后果;成本与总账;爱与回应;边界与许可;照料与家庭;劳动与组织;心理与主体","02;03;04;05;06;08;09;10;12;13;14;16;17;18"
"106","a306129e-d5b1-544e-beeb-60e87483e02f","小算盘","2026-06-14","能力与学习;责任与后果;成本与总账;信用与信任;净输出与不掠夺;照料与家庭;技术与工程","02;03;04;05;06;08;10;12;13;14;16;17;18;32;33"
"107","04cf4d96-fc58-54bc-9545-f1a09748d1d7","负十八","2026-06-13","能力与学习;文明与历史;心理与主体","08;11;13;14;15;17;18;31;32;33"
"108","9a42c70d-c6f8-57cc-813b-058eff9c1a65","哭奶","2026-06-13","能力与学习;选择与自由;责任与后果;成本与总账;信用与信任;净输出与不掠夺;照料与家庭","02;03;04;05;06;07;08;10;12;13;14;16;18"
"109","c590e1e8-6daa-556d-928f-94a34d25a184","鬼话连篇","2026-06-13","定义与达意;能力与学习;选择与自由;成本与总账;边界与许可","02;03;05;07;08;09;10;12;13;16;17;18"
"110","38b7d4d0-539b-521c-8ef6-d42b988c6be1","酸友情","2026-06-13","事实与证据;能力与学习;信用与信任;爱与回应;劳动与组织;心理与主体","03;04;05;06;08;09;10;12;13;14;16;17;18"
"111","1cfec0b4-fb45-5f40-95be-420000cda248","如蒙不弃","2026-06-12","能力与学习;爱与回应;边界与许可","04;05;08;12;13;14;16;18"
"112","607caf96-19f4-5d98-9829-9e70c706877f","四海为家","2026-06-11","能力与学习;责任与后果;爱与回应;劳动与组织;文明与历史;民族与身份;生态与自然;性别与身体","02;03;04;05;06;08;10;11;12;13;14;15;16;18;25;27;31;32;33"
"113","cbf06b16-bd70-5662-a798-111ae72eeafa","不插电","2026-06-11","定义与达意;选择与自由;责任与后果;成本与总账;边界与许可;照料与家庭;权力与异议;心理与主体","02;03;04;05;07;08;09;10;12;14;16;17;18"
"114","e74bc219-6ba4-54e7-8dd3-33cf205c3009","尊重的前提","2026-06-11","定义与达意;能力与学习;选择与自由;责任与后果;照料与家庭;权力与异议;心理与主体","02;03;04;05;07;08;09;10;12;13;14;16;17;18"
"115","b41e4c82-7300-5dc8-9146-e3de86d16674","如己","2026-06-10","选择与自由;爱与回应;技术与工程;心理与主体;性别与身体","02;04;05;07;08;13;14;16;17;18;32;33"
"116","d8dd2ec7-b290-5931-8702-c8109d8545ca","勿自疑","2026-06-09","责任与后果;爱与回应","02;03;04;05;10;12;14;16;18"
"117","6fb08d39-0a3e-5fa9-b572-0e6ae9791bb9","圆滑2","2026-06-08","能力与学习;责任与后果;劳动与组织","02;03;06;08;10;12;13;18"
"118","4614c6c1-d48d-5eaf-9add-6c6ad70aa42d","以正视听","2026-06-07","能力与学习;选择与自由;责任与后果;成本与总账;信用与信任;照料与家庭","02;03;04;05;06;07;08;10;12;13;14;16;18"
"119","0214ec45-35a8-58ed-96d5-cd726149d10f","傻辉的爱","2026-06-05","爱与回应;财富与市场;心理与主体","03;04;05;08;10;13;14;16;17;18"
"120","05560f89-6f4c-5dd9-bbad-08cdeb4e07ba","延历寺","2026-06-05","选择与自由;责任与后果;成本与总账;边界与许可;劳动与组织","02;03;05;06;07;10;12;13;16;18"
"121","2f4296c0-b9be-5bde-93fe-28743198c351","色之为性也","2026-06-05","事实与证据;定义与达意;能力与学习;选择与自由;责任与后果;法律与秩序;文明与历史;生态与自然","02;03;07;08;09;10;11;12;13;15;16;17;18;25;31;32;33"
"122","5cee0244-616f-5e86-af29-a2dde5a6a224","错信","2026-06-05","能力与学习;选择与自由;责任与后果;成本与总账;信用与信任;劳动与组织;权力与异议;心理与主体","02;03;06;07;08;10;12;13;14;16;17;18"
"123","049b2aa6-0752-584f-86bd-0f94acd09569","欲与还休","2026-06-05","选择与自由;责任与后果;成本与总账;信用与信任;技术与工程;性别与身体","02;03;05;06;07;10;12;13;14;16;17;18;32;33"
"124","f52eb7c8-d75f-535f-a115-2d4098b93f1d","等因奉此","2026-06-04","事实与证据;责任与后果;成本与总账;劳动与组织;权力与异议;文明与历史","02;03;06;07;08;09;10;11;12;13;15;17;18;31;32;33"
"125","aa4cd5de-d4c0-5eb0-b0a6-c9c8cfc97112","十字军","2026-06-03","定义与达意;能力与学习;成本与总账;文明与历史;民族与身份","03;08;09;10;11;12;13;15;17;18;27;31;32;33"
"126","466f7b8c-c951-5e93-a7f8-dd9c091f613d","基本颜值","2026-06-02","责任与后果;成本与总账","02;03;10;12;18"
"127","97aed0c8-5326-57a7-a020-b31124698b43","奶婚","2026-06-02","选择与自由;责任与后果;成本与总账;爱与回应;权力与异议;心理与主体","02;03;04;05;07;08;10;12;14;16;17;18"
"128","bef7bbd9-4704-5eff-a357-e9a8afc12094","这山望着那山高","2026-06-02","事实与证据;文明与历史","08;09;11;13;15;17;31;32;33"
"129","190a0b7a-45d7-50b3-b4e0-d5731b737ded","沉吟至今","2026-06-02","事实与证据;文明与历史;性别与身体","05;08;09;11;13;14;15;16;17;31;32;33"
"130","96f118d4-77b3-50fe-8bd1-c407ea8fcd4e","休息处","2026-06-02","事实与证据;责任与后果;边界与许可;心理与主体;宗教与自然法","02;03;05;07;08;09;10;11;12;14;16;17;18"
"131","660c2ce5-bb23-5c33-9b63-fdd242332b73","唯一对手","2026-06-01","事实与证据;能力与学习;选择与自由;责任与后果;成本与总账;信用与信任;边界与许可;照料与家庭;劳动与组织","02;03;04;05;06;07;08;09;10;12;13;14;16;17;18"
"132","c05e173c-8c17-57fd-987c-c03275f6ff40","憋","2026-06-01","定义与达意;选择与自由;责任与后果;成本与总账;爱与回应;心理与主体","02;03;04;05;07;08;09;10;12;14;16;17;18"
"133","dea85bfc-3cce-5246-86f8-a2214a2dee34","返场贼","2026-06-01","能力与学习;责任与后果;成本与总账;权力与异议;心理与主体","02;03;07;08;10;12;13;14;17;18"
"134","f5a199b9-a46e-5efa-b2f3-74e1dfeb17bf","基本成功","2026-05-31","定义与达意;能力与学习;财富与市场;心理与主体","03;08;09;10;13;14;17;18"
"135","b942aade-6189-5f46-860f-7f04ebbc8521","拖","2026-05-30","能力与学习;责任与后果;信用与信任;劳动与组织;法律与秩序;心理与主体","02;03;06;07;08;10;12;13;14;17;18"
"136","8d5a4358-6399-5284-bab1-65b9cb91d4b3","宁不畏死2","2026-05-29","事实与证据;能力与学习;责任与后果;法律与秩序;心理与主体","02;03;07;08;09;10;12;13;14;17;18"
"137","02832bea-79b4-583c-b486-edffb34fbf9a","子不承父业","2026-05-28","事实与证据;能力与学习;选择与自由;责任与后果;成本与总账;照料与家庭;法律与秩序;文明与历史","02;03;04;05;07;08;09;10;11;12;13;14;15;16;17;18;31;32;33"
"138","4a87bd66-362e-5185-9e38-49d3dddb6452","鸡血猴","2026-05-28","能力与学习;责任与后果;成本与总账;劳动与组织","02;03;06;08;10;12;13;18"
"139","a5abe3ed-770e-571b-a698-ad9edad89603","友立思考","2026-05-28","能力与学习;选择与自由;成本与总账;照料与家庭;权力与异议;民族与身份;心理与主体","02;03;04;05;07;08;10;12;13;14;16;17;18;27;31"
"140","13abd17e-fca3-5b77-bd98-d9b3ff6aba91","你好我也好","2026-05-28","事实与证据;选择与自由;责任与后果;成本与总账;信用与信任;爱与回应;法律与秩序","02;03;04;05;06;07;08;09;10;12;14;16;17;18"
"141","31b9ca3d-c7d2-5221-a587-9f68cc0c3f58","圆滑","2026-05-27","定义与达意;能力与学习;责任与后果;成本与总账;爱与回应;法律与秩序;权力与异议","02;03;04;05;07;08;09;10;12;13;14;16;17;18"
"142","69abf070-0548-505e-8dc8-53cc20a5e995","暴虎冯河","2026-05-26","能力与学习;选择与自由;技术与工程","02;07;08;13;16;17;18;32;33"
"143","40b22e4b-7aa1-5050-8311-b8635f6c88d7","我欲仁","2026-05-26","事实与证据;定义与达意;能力与学习;选择与自由;责任与后果;心理与主体","02;03;07;08;09;10;12;13;14;16;17;18"
"144","3204a233-e257-55df-8157-8c03ae03dcaa","幸福的窗口","2026-05-24","定义与达意;能力与学习;选择与自由;责任与后果;信用与信任;爱与回应;照料与家庭;心理与主体","02;03;04;05;06;07;08;09;10;12;13;14;16;17;18"
"145","3738c1a1-bf13-58a7-afd7-ff8f6d976120","2 Shots","2026-05-23","事实与证据;定义与达意;责任与后果;成本与总账;边界与许可;权力与异议","02;03;05;07;08;09;10;12;16;17;18"
"146","4a920800-e70c-5de6-98e0-c45b0b3945d5","见怪不怪","2026-05-22","事实与证据;能力与学习;责任与后果;爱与回应;心理与主体","02;03;04;05;08;09;10;12;13;14;16;17;18"
"147","cf0e9b81-b922-540e-8db4-cc39c1b64220","爱在进行时","2026-05-20","能力与学习;责任与后果;成本与总账;信用与信任;爱与回应;边界与许可;照料与家庭","02;03;04;05;06;08;10;12;13;14;16;18"
"148","280f80e9-fc37-5ce9-b8cf-dd156f04f01f","利己的坑","2026-05-18","爱与回应","04;05;14;16"
"149","116849af-8469-5b6a-8306-42264e030e2d","族亲","2026-05-17","定义与达意;选择与自由;责任与后果","02;03;07;09;10;12;16;17;18"
"150","e4d816a9-6666-5341-8bc4-8cddd629af2e","一只小桃子","2026-05-16","能力与学习;责任与后果;成本与总账;信用与信任;爱与回应;照料与家庭;生态与自然","02;03;04;05;06;08;10;12;13;14;16;18;25;32"
"151","4ef1eb14-f858-5f57-abc9-db7e53084257","温着","2026-05-16","事实与证据;能力与学习;责任与后果;成本与总账;法律与秩序;技术与工程","02;03;07;08;09;10;12;13;17;18;32;33"
"152","7e7b636c-0e38-52d1-aea3-d6f997e8f9db","交换比","2026-05-16","事实与证据;能力与学习;选择与自由;成本与总账;照料与家庭;劳动与组织;财富与市场","02;03;04;05;06;07;08;09;10;13;14;16;17;18"
"153","0d56a917-8440-5c0e-9c34-92365b831d9a","301的隔壁","2026-05-15","能力与学习;爱与回应;权力与异议","03;04;05;07;08;12;13;14;16;18"
"154","06341286-9db1-583d-91e9-e7e25202862b","磨石","2026-05-13","定义与达意;能力与学习;责任与后果;爱与回应;边界与许可;法律与秩序;技术与工程;文明与历史","02;03;04;05;07;08;09;10;11;12;13;14;15;16;17;18;31;32;33"
"155","e4fe42a4-af2b-5966-a572-45233cdc36d7","衣冠整洁","2026-05-12","责任与后果","02;03;10;12;18"
"156","4f36dba4-e68e-5c04-b148-f3e3f473729f","怯擦边","2026-05-11","事实与证据;定义与达意;能力与学习;选择与自由;责任与后果;成本与总账;信用与信任;边界与许可;照料与家庭;劳动与组织;心理与主体;性别与身体","02;03;04;05;06;07;08;09;10;12;13;14;16;17;18"
"157","61843e2f-9230-5dc2-adf6-bb7b3416d5f6","不听老人言","2026-05-10","事实与证据;能力与学习;选择与自由;责任与后果;成本与总账;照料与家庭;法律与秩序;文明与历史;心理与主体;宗教与自然法","02;03;04;05;07;08;09;10;11;12;13;14;15;16;17;18;31;32;33"
"158","6e3bb46a-5329-598f-a963-8e0659a84d9e","不懂","2026-05-09","事实与证据;能力与学习;选择与自由;边界与许可;照料与家庭;法律与秩序;权力与异议","02;03;04;05;07;08;09;12;13;14;16;17;18"
"159","40b0dd59-e215-5ead-add2-344095509b60","桃花庵里桃花仙","2026-05-08","事实与证据;能力与学习;成本与总账;劳动与组织;财富与市场;权力与异议;技术与工程;人工智能与机器","03;06;07;08;09;10;12;13;17;18;28;29;32;33"
"160","7d2a60f5-fbf5-56b4-9971-72521ef6c046","柳下会","2026-05-08","定义与达意;责任与后果;爱与回应;财富与市场;技术与工程;人工智能与机器","02;03;04;05;09;10;12;13;14;16;17;18;28;29;32;33"
"161","7f4350bb-f5b4-5e72-a1d8-7ee70679bdff","胆小鬼大军","2026-05-08","定义与达意;能力与学习;责任与后果;成本与总账;爱与回应;照料与家庭;权力与异议;心理与主体","02;03;04;05;07;08;09;10;12;13;14;16;17;18"
"162","f03b7f78-14e3-5380-bf7b-5775065ab71e","普通妈","2026-05-08","事实与证据;责任与后果;照料与家庭","02;03;04;05;08;09;10;12;14;16;17;18"
"163","ef1a7859-eb5a-5db5-be19-408e0c03abb9","湖心岛","2026-05-08","定义与达意;责任与后果;成本与总账;边界与许可;文明与历史;民族与身份","02;03;05;09;10;11;12;13;15;16;17;18;27;31;32;33"
"164","4785488c-ee5e-5dc5-ab82-dc075fe56891","单","2026-05-07","选择与自由;爱与回应;边界与许可;心理与主体;性别与身体","02;04;05;07;08;12;14;16;17;18"
"165","171a8ff5-4f98-5575-849e-46da57be1d50","伤绳","2026-05-05","定义与达意;能力与学习;责任与后果;成本与总账;照料与家庭;财富与市场;心理与主体","02;03;04;05;08;09;10;12;13;14;16;17;18"
"166","85a7fc1a-bf16-586c-a471-b5aa3d72e4e2","共情剑","2026-05-05","能力与学习;成本与总账;爱与回应;净输出与不掠夺;照料与家庭","03;04;05;08;10;13;14;16;18"
"167","79f005aa-d531-5500-af2b-c0bf90c9af3f","右手出","2026-05-05","信用与信任;人工智能与机器","03;06;12;13;18;28;29;33"
"168","544fc42f-09b6-57b5-b5e7-99ebf872f3fc","肉闹钟","2026-05-04","定义与达意;能力与学习;选择与自由;责任与后果;信用与信任;爱与回应;照料与家庭","02;03;04;05;06;07;08;09;10;12;13;14;16;17;18"
"169","aa87b6cc-129b-5890-9161-af870f5688b5","文笔生活","2026-05-03","事实与证据;定义与达意;能力与学习;爱与回应;劳动与组织;心理与主体","04;05;06;08;09;10;13;14;16;17;18"
"170","ea23694f-594d-5dfe-8d91-bb30a56dae9c","谈情","2026-05-03","定义与达意;能力与学习;技术与工程;心理与主体;性别与身体","05;08;09;13;14;16;17;18;32;33"
"171","fac46c04-7559-5f0c-9e9e-c7335080db35","不吭声","2026-05-02","事实与证据;能力与学习;选择与自由;责任与后果;成本与总账;信用与信任;爱与回应;照料与家庭;心理与主体","02;03;04;05;06;07;08;09;10;12;13;14;16;17;18"
"172","2b7fee00-9164-5d6b-9aa4-89fda899df93","三分钟热度","2026-04-30","定义与达意;能力与学习;选择与自由;信用与信任;照料与家庭;心理与主体","02;03;04;05;06;07;08;09;12;13;14;16;17;18"
"173","e014332c-1ff2-5ebf-b6e8-078a78d9a853","小可靠","2026-04-29","定义与达意;能力与学习;选择与自由;责任与后果;成本与总账;信用与信任;边界与许可;照料与家庭;心理与主体","02;03;04;05;06;07;08;09;10;12;13;14;16;17;18"
"174","ee0f4cb3-1bc8-5d2f-bf54-82ad64c3c700","不骄的兵","2026-04-29","定义与达意;能力与学习;选择与自由;责任与后果;成本与总账;权力与异议;心理与主体;性别与身体","02;03;05;07;08;09;10;12;13;14;16;17;18"
"175","fd0f2067-0667-5598-9752-6a38316b61d4","新解","2026-04-29","能力与学习;责任与后果;成本与总账;爱与回应;边界与许可;照料与家庭;劳动与组织;财富与市场;技术与工程;文明与历史;生态与自然;人工智能与机器;心理与主体","02;03;04;05;06;08;10;11;12;13;14;15;16;17;18;25;28;29;31;32;33"
"176","e48bb30e-cb92-5206-8122-1d86eb29d863","爱有所止","2026-04-29","责任与后果;成本与总账;爱与回应;照料与家庭;心理与主体;宗教与自然法","02;03;04;05;07;08;10;11;12;14;16;17;18"
"177","df41ffb6-6f13-5218-8142-041b703e7720","左舵三","2026-04-27","能力与学习;责任与后果;照料与家庭;法律与秩序;文明与历史;心理与主体","02;03;04;05;07;08;10;11;12;13;14;15;16;17;18;31;32;33"
"178","88e5e5c3-52de-5637-a706-977a25c4d828","家务教育","2026-04-26","能力与学习;责任与后果;成本与总账;爱与回应;照料与家庭;劳动与组织;法律与秩序;技术与工程;心理与主体","02;03;04;05;06;07;08;10;12;13;14;16;17;18;32;33"
"179","54bddf76-d455-56f4-be50-d253b1e729ed","剖白","2026-04-24","事实与证据;定义与达意;选择与自由;责任与后果;成本与总账;信用与信任;净输出与不掠夺;边界与许可","02;03;05;06;07;08;09;10;12;16;17;18"
"180","045bcb74-9cfc-59b6-ad22-39c81aa3345f","洞穴拔河","2026-04-23","能力与学习;选择与自由;爱与回应;法律与秩序;权力与异议","02;03;04;05;07;08;12;13;14;16;18"
"181","812346f1-6ee7-535e-b8ea-831be66cbd37","十万八千想","2026-04-23","选择与自由;爱与回应;技术与工程;心理与主体;性别与身体","02;04;05;07;08;13;14;16;17;18;32;33"
"182","8b7d8f0d-6072-5703-bf27-dfe5c3284c5d","速写","2026-04-23","事实与证据;定义与达意;能力与学习;选择与自由;责任与后果;信用与信任;技术与工程;人工智能与机器;心理与主体","02;03;06;07;08;09;10;12;13;14;16;17;18;28;29;32;33"
"183","945a7ddc-2c94-503a-b36e-4a1c07d9b404","锚链","2026-04-23","能力与学习;选择与自由;责任与后果;成本与总账;信用与信任","02;03;06;07;08;10;12;13;16;18"
"184","07e4f47d-fa79-578a-9ab5-98661728e54f","心智未彰","2026-04-21","事实与证据;定义与达意;能力与学习;选择与自由;责任与后果;信用与信任;爱与回应;法律与秩序;权力与异议;技术与工程;文明与历史","02;03;04;05;06;07;08;09;10;11;12;13;14;15;16;17;18;31;32;33"
"185","3a5961f3-ba54-578c-82b9-ebc100405e1f","阴蓄死士","2026-04-21","能力与学习;选择与自由;成本与总账;财富与市场;权力与异议","02;03;07;08;10;12;13;16;18"
"186","41689a19-30c8-51ab-9232-7133f11ed65a","一介伟人","2026-04-21","定义与达意;能力与学习;财富与市场;心理与主体","03;08;09;10;13;14;17;18"
"187","7453735e-f564-586f-aad6-451e2e9d09a5","火力稳定","2026-04-21","定义与达意;能力与学习;选择与自由;责任与后果;成本与总账;信用与信任;爱与回应;边界与许可;法律与秩序;权力与异议;心理与主体","02;03;04;05;06;07;08;09;10;12;13;14;16;17;18"
"188","6bdc0d28-dad3-5c7e-a8ac-4315217806a9","小时了了","2026-04-20","能力与学习;成本与总账;爱与回应;技术与工程;文明与历史","03;04;05;08;10;11;13;14;15;16;17;18;31;32;33"
"189","5b0ec555-b3c8-5d72-92d7-8ed3f0d631b2","品味最高","2026-04-20","事实与证据;定义与达意;能力与学习;财富与市场","03;08;09;10;13;17;18"
"190","5824e705-914b-5bbe-9bca-d40ce55daf3b","烽火戏诸侯","2026-04-18","事实与证据;定义与达意;能力与学习;选择与自由;责任与后果;成本与总账;信用与信任;爱与回应;生态与自然;心理与主体;性别与身体","02;03;04;05;06;07;08;09;10;12;13;14;16;17;18;25;32"
"191","595a8283-7ebf-56c6-b2c2-0ba2dd989a4a","愉快的独处","2026-04-18","爱与回应;财富与市场;心理与主体","03;04;05;08;10;13;14;16;17;18"
"192","9057e6b7-b922-51a4-94e2-8444aabecf64","烟与茶","2026-04-18","能力与学习;选择与自由;心理与主体","02;07;08;13;14;16;17;18"
"193","ed3bb56c-3d95-5c07-8979-087e6ca39a03","消失的修理厂","2026-04-18","选择与自由;责任与后果;成本与总账;信用与信任;边界与许可;财富与市场;法律与秩序;生态与自然","02;03;05;06;07;10;12;13;16;18;25;32"
"194","33145356-802e-5f25-92d1-bf644bc4c154","必须可以","2026-04-18","事实与证据;定义与达意;能力与学习;选择与自由;责任与后果;成本与总账;净输出与不掠夺;边界与许可;法律与秩序;技术与工程;心理与主体","02;03;05;07;08;09;10;12;13;14;16;17;18;32;33"
"195","f61cb04e-9094-54c3-bedc-f40f7a1537b6","定向无私","2026-04-17","事实与证据;选择与自由;责任与后果;成本与总账;爱与回应;权力与异议;生态与自然","02;03;04;05;07;08;09;10;12;13;14;16;17;18;25;32"
"196","9f2d8cdf-81d5-5aee-b0ec-5b64bbe4f715","姬别霸王","2026-04-17","选择与自由;信用与信任;爱与回应;心理与主体","02;03;04;05;06;07;08;12;14;16;17;18"
"197","83b5f74d-7827-5ce7-ba98-21ac9b1b470e","苏州园","2026-04-16","技术与工程;生态与自然","13;17;18;25;32;33"
"198","9b090003-c47e-5294-9724-ca19d71155b1","化学家","2026-04-16","定义与达意;能力与学习;责任与后果;成本与总账;心理与主体","02;03;08;09;10;12;13;14;17;18"
"199","9cf7d551-3e7d-5e03-825d-2c42d54f4b0f","专业穷","2026-04-16","定义与达意;能力与学习;责任与后果;成本与总账;财富与市场;技术与工程;文明与历史","02;03;08;09;10;11;12;13;15;17;18;31;32;33"
"200","94a83d44-d7cb-5935-9382-d7a0608c93bd","Plus Ass","2026-04-16","能力与学习;爱与回应;心理与主体","04;05;08;13;14;16;17;18"
"201","3ae41f42-51af-5eaa-811d-a2fcd1ce5077","三分之一","2026-04-16","定义与达意;能力与学习;选择与自由;责任与后果;成本与总账;净输出与不掠夺;照料与家庭;劳动与组织;法律与秩序","02;03;04;05;06;07;08;09;10;12;13;14;16;17;18"
"202","1ffe6155-d7cd-57b9-b8c4-f13e9d139eed","孤单的锁","2026-04-15","能力与学习;责任与后果;成本与总账;信用与信任;爱与回应;劳动与组织;心理与主体","02;03;04;05;06;08;10;12;13;14;16;17;18"
"203","345da9c5-2501-5652-ab4f-493ee77a4bc4","好不自在","2026-04-14","定义与达意;能力与学习;选择与自由;责任与后果;成本与总账;信用与信任;劳动与组织;法律与秩序;权力与异议","02;03;06;07;08;09;10;12;13;16;17;18"
"204","600abcc6-eb95-5cd3-9dfb-81812521c741","知性压抑","2026-04-14","定义与达意;能力与学习;选择与自由;性别与身体","02;05;07;08;09;13;14;16;17;18"
"205","c910978e-95b9-5cd3-8906-003309df77fb","新教育2","2026-04-14","定义与达意;能力与学习;成本与总账;劳动与组织;财富与市场;法律与秩序;权力与异议;技术与工程;人工智能与机器;心理与主体","03;06;07;08;09;10;12;13;14;17;18;28;29;32;33"
"206","e08db168-9cf9-5e05-99af-fb2bcc31ed83","绝对乐观者","2026-04-14","定义与达意;心理与主体;宗教与自然法","07;08;09;11;14;17;18"
"207","01d31df2-e0ba-5bdb-a91e-525d15629a0f","捉影","2026-04-14","事实与证据;能力与学习;选择与自由;成本与总账;心理与主体","02;03;07;08;09;10;13;14;16;17;18"
"208","7d40ff51-8245-5989-b90a-edd964e96a7b","好战之徒","2026-04-14","能力与学习;责任与后果;成本与总账;信用与信任;劳动与组织;法律与秩序;技术与工程","02;03;06;07;08;10;12;13;17;18;32;33"
"209","52fda789-93aa-5e06-a831-ca1a8babb51f","友道漫长","2026-04-13","事实与证据;能力与学习;选择与自由;信用与信任;爱与回应;照料与家庭;劳动与组织;心理与主体","02;03;04;05;06;07;08;09;10;12;13;14;16;17;18"
"210","03f27a95-9ac9-5aa7-b3b1-afeb1c191742","营销当头","2026-04-12","能力与学习;选择与自由;责任与后果;成本与总账;边界与许可;照料与家庭;法律与秩序","02;03;04;05;07;08;10;12;13;14;16;18"
"211","689ce568-2d79-5e8b-993e-8671d4d784ec","哈哈镜","2026-04-11","能力与学习;选择与自由;责任与后果;信用与信任;爱与回应;净输出与不掠夺;文明与历史","02;03;04;05;06;07;08;10;11;12;13;14;15;16;18;31;32;33"
"212","3e5f464c-4eea-584f-b3cc-93ee6ae83fd0","拉磨冠军","2026-04-10","定义与达意;能力与学习;选择与自由;责任与后果;信用与信任;边界与许可;法律与秩序;权力与异议","02;03;05;06;07;08;09;10;12;13;16;17;18"
"213","67fbbce1-f010-5bce-8a2e-838672e2cb17","慢反击","2026-04-10","事实与证据;能力与学习;选择与自由;责任与后果;成本与总账;信用与信任;爱与回应;边界与许可;法律与秩序","02;03;04;05;06;07;08;09;10;12;13;14;16;17;18"
"214","d752f922-e348-522a-ac2b-a38ab286c6d7","金边","2026-04-10","定义与达意;能力与学习;信用与信任;边界与许可;劳动与组织;心理与主体;性别与身体","03;05;06;08;09;10;12;13;14;16;17;18"
"215","9ac138e0-6cd8-5e8f-a262-8a013bb3a0f3","委屈","2026-04-10","事实与证据;定义与达意;信用与信任;爱与回应;心理与主体;性别与身体","03;04;05;06;08;09;12;14;16;17;18"
"216","aaaccd6e-c894-5631-b921-6c1e74ec4fb9","亲爱无比","2026-04-09","事实与证据;定义与达意;能力与学习;选择与自由;责任与后果;成本与总账;信用与信任;爱与回应;净输出与不掠夺;照料与家庭;法律与秩序","02;03;04;05;06;07;08;09;10;12;13;14;16;17;18"
"217","4c773c25-4610-521e-a722-703f632213b1","医自医","2026-04-08","能力与学习;责任与后果;成本与总账;心理与主体","02;03;08;10;12;13;14;17;18"
"218","52e1b64c-dbca-5e72-99b8-10fd9b77be22","好猫猫","2026-04-08","事实与证据;定义与达意;能力与学习;成本与总账;信用与信任;照料与家庭;心理与主体","03;04;05;06;08;09;10;12;13;14;16;17;18"
"219","5c70be52-9088-5e90-a8d2-7c811ce4279f","理解的谅解","2026-04-08","爱与回应","04;05;14;16"
"220","ac4a4d46-61b4-5fc7-a105-a187ce3de43d","先展后奏","2026-04-08","能力与学习;选择与自由;信用与信任;边界与许可;技术与工程;文明与历史","02;03;05;06;07;08;11;12;13;15;16;17;18;31;32;33"
"221","ed8f609d-5cec-5177-aefb-df20dda06411","泯然","2026-04-07","定义与达意;能力与学习;责任与后果;劳动与组织;财富与市场;心理与主体","02;03;06;08;09;10;12;13;14;17;18"
"222","4ae80ced-330c-5b12-8909-d43fe32417c7","不压身","2026-04-06","定义与达意;能力与学习;选择与自由;责任与后果;成本与总账;边界与许可","02;03;05;07;08;09;10;12;13;16;17;18"
"223","c0242e43-fb16-5f73-8461-49d9bed4f8d1","艰难谈话的基本原则","2026-04-05","定义与达意;选择与自由;责任与后果;信用与信任;爱与回应;边界与许可;劳动与组织;心理与主体;性别与身体","02;03;04;05;06;07;08;09;10;12;13;14;16;17;18"
"224","0b902ea5-34a9-52f6-b966-0d946631f92b","野人","2026-04-05","能力与学习;选择与自由;责任与后果;成本与总账;边界与许可;法律与秩序;心理与主体;性别与身体","02;03;05;07;08;10;12;13;14;16;17;18"
"225","138c8de0-94b1-5da4-9a85-cda0712aea6a","完美这事","2026-04-04","定义与达意;选择与自由;责任与后果;成本与总账;信用与信任;劳动与组织;技术与工程","02;03;06;07;09;10;12;13;16;17;18;32;33"
"226","86814eb9-4ef2-58a6-a00a-90b981efd1d8","白磷","2026-04-03","事实与证据;选择与自由;责任与后果;爱与回应;技术与工程","02;03;04;05;07;08;09;10;12;13;14;16;17;18;32;33"
"227","13daa226-fda2-5d39-ab73-0636b3532679","缘缘不绝","2026-04-02","能力与学习;选择与自由;责任与后果;成本与总账;信用与信任;爱与回应;照料与家庭;心理与主体","02;03;04;05;06;07;08;10;12;13;14;16;17;18"
"228","3299fd19-4b39-58cc-b95b-73d6fda735df","靶盾","2026-04-02","能力与学习;责任与后果;成本与总账;信用与信任;爱与回应;照料与家庭;财富与市场;性别与身体","02;03;04;05;06;08;10;12;13;14;16;18"
"229","6bc3f500-a6a1-545e-8183-dd51e8944154","无得谈","2026-04-02","选择与自由;责任与后果;成本与总账;爱与回应;边界与许可;照料与家庭;劳动与组织;心理与主体","02;03;04;05;06;07;08;10;12;13;14;16;17;18"
"230","0f0731bf-bc8d-5761-9254-59e7df37687f","1.01","2026-03-31","能力与学习;财富与市场;心理与主体;性别与身体","03;05;08;10;13;14;16;17;18"
"231","5e309b60-93d9-5661-bf0e-dc1ff03f3478","论情绪价值","2026-03-31","定义与达意;能力与学习;责任与后果;成本与总账;信用与信任;爱与回应;心理与主体;性别与身体","02;03;04;05;06;08;09;10;12;13;14;16;17;18"
"232","8c003e8e-8019-5beb-a424-d53c0a7a041d","余庆","2026-03-31","选择与自由;责任与后果;信用与信任;爱与回应;照料与家庭","02;03;04;05;06;07;10;12;14;16;18"
"233","93782c9b-d135-51a4-92c5-ed47add4b87a","橡树","2026-03-31","定义与达意;能力与学习;责任与后果;成本与总账;照料与家庭;劳动与组织;法律与秩序;心理与主体","02;03;04;05;06;07;08;09;10;12;13;14;16;17;18"
"234","573e1524-6648-58cf-8995-ba9467c7f9a8","不成文者","2026-03-31","事实与证据;选择与自由;责任与后果;成本与总账;信用与信任;爱与回应;心理与主体","02;03;04;05;06;07;08;09;10;12;14;16;17;18"
"235","e76c399d-5fe5-562a-a63a-59ce2cb8466f","童言","2026-03-30","能力与学习;责任与后果;爱与回应;权力与异议;文明与历史;心理与主体;宗教与自然法","02;03;04;05;07;08;10;11;12;13;14;15;16;17;18;31;32;33"
"236","f07ab86c-c47c-5502-a6be-79223813316f","故事会","2026-03-29","事实与证据;能力与学习;成本与总账;爱与回应;劳动与组织;心理与主体","03;04;05;06;08;09;10;13;14;16;17;18"
"237","1d8364c9-c8b5-57cf-b18a-d37d6982b624","畏威怀德","2026-03-28","事实与证据;权力与异议","03;07;08;09;12;17;18"
"238","4970feaf-93ab-524f-9038-b2efa0eb2325","孰轻孰重","2026-03-27","选择与自由;心理与主体","02;07;08;14;16;17;18"
"239","a7e43d70-6aff-5c9e-98ee-14bedd5eec5f","高老庄取经","2026-03-26","能力与学习;责任与后果;照料与家庭;技术与工程;心理与主体","02;03;04;05;08;10;12;13;14;16;17;18;32;33"
"240","21dbfaf9-56d1-5530-8fb9-e06388feb39a","为人必贤","2026-03-25","事实与证据;能力与学习;选择与自由;成本与总账;爱与回应;边界与许可;法律与秩序;文明与历史","02;03;04;05;07;08;09;10;11;12;13;14;15;16;17;18;31;32;33"
"241","6083a941-6bb5-5266-95dc-39916756b5bc","多些从容","2026-03-25","能力与学习;选择与自由;成本与总账;信用与信任;劳动与组织;心理与主体","02;03;06;07;08;10;12;13;14;16;17;18"
"242","98fdca96-b5f8-57e3-bae6-e6299c735b73","恭惟","2026-03-25","定义与达意;能力与学习;选择与自由;边界与许可;劳动与组织","02;05;06;07;08;09;10;12;13;16;17;18"
"243","c3db643c-12ad-5b7b-ad3d-a6d940ab1aaf","拿蛇的人","2026-03-25","事实与证据;定义与达意;能力与学习;成本与总账;爱与回应;照料与家庭;财富与市场;法律与秩序;技术与工程;文明与历史;心理与主体","03;04;05;07;08;09;10;11;12;13;14;15;16;17;18;31;32;33"
"244","9e5e4632-dd70-5f80-bddf-2d8763870daa","三认","2026-03-25","定义与达意;能力与学习;责任与后果;成本与总账","02;03;08;09;10;12;13;17;18"
"245","d44f1ba5-402e-5eee-93ab-3dad38bd0cc7","阑珊处","2026-03-23","选择与自由;爱与回应;边界与许可;技术与工程;心理与主体","02;04;05;07;08;12;13;14;16;17;18;32;33"
"246","102638a6-0145-5d3d-9484-2ca10b1b8eac","语不及私2","2026-03-22","能力与学习;责任与后果;成本与总账;爱与回应;边界与许可;照料与家庭;劳动与组织;权力与异议;心理与主体","02;03;04;05;06;07;08;10;12;13;14;16;17;18"
"247","8b54fb3f-ae82-505c-9b19-658fa72dc403","不落伍","2026-03-22","能力与学习;心理与主体","08;13;14;17;18"
"248","25746513-cdd3-5a84-9f85-70b71fb1410b","晚餐会","2026-03-22","能力与学习;责任与后果;照料与家庭;劳动与组织;法律与秩序;文明与历史;心理与主体","02;03;04;05;06;07;08;10;11;12;13;14;15;16;17;18;31;32;33"
"249","eb33a4e1-2008-5435-b6f8-530b350fe196","大补","2026-03-21","定义与达意;信用与信任;技术与工程;心理与主体","03;06;08;09;12;13;14;17;18;32;33"
"250","41bf9083-6a75-5253-9bdb-6fdc60298556","拱桥","2026-03-20","定义与达意;能力与学习;选择与自由;责任与后果;爱与回应;心理与主体","02;03;04;05;07;08;09;10;12;13;14;16;17;18"
"251","f25d6717-47e8-5025-bfb5-cb0a0f75700c","新教育","2026-03-20","事实与证据;能力与学习;责任与后果;成本与总账;照料与家庭;技术与工程;文明与历史;生态与自然;人工智能与机器","02;03;04;05;08;09;10;11;12;13;14;15;16;17;18;25;28;29;31;32;33"
"252","ffd410b3-cfc0-59bc-a5b6-4e7a1f6266bd","情得自禁","2026-03-20","定义与达意;选择与自由;责任与后果;成本与总账;信用与信任;爱与回应;心理与主体;性别与身体","02;03;04;05;06;07;08;09;10;12;14;16;17;18"
"253","9f3824fd-e90a-5e11-843f-037223bb45f8","没得聊","2026-03-20","能力与学习;爱与回应","04;05;08;13;14;16;18"
"254","05b18c10-1091-50b8-afdf-a3b8ba530a63","自知之明","2026-03-18","事实与证据;定义与达意;能力与学习;边界与许可;权力与异议","03;05;07;08;09;12;13;16;17;18"
"255","8a59e0ff-b610-5f32-967d-a163a4877c5a","不能不会","2026-03-18","能力与学习;选择与自由;成本与总账;爱与回应;照料与家庭;技术与工程;心理与主体","02;03;04;05;07;08;10;13;14;16;17;18;32;33"
"256","28dabaeb-9bff-5dc2-a4d1-148cd877fe79","奇货","2026-03-17","能力与学习;选择与自由;责任与后果;成本与总账;信用与信任;爱与回应;照料与家庭;财富与市场","02;03;04;05;06;07;08;10;12;13;14;16;18"
"257","40fd8752-832a-55ba-9331-537548da7a05","勿以善小","2026-03-17","能力与学习;选择与自由;爱与回应;照料与家庭;财富与市场","02;03;04;05;07;08;10;13;14;16;18"
"258","5128da84-34a8-5638-84c0-d7ff97a2ce15","噩梦","2026-03-17","能力与学习;选择与自由;成本与总账;边界与许可;劳动与组织;权力与异议;心理与主体","02;03;05;06;07;08;10;12;13;14;16;17;18"
"259","d64a3e66-b0c5-5d1a-8ef0-38a904f001b4","一个好人","2026-03-17","选择与自由;成本与总账;爱与回应;照料与家庭","02;03;04;05;07;10;14;16;18"
"260","f222e096-db6a-5da1-9b54-f1b88e85f7bd","悠游白书","2026-03-17","事实与证据;能力与学习;选择与自由;成本与总账;边界与许可;照料与家庭;劳动与组织;财富与市场;权力与异议;文明与历史","02;03;04;05;06;07;08;09;10;11;12;13;14;15;16;17;18;31;32;33"
"261","663fe09b-a156-5113-858f-b078e165a583","不问马","2026-03-17","能力与学习;责任与后果;信用与信任;爱与回应;照料与家庭;心理与主体;性别与身体","02;03;04;05;06;08;10;12;13;14;16;17;18"
"262","4d19acd1-3299-5a59-9f1f-b15677a0d2d3","爱不受辱","2026-03-16","能力与学习;选择与自由;责任与后果;成本与总账;信用与信任;爱与回应;净输出与不掠夺;边界与许可;法律与秩序;权力与异议","02;03;04;05;06;07;08;10;12;13;14;16;18"
"263","42d508a4-ee97-5e97-8b57-86479652fb18","绝情谷主","2026-03-13","能力与学习;选择与自由;责任与后果;成本与总账;信用与信任;爱与回应;边界与许可;宗教与自然法","02;03;04;05;06;07;08;10;11;12;13;14;16;18"
"264","452d88fa-a89d-5cd7-9fdc-abf8b6ff8f26","无断点","2026-03-13","能力与学习;选择与自由;责任与后果;劳动与组织;文明与历史","02;03;06;07;08;10;11;12;13;15;16;18;31;32;33"
"265","58db9a45-6d0b-58bf-8432-5ff5376efb3b","家范","2026-03-13","事实与证据;选择与自由;劳动与组织;财富与市场","02;03;06;07;08;09;10;13;16;17;18"
"266","97498d05-49fb-55e0-afd7-7502d9ce8065","笨蛋","2026-03-13","定义与达意;能力与学习;文明与历史","08;09;11;13;15;17;18;31;32;33"
"267","b7095215-db9c-592e-98fc-1fbc0a72997c","熊猫之旅","2026-03-13","能力与学习;心理与主体;性别与身体","05;08;13;14;16;17;18"
"268","decc0de3-f97f-57d1-b689-c578bdea0636","敏感问题","2026-03-13","事实与证据;定义与达意;成本与总账;爱与回应;劳动与组织","03;04;05;06;08;09;10;13;14;16;17;18"
"269","040089b9-99b0-5bac-ba09-b50ad5c880d5","除胶计","2026-03-11","选择与自由;技术与工程","02;07;13;16;17;18;32;33"
"270","cb29a58d-31af-5d5d-a547-e2d4498c0f48","何谓之迟","2026-03-11","能力与学习;选择与自由;责任与后果;成本与总账;信用与信任;爱与回应;边界与许可;照料与家庭;财富与市场","02;03;04;05;06;07;08;10;12;13;14;16;18"
"271","6b748b1b-f55e-5bb6-81f4-2504efc8f73b","大祀","2026-03-10","事实与证据;能力与学习;选择与自由;责任与后果;成本与总账;信用与信任;劳动与组织;财富与市场;法律与秩序;权力与异议;心理与主体","02;03;06;07;08;09;10;12;13;14;16;17;18"
"272","75cb874d-7bb9-5b0a-8fdb-ffa17a8af214","恩科","2026-03-10","定义与达意;能力与学习;爱与回应;心理与主体","04;05;08;09;13;14;16;17;18"
"273","d5ec9604-a476-5187-8acf-cad78c382dc3","不招嫉","2026-03-10","选择与自由;责任与后果;成本与总账;边界与许可;法律与秩序;心理与主体;宗教与自然法","02;03;05;07;08;10;11;12;14;16;17;18"
"274","4b58b497-b166-5fc7-86b5-ad7b9ce9fea1","无受怨","2026-03-10","责任与后果;照料与家庭;劳动与组织;心理与主体","02;03;04;05;06;08;10;12;13;14;16;17;18"
"275","57ae1a1b-fc62-5461-ac1d-3eea2ba23ae8","心不动","2026-03-05","能力与学习;责任与后果;爱与回应;照料与家庭;技术与工程;文明与历史;心理与主体","02;03;04;05;08;10;11;12;13;14;15;16;17;18;31;32;33"
"276","c60500a8-98a8-54db-9156-9929d8af8ce3","刺青","2026-03-05","能力与学习;责任与后果;成本与总账;信用与信任;边界与许可;财富与市场;心理与主体;性别与身体","02;03;05;06;08;10;12;13;14;16;17;18"
"277","8e417e62-3de1-57ad-9850-70316591e800","叛军","2026-03-03","能力与学习;选择与自由;成本与总账;边界与许可;劳动与组织;法律与秩序;权力与异议;文明与历史","02;03;05;06;07;08;10;11;12;13;15;16;18;31;32;33"
"278","973d2ea1-a5b1-5dc8-8747-76cdbebfa32d","坚持的前提","2026-03-03","能力与学习;爱与回应;照料与家庭;财富与市场;法律与秩序;权力与异议;技术与工程;文明与历史;民族与身份","03;04;05;07;08;10;11;12;13;14;15;16;17;18;27;31;32;33"
"279","d26b09fb-ecb5-5fbc-bb1e-cee41fce33ee","死之花","2026-03-03","定义与达意;选择与自由;责任与后果;成本与总账;爱与回应;边界与许可;法律与秩序;文明与历史","02;03;04;05;07;09;10;11;12;13;14;15;16;17;18;31;32;33"
"280","d79ed250-d3bd-57f6-b46d-67d673de8a55","塑料保鲜袋","2026-03-03","事实与证据;选择与自由;成本与总账;信用与信任","02;03;06;07;08;09;10;12;16;17;18"
"281","3ef14faa-66b1-5ac5-a7f8-5cf845b49e0a","丑时","2026-03-03","定义与达意;技术与工程","09;13;17;18;32;33"
"282","4fd8de7a-6ac3-5e4c-9c43-c48a803bfa72","轻轻的朋友","2026-03-02","定义与达意;选择与自由;责任与后果;成本与总账;爱与回应;边界与许可;照料与家庭;权力与异议","02;03;04;05;07;09;10;12;14;16;17;18"
"283","804adf0c-ed4e-5815-a048-305a92836b4d","残而器","2026-03-01","能力与学习;选择与自由;边界与许可;心理与主体","02;05;07;08;12;13;14;16;17;18"
"284","393616a4-e6c8-51a6-b8ec-ef5cbd3dc5d1","大可爱","2026-03-01","选择与自由;责任与后果;成本与总账;信用与信任;爱与回应;边界与许可;照料与家庭;生态与自然;心理与主体","02;03;04;05;06;07;08;10;12;13;14;16;17;18;25;32"
"285","fa9c48a5-555b-56b7-81ca-82f647c6c93f","没事","2026-03-01","事实与证据;能力与学习;信用与信任;爱与回应;劳动与组织;心理与主体","03;04;05;06;08;09;10;12;13;14;16;17;18"
"286","5845c1fa-dd22-522a-bb7b-2c5b38e56e16","两重放大","2026-03-01","定义与达意;能力与学习;责任与后果;爱与回应","02;03;04;05;08;09;10;12;13;14;16;17;18"
"287","6c9de5c8-a892-5096-b987-d94062951c99","问鸟","2026-03-01","定义与达意;能力与学习;责任与后果;爱与回应;照料与家庭;技术与工程","02;03;04;05;08;09;10;12;13;14;16;17;18;32;33"
"288","be6d8056-aff6-56c2-86ac-a225d33dd698","救道","2026-02-28","事实与证据;定义与达意;选择与自由;责任与后果;成本与总账;爱与回应;边界与许可;权力与异议","02;03;04;05;07;08;09;10;12;14;16;17;18"
"289","6d974e26-ade5-5ab3-8821-c4f460ceccaa","无咎","2026-02-26","事实与证据;责任与后果;爱与回应;权力与异议;心理与主体;宗教与自然法","02;03;04;05;07;08;09;10;11;12;14;16;17;18"
"290","12cfe1ee-93e9-5cb0-b671-9ca5c87b0ea8","稳","2026-02-26","定义与达意;能力与学习;责任与后果;成本与总账;爱与回应;照料与家庭;技术与工程;心理与主体","02;03;04;05;08;09;10;12;13;14;16;17;18;32;33"
"291","59a4b8e9-073c-5185-b837-61958dc2bb9b","五件套","2026-02-26","责任与后果;成本与总账;财富与市场","02;03;10;12;13;18"
"292","61312d52-7a3f-528d-a0c5-a8e1cc36c8cf","村级恋爱","2026-02-26","定义与达意;选择与自由;爱与回应;边界与许可;法律与秩序;权力与异议","02;03;04;05;07;09;12;14;16;17;18"
"293","878fb805-8cc4-5154-be03-9e2df4cdaa52","糖水","2026-02-26","能力与学习;成本与总账;技术与工程","03;08;10;13;17;18;32;33"
"294","57373afd-ddd4-5c4d-9e94-879088a6a02e","光","2026-02-25","能力与学习;信用与信任;爱与回应;边界与许可","03;04;05;06;08;12;13;14;16;18"
"295","5b409dd5-b59d-515b-816e-f0689018e8a4","不待见","2026-02-24","能力与学习;选择与自由;责任与后果;成本与总账;劳动与组织;权力与异议;文明与历史","02;03;06;07;08;10;11;12;13;15;16;18;31;32;33"
"296","bdd80245-d1df-57e6-b27b-dbaab2869bc1","不站队","2026-02-24","事实与证据;定义与达意;责任与后果;成本与总账;信用与信任;爱与回应;照料与家庭;权力与异议","02;03;04;05;06;07;08;09;10;12;14;16;17;18"
"297","8fe7f224-3743-5c7a-bf84-65071f35efd6","虎斑观音","2026-02-23","能力与学习;成本与总账;信用与信任;爱与回应;净输出与不掠夺;照料与家庭;劳动与组织;技术与工程","03;04;05;06;08;10;12;13;14;16;17;18;32;33"
"298","f784d9d0-16ce-5fcb-9d22-77e05a828dca","租面人","2026-02-23","选择与自由;责任与后果;成本与总账;边界与许可;劳动与组织;财富与市场;法律与秩序;权力与异议;技术与工程;文明与历史;人工智能与机器","02;03;05;06;07;10;11;12;13;15;16;17;18;28;29;31;32;33"
"299","fc18c411-c7ec-5199-a528-0827c9aa803e","布老虎","2026-02-23","选择与自由;责任与后果;成本与总账;照料与家庭;法律与秩序;权力与异议;技术与工程;心理与主体;宗教与自然法","02;03;04;05;07;08;10;11;12;13;14;16;17;18;32;33"
"300","da164ad4-bba4-5cea-8813-aa7317be3173","背箱子的人","2026-02-23","事实与证据;选择与自由;文明与历史","02;07;08;09;11;13;15;16;17;18;31;32;33"
"301","0f2d3529-3ca5-5f48-8dfa-58bb77ca47c0","赛的是人","2026-02-23","责任与后果;爱与回应;边界与许可;劳动与组织;权力与异议;技术与工程;人工智能与机器","02;03;04;05;06;07;10;12;13;14;16;17;18;28;29;32;33"
"302","69a5f21a-0a81-5461-b421-b5fa8416e783","天光","2026-02-23","成本与总账;爱与回应;照料与家庭;劳动与组织;文明与历史;生态与自然;心理与主体","03;04;05;06;08;10;11;13;14;15;16;17;18;25;31;32;33"
"303","cb9964b0-6a32-5868-a88c-2b80509612e8","不认不可","2026-02-22","责任与后果;成本与总账;爱与回应;心理与主体","02;03;04;05;08;10;12;14;16;17;18"
"304","9941130a-21b4-5575-9a9a-e678654ac3c2","无苦之乐","2026-02-21","定义与达意;能力与学习;选择与自由;责任与后果;爱与回应;边界与许可;法律与秩序;心理与主体;性别与身体","02;03;04;05;07;08;09;10;12;13;14;16;17;18"
"305","ffbd402b-1b20-54c0-8aeb-b73f37cc6b5b","不乱衣","2026-02-17","选择与自由","02;07;16;18"
"306","8c4f112f-9b5b-5a4c-907d-c50860441c71","最不坏的安排","2026-02-16","能力与学习;责任与后果;照料与家庭;法律与秩序;权力与异议;心理与主体","02;03;04;05;07;08;10;12;13;14;16;17;18"
"307","dc0f95a5-dea0-5e23-a4f9-0d641656aa3c","闲趣","2026-02-14","能力与学习;选择与自由;责任与后果;成本与总账;爱与回应;边界与许可;劳动与组织;财富与市场;权力与异议;心理与主体;性别与身体","02;03;04;05;06;07;08;10;12;13;14;16;17;18"
"308","03c5d063-ce66-5922-a4e4-353a60f8a3b7","AUI","2026-02-12","事实与证据;定义与达意;能力与学习;责任与后果;成本与总账;爱与回应;权力与异议;技术与工程;文明与历史;生态与自然;人工智能与机器;宗教与自然法","02;03;04;05;07;08;09;10;11;12;13;14;15;16;17;18;25;28;29;31;32;33"
"309","2ae6669c-a1a2-561b-b761-7466a0a67a66","该动不动","2026-02-12","选择与自由;责任与后果;成本与总账;信用与信任;劳动与组织;财富与市场;心理与主体","02;03;06;07;08;10;12;13;14;16;17;18"
"310","6e5df6b6-cc63-53d5-a97e-be238b41d361","车道问题","2026-02-12","定义与达意;能力与学习;选择与自由;责任与后果;成本与总账;爱与回应;边界与许可;法律与秩序;宗教与自然法","02;03;04;05;07;08;09;10;11;12;13;14;16;17;18"
"311","fc79599e-27dd-56c6-a70f-2e17d7af252d","坠天使","2026-02-12","定义与达意;能力与学习;选择与自由;责任与后果;成本与总账;爱与回应;照料与家庭;法律与秩序;权力与异议;性别与身体","02;03;04;05;07;08;09;10;12;13;14;16;17;18"
"312","062b2bad-4348-5c1d-895e-83d0f0b1c037","应分困难","2026-02-12","事实与证据;能力与学习;选择与自由;责任与后果;信用与信任;劳动与组织;技术与工程","02;03;06;07;08;09;10;12;13;16;17;18;32;33"
"313","5f849e6b-a50d-5f33-bda8-6df110bc7c25","不拆台","2026-02-11","定义与达意;能力与学习;责任与后果;边界与许可;照料与家庭;法律与秩序;权力与异议","02;03;04;05;07;08;09;10;12;13;14;16;17;18"
"314","000eeb82-5cac-5e7f-a22b-fb8949aa1b12","一意孤行","2026-02-11","事实与证据;定义与达意;责任与后果;成本与总账;信用与信任;爱与回应;心理与主体","02;03;04;05;06;08;09;10;12;14;16;17;18"
"315","29e86c3a-4927-58ba-b930-5a406035e0b2","无价之爱","2026-02-11","能力与学习;责任与后果;爱与回应;照料与家庭;技术与工程","02;03;04;05;08;10;12;13;14;16;17;18;32;33"
"316","463b7393-59fa-5014-a19b-4f653e7366ad","贤妻良母","2026-02-10","定义与达意;边界与许可;照料与家庭;文明与历史;性别与身体","04;05;09;11;12;13;14;15;16;17;18;31;32;33"
"317","61ba1ab9-4f3d-54b2-8b54-a8ab10fb71aa","无关之爱","2026-02-10","定义与达意;选择与自由;责任与后果;爱与回应;净输出与不掠夺;边界与许可;文明与历史;心理与主体","02;03;04;05;07;08;09;10;11;12;13;14;15;16;17;18;31;32;33"
"318","1bf38026-1ae2-5646-bcb4-3ecf6ab10396","尴尬坏","2026-02-09","能力与学习;选择与自由;成本与总账;信用与信任;心理与主体","02;03;06;07;08;10;12;13;14;16;17;18"
"319","83be7156-1c2c-53c1-ba85-ecb33fe27d44","下不为例","2026-02-09","能力与学习;选择与自由;责任与后果;成本与总账;信用与信任;边界与许可","02;03;05;06;07;08;10;12;13;16;18"
"320","0bcede2a-ccc7-5efc-a8c5-45870501b659","一生之策","2026-02-08","事实与证据;能力与学习;选择与自由;成本与总账;信用与信任;爱与回应;净输出与不掠夺;照料与家庭;技术与工程","02;03;04;05;06;07;08;09;10;12;13;14;16;17;18;32;33"
"321","2b9e02b6-54f9-5d22-a934-7bfa6e22f32b","小工程","2026-02-07","事实与证据;能力与学习;选择与自由;成本与总账;信用与信任;净输出与不掠夺;照料与家庭;劳动与组织;权力与异议;心理与主体","02;03;04;05;06;07;08;09;10;12;13;14;16;17;18"
"322","bc38dd41-579c-596c-bf2d-c6a0cf502354","我不够好","2026-02-07","事实与证据;定义与达意;能力与学习;选择与自由;责任与后果;爱与回应;心理与主体","02;03;04;05;07;08;09;10;12;13;14;16;17;18"
"323","afdd08c8-c5c5-549b-932e-b90cb53ebd4e","言不传身不教","2026-02-06","事实与证据;能力与学习;责任与后果;爱与回应;边界与许可;照料与家庭;法律与秩序;心理与主体","02;03;04;05;07;08;09;10;12;13;14;16;17;18"
"324","1fb84c95-4a52-5785-88be-caa32ceffb5f","实事求是","2026-02-05","事实与证据;定义与达意;能力与学习;责任与后果;成本与总账;边界与许可;文明与历史","02;03;05;08;09;10;11;12;13;15;16;17;18;31;32;33"
"325","1931c0b2-0b45-507d-9bf4-7f5d8be7a99e","前搭后补","2026-02-04","事实与证据;定义与达意;能力与学习;成本与总账;爱与回应;边界与许可;法律与秩序","03;04;05;07;08;09;10;12;13;14;16;17;18"
"326","b4d45db9-8621-552a-ae71-cbf4ec7ebe6a","绝顶聪明","2026-02-04","选择与自由;成本与总账;爱与回应;劳动与组织;财富与市场;文明与历史;心理与主体","02;03;04;05;06;07;08;10;11;13;14;15;16;17;18;31;32;33"
"327","f95e922e-6697-5c62-a1e9-a98d5d8de66f","出息x2","2026-02-04","能力与学习;责任与后果;成本与总账;爱与回应;照料与家庭;财富与市场;法律与秩序;心理与主体","02;03;04;05;07;08;10;12;13;14;16;17;18"
"328","79dd6d6b-f813-529a-bd1f-92f5253e4d28","中年的价值","2026-02-04","定义与达意;能力与学习;成本与总账;信用与信任;照料与家庭;劳动与组织;心理与主体","03;04;05;06;08;09;10;12;13;14;16;17;18"
"329","13cc4692-bcf6-561a-8732-a1b66a37ceb2","眠与食","2026-02-03","责任与后果;信用与信任;爱与回应;劳动与组织;心理与主体","02;03;04;05;06;08;10;12;13;14;16;17;18"
"330","bd8b031f-f746-50e1-b56c-a978ea1b39af","不当超人","2026-02-03","事实与证据;责任与后果;边界与许可;生态与自然","02;03;05;08;09;10;12;13;16;17;18;25;32"
"331","ee9340c9-a384-5bc1-b013-76e2647fe1c7","小杯具","2026-02-03","定义与达意;责任与后果;爱与回应;心理与主体","02;03;04;05;08;09;10;12;14;16;17;18"
"332","daadf9cc-e509-57dd-9a7c-7928fef1be3f","ai教学","2026-02-03","能力与学习;选择与自由;成本与总账;净输出与不掠夺;劳动与组织;技术与工程;人工智能与机器","02;03;05;06;07;08;10;13;16;17;18;28;29;32;33"
"333","9d9979c9-fbed-5ebe-8ff3-68d700dfd917","手停口停","2026-02-03","事实与证据;能力与学习;成本与总账;信用与信任;边界与许可;照料与家庭;财富与市场;技术与工程","03;04;05;06;08;09;10;12;13;14;16;17;18;32;33"
"334","3fb21991-52c6-5872-9283-a35303f1f31e","不落空","2026-02-02","能力与学习;选择与自由;责任与后果;信用与信任;爱与回应;照料与家庭;生态与自然;心理与主体","02;03;04;05;06;07;08;10;12;13;14;16;17;18;25;32"
"335","2d053b6c-1878-5055-86a7-89fc6ee4552f","二胎结","2026-02-02","能力与学习;责任与后果;成本与总账;信用与信任;爱与回应;净输出与不掠夺;边界与许可;照料与家庭;劳动与组织;财富与市场;法律与秩序","02;03;04;05;06;07;08;10;12;13;14;16;18"
"336","8c72c162-4de1-5501-9b4d-ab3d73eb1656","少年当家","2026-02-01","事实与证据;定义与达意;能力与学习;责任与后果;爱与回应;照料与家庭;心理与主体","02;03;04;05;08;09;10;12;13;14;16;17;18"
"337","5448bbfd-ad64-59db-85ec-21ea018e7ab8","文明与野蛮","2026-02-01","能力与学习;责任与后果;成本与总账;劳动与组织;技术与工程;文明与历史","02;03;06;08;10;11;12;13;15;17;18;31;32;33"
"338","06321acb-1e12-52ac-b56a-3e2998196c76","戏彩娱亲","2026-02-01","能力与学习;责任与后果;成本与总账;爱与回应;法律与秩序;权力与异议;技术与工程;文明与历史;心理与主体","02;03;04;05;07;08;10;11;12;13;14;15;16;17;18;31;32;33"
"339","0c6cee44-a052-5bca-a25a-36aa14e82916","应付","2026-01-31","能力与学习;选择与自由;成本与总账;信用与信任;边界与许可;财富与市场;法律与秩序","02;03;05;06;07;08;10;12;13;16;18"
"340","b9f8c90c-a34b-53a0-8866-783913e66b7e","不等长大","2026-01-31","能力与学习;责任与后果;照料与家庭;劳动与组织;生态与自然;心理与主体","02;03;04;05;06;08;10;12;13;14;16;17;18;25;32"
"341","dc6f13e1-62df-5155-adcc-f78b7cdf52d7","惊不惊喜","2026-01-31","定义与达意;能力与学习;选择与自由;边界与许可;技术与工程","02;05;07;08;09;12;13;16;17;18;32;33"
"342","25fbbd06-a8c6-57be-94bd-b3d016eb9655","不承不认","2026-01-30","事实与证据;定义与达意;能力与学习;责任与后果;成本与总账;信用与信任;爱与回应;边界与许可;宗教与自然法","02;03;04;05;06;07;08;09;10;11;12;13;14;16;17;18"
"343","05db81fa-4a1d-54b7-8594-9adaf15e05d7","耻于求助","2026-01-29","定义与达意;选择与自由;责任与后果;成本与总账;爱与回应;净输出与不掠夺;边界与许可;照料与家庭;心理与主体","02;03;04;05;07;08;09;10;12;14;16;17;18"
"344","af317ccb-b9aa-5f69-a4ab-1d0058a72100","挺过","2026-01-28","事实与证据;能力与学习;成本与总账;照料与家庭;劳动与组织;技术与工程;人工智能与机器;心理与主体;性别与身体","03;04;05;06;08;09;10;13;14;16;17;18;28;29;32;33"
"345","937e1be5-e068-5d38-987e-d1b6e04be1c2","不雅之地","2026-01-28","选择与自由;成本与总账;技术与工程;文明与历史;生态与自然;性别与身体","02;03;05;07;10;11;13;14;15;16;17;18;25;31;32;33"
"346","1c32f874-712e-5028-bb76-59b5a29e56f5","不拘小节","2026-01-28","能力与学习;技术与工程","08;13;17;18;32;33"
"347","788f0264-df41-552c-a4b7-4bd7c7841b83","细火慢煨","2026-01-27","定义与达意;能力与学习;成本与总账;技术与工程;心理与主体","03;08;09;10;13;14;17;18;32;33"
"348","947db6e3-20ff-5d8a-b5fa-5f582087d9a4","玩儿去","2026-01-27","定义与达意;能力与学习;选择与自由;责任与后果;劳动与组织;财富与市场;权力与异议","02;03;06;07;08;09;10;12;13;16;17;18"
"349","ecc0f491-2538-5000-82f1-9821fad328ee","热爱在前","2026-01-26","定义与达意;能力与学习;选择与自由;爱与回应;照料与家庭;心理与主体","02;04;05;07;08;09;13;14;16;17;18"
"350","7e0c3ec0-3579-5d43-a403-137df63e5806","甘蔗","2026-01-26","定义与达意;能力与学习;选择与自由;责任与后果;成本与总账;爱与回应;照料与家庭;财富与市场;文明与历史","02;03;04;05;07;08;09;10;11;12;13;14;15;16;17;18;31;32;33"
"351","b7fd7a86-67f7-5e87-9a26-cf99bee92397","爱老敬幼","2026-01-26","能力与学习;信用与信任;爱与回应;照料与家庭;权力与异议","03;04;05;06;07;08;12;13;14;16;18"
"352","6d585a86-4173-57e1-b3e3-5db6466773fe","必要与必然","2026-01-26","能力与学习;选择与自由;成本与总账;信用与信任;边界与许可;技术与工程","02;03;05;06;07;08;10;12;13;16;17;18;32;33"
"353","8709c3b6-aa9c-57a3-b061-5617fee662a9","万般皆下品","2026-01-25","能力与学习;责任与后果;成本与总账;信用与信任;边界与许可;照料与家庭;劳动与组织;权力与异议;文明与历史","02;03;04;05;06;07;08;10;11;12;13;14;15;16;18;31;32;33"
"354","71f84a57-bdc3-5c80-841b-5ebc50177701","奥力给","2026-01-24","选择与自由;责任与后果;劳动与组织;技术与工程;人工智能与机器;心理与主体","02;03;06;07;08;10;12;13;14;16;17;18;28;29;32;33"
"355","ce2caed7-90ec-562a-8d92-0775d96a5ac4","退避三舍","2026-01-23","能力与学习;选择与自由;责任与后果;成本与总账;爱与回应;边界与许可;法律与秩序;文明与历史","02;03;04;05;07;08;10;11;12;13;14;15;16;18;31;32;33"
"356","206eaff7-7c52-54df-b2ac-2cc2bb60d238","多情刀","2026-01-21","定义与达意;能力与学习;责任与后果;成本与总账;信用与信任;爱与回应;净输出与不掠夺;边界与许可;照料与家庭;劳动与组织;心理与主体","02;03;04;05;06;08;09;10;12;13;14;16;17;18"
"357","9c13ec75-b919-5e81-b0b4-f46d8c8650d2","直言有讳","2026-01-21","定义与达意;选择与自由;责任与后果;成本与总账;信用与信任;爱与回应;心理与主体","02;03;04;05;06;07;08;09;10;12;14;16;17;18"
"358","1d5209c9-3b49-5544-a8a4-3059a6f4968a","琐细的人","2026-01-20","定义与达意;选择与自由;责任与后果;成本与总账;爱与回应;边界与许可;照料与家庭;劳动与组织;法律与秩序;性别与身体","02;03;04;05;06;07;09;10;12;13;14;16;17;18"
"359","1f3d7c1c-2ff3-5374-903b-36a57087b09b","无患","2026-01-19","选择与自由;责任与后果;成本与总账;信用与信任;照料与家庭;心理与主体","02;03;04;05;06;07;08;10;12;14;16;17;18"
"360","7ab98faa-1e40-581f-88de-a37a7cd9b087","正缘","2026-01-19","定义与达意;能力与学习;选择与自由;责任与后果;成本与总账;信用与信任;爱与回应;边界与许可;技术与工程","02;03;04;05;06;07;08;09;10;12;13;14;16;17;18;32;33"
"361","9b92812f-b074-57c2-9734-812912ae2f32","印模","2026-01-18","定义与达意;能力与学习;责任与后果;成本与总账;边界与许可;照料与家庭","02;03;04;05;08;09;10;12;13;14;16;17;18"
"362","c8ffa0bb-f687-5e9c-8a1e-1a4f30c8ab2b","枕兵待旦","2026-01-18","能力与学习;选择与自由;成本与总账;信用与信任;权力与异议;心理与主体;性别与身体","02;03;05;06;07;08;10;12;13;14;16;17;18"
"363","9b51d167-7715-5419-a311-ddd95c843c96","一个硬币","2026-01-17","事实与证据;能力与学习;选择与自由;成本与总账;爱与回应;心理与主体","02;03;04;05;07;08;09;10;13;14;16;17;18"
"364","08dc91cb-1580-5cd6-866b-cbe415294d61","晨读","2026-01-16","责任与后果;信用与信任;爱与回应;边界与许可;照料与家庭","02;03;04;05;06;10;12;14;16;18"
"365","2729388c-1b11-5dab-b3f0-14ca4ecdc9fb","左右逢源","2026-01-16","事实与证据;选择与自由;责任与后果;成本与总账;爱与回应;照料与家庭;文明与历史;心理与主体;宗教与自然法","02;03;04;05;07;08;09;10;11;12;13;14;15;16;17;18;31;32;33"
"366","76a5ac8d-0aa2-525d-91a7-981ccf6c8f4b","人人如是","2026-01-15","事实与证据;能力与学习;选择与自由;责任与后果;劳动与组织;法律与秩序;文明与历史;心理与主体","02;03;06;07;08;09;10;11;12;13;14;15;16;17;18;31;32;33"
"367","2cd99ac9-1a92-5960-8930-bc34c4a581d7","具体一点","2026-01-15","选择与自由;责任与后果;成本与总账;信用与信任;边界与许可;劳动与组织;心理与主体","02;03;05;06;07;08;10;12;13;14;16;17;18"
"368","bfa7eeb2-4b4b-50a8-9e18-629209b3d584","幸福的西西弗斯","2026-01-13","能力与学习;成本与总账;爱与回应;劳动与组织;财富与市场;心理与主体","03;04;05;06;08;10;13;14;16;17;18"
"369","31f23cbb-8816-54dd-986d-9c92bf960612","二手毒","2026-01-13","能力与学习;选择与自由;成本与总账;照料与家庭;文明与历史;生态与自然","02;03;04;05;07;08;10;11;13;14;15;16;18;25;31;32;33"
"370","5e4f4aab-f2ab-534f-80e5-df23e10a97d8","时代红利","2026-01-13","能力与学习;选择与自由;成本与总账;信用与信任;爱与回应;劳动与组织;技术与工程;人工智能与机器;心理与主体","02;03;04;05;06;07;08;10;12;13;14;16;17;18;28;29;32;33"
"371","0b606dfd-8414-50c0-81d9-5ad8fb896f4b","二世之交","2026-01-13","能力与学习;选择与自由;责任与后果;成本与总账;爱与回应;边界与许可;照料与家庭;权力与异议","02;03;04;05;07;08;10;12;13;14;16;18"
"372","a6f4bdce-9a6a-5913-8ff7-ee5dfe37ef38","潮起潮落","2026-01-13","定义与达意;责任与后果;成本与总账;照料与家庭;劳动与组织;财富与市场;技术与工程;心理与主体","02;03;04;05;06;08;09;10;12;13;14;16;17;18;32;33"
"373","9f58d4dc-292a-510c-a1ee-2f68b882653b","永劫无间","2026-01-12","定义与达意;选择与自由;责任与后果;成本与总账;爱与回应;边界与许可;法律与秩序;生态与自然","02;03;04;05;07;09;10;12;13;14;16;17;18;25;32"
"374","2de3bae2-a2de-5451-9e19-d38d38ce26df","壮志凌云","2026-01-11","责任与后果;成本与总账;财富与市场;权力与异议;心理与主体","02;03;07;08;10;12;13;14;17;18"
"375","b2e36527-d771-5098-8847-b98007029782","高高在上者","2026-01-11","能力与学习;责任与后果;成本与总账;边界与许可;法律与秩序;心理与主体","02;03;05;07;08;10;12;13;14;16;17;18"
"376","f90644b4-133c-5048-ba1d-fc037128e012","一牛三旱","2026-01-10","能力与学习;选择与自由;责任与后果;成本与总账;信用与信任;爱与回应;劳动与组织;财富与市场;技术与工程","02;03;04;05;06;07;08;10;12;13;14;16;17;18;32;33"
"377","9eb00f42-a421-5ccb-b727-36b7ca990eff","各自理解","2026-01-09","事实与证据;定义与达意;选择与自由;责任与后果;成本与总账;边界与许可;劳动与组织","02;03;05;06;07;08;09;10;12;13;16;17;18"
"378","c0eb6790-410b-5c96-9263-4b503d09950d","不死不休","2026-01-08","能力与学习;责任与后果;成本与总账;爱与回应;照料与家庭;心理与主体","02;03;04;05;08;10;12;13;14;16;17;18"
"379","aa87a568-4af9-51a1-9617-e84dd8f6db8e","独立寒秋","2026-01-08","能力与学习;选择与自由;责任与后果;成本与总账;照料与家庭;劳动与组织;财富与市场;权力与异议;心理与主体;性别与身体","02;03;04;05;06;07;08;10;12;13;14;16;17;18"
"380","4d57ea2a-38da-5c69-8801-ec391fe624d2","嫉妒者","2026-01-07","事实与证据;定义与达意;能力与学习;劳动与组织;权力与异议;心理与主体","03;06;07;08;09;10;12;13;14;17;18"
"381","849810ee-e603-5650-96ee-62f0f7bbe29e","此间乐","2026-01-07","能力与学习;责任与后果;爱与回应;照料与家庭;心理与主体","02;03;04;05;08;10;12;13;14;16;17;18"
"382","97c7e042-f764-550b-b0e1-299d4d3d72e9","不老不死","2026-01-06","选择与自由;心理与主体;性别与身体","02;05;07;08;14;16;17;18"
"383","6694a1d8-ddfb-52f1-9819-9c5316b1f346","眼线拳","2026-01-06","能力与学习;选择与自由;成本与总账;边界与许可;照料与家庭;劳动与组织;权力与异议;生态与自然;心理与主体","02;03;04;05;06;07;08;10;12;13;14;16;17;18;25;32"
"384","3c10539d-78fc-56f5-b15c-4226b9f10865","无过之人","2026-01-06","事实与证据;能力与学习;责任与后果;成本与总账;爱与回应;边界与许可","02;03;04;05;08;09;10;12;13;14;16;17;18"
"385","fc9bfc64-1e42-5634-a0e3-d45beedec107","专业第一","2026-01-05","能力与学习;选择与自由;责任与后果;信用与信任;净输出与不掠夺;照料与家庭;心理与主体","02;03;04;05;06;07;08;10;12;13;14;16;17;18"
"386","c6aeae2a-3323-59aa-bedb-0e6c04e37af2","克贪","2026-01-05","成本与总账;信用与信任;照料与家庭;劳动与组织;财富与市场;心理与主体","03;04;05;06;08;10;12;13;14;16;17;18"
"387","2a8a5cb0-a57f-5a14-a798-59377e5f6e1b","无噍类矣","2026-01-04","能力与学习;选择与自由;成本与总账;财富与市场;法律与秩序;权力与异议;技术与工程;文明与历史;生态与自然","02;03;07;08;10;11;12;13;15;16;17;18;25;31;32;33"
"388","2968d649-66d2-5fce-82df-6967bce2d8e9","紫琼贡","2026-01-03","责任与后果;信用与信任;爱与回应;照料与家庭;劳动与组织;财富与市场;心理与主体","02;03;04;05;06;08;10;12;13;14;16;17;18"
"389","26c7ad17-39ab-5728-afa9-a4181110a374","肉食者鄙","2026-01-02","定义与达意;能力与学习;选择与自由;成本与总账;照料与家庭;法律与秩序;权力与异议;性别与身体","02;03;04;05;07;08;09;10;12;13;14;16;17;18"
"390","1bef9be8-af57-507f-9710-1842994d2a9a","一时悲苦","2026-01-01","能力与学习;成本与总账;信用与信任;爱与回应;边界与许可;劳动与组织;心理与主体","03;04;05;06;08;10;12;13;14;16;17;18"
"391","4ee42a80-d149-5f0f-b643-a19b3cc74049","学而不厌","2026-01-01","能力与学习;选择与自由;责任与后果;信用与信任;爱与回应;照料与家庭;财富与市场;权力与异议;技术与工程;心理与主体","02;03;04;05;06;07;08;10;12;13;14;16;17;18;32;33"
"392","49645877-6fa7-54b4-8c6f-eb9e92f28934","摘星","2025-12-31","能力与学习;责任与后果;成本与总账;信用与信任;照料与家庭;劳动与组织;文明与历史;民族与身份;人工智能与机器;心理与主体;性别与身体","02;03;04;05;06;08;10;11;12;13;14;15;16;17;18;27;28;29;31;32;33"
"393","16529dd4-306e-5ef8-a18e-184873131eea","失心","2025-12-31","定义与达意;能力与学习;选择与自由;责任与后果;技术与工程;文明与历史","02;03;07;08;09;10;11;12;13;15;16;17;18;31;32;33"
"394","927f2278-77a9-5b01-9aec-f8055c47abc2","罪在朕躬","2025-12-30","事实与证据;能力与学习;选择与自由;责任与后果;成本与总账;信用与信任;照料与家庭;权力与异议;心理与主体;宗教与自然法","02;03;04;05;06;07;08;09;10;11;12;13;14;16;17;18"
"395","4122358e-2de9-5de9-8280-7d4bc40ae470","覆辙","2025-12-30","事实与证据;能力与学习;选择与自由;责任与后果;成本与总账;信用与信任;爱与回应;照料与家庭;技术与工程;心理与主体","02;03;04;05;06;07;08;09;10;12;13;14;16;17;18;32;33"
"396","0de9aff5-cbfd-5caa-88a7-cad96d9ffede","胸怀利器","2025-12-30","事实与证据;能力与学习;技术与工程;文明与历史;民族与身份","08;09;11;12;13;15;17;18;27;31;32;33"
"397","17352d7b-3633-5b54-8c59-27fbbf41d2d4","无为之解","2025-12-29","选择与自由;成本与总账;爱与回应;照料与家庭;心理与主体","02;03;04;05;07;08;10;14;16;17;18"
"398","a77498cb-eceb-5736-bc39-6201ba8341e8","坦克指南","2025-12-28","爱与回应;心理与主体","04;05;08;14;16;17;18"
"399","ef6313cd-6259-563e-8d95-fa53ebde2300","头七之后","2025-12-28","事实与证据;定义与达意;能力与学习;选择与自由;成本与总账;财富与市场;技术与工程;文明与历史","02;03;07;08;09;10;11;13;15;16;17;18;31;32;33"
"400","ceba28a7-8358-5eb6-ab0d-b78675a6c363","生生喜","2025-12-28","定义与达意;爱与回应;边界与许可;法律与秩序;心理与主体;性别与身体","04;05;07;08;09;12;14;16;17;18"
"401","9e3c9989-406c-5fe6-9d6c-8e3de1d33ccf","点滴意义","2025-12-28","事实与证据;定义与达意;能力与学习;选择与自由;成本与总账;信用与信任;劳动与组织","02;03;06;07;08;09;10;12;13;16;17;18"
"402","e6f6addf-7426-579c-bf87-efe17b7585ef","亲自呼吸","2025-12-27","事实与证据;定义与达意;能力与学习;责任与后果;照料与家庭;劳动与组织;财富与市场;心理与主体","02;03;04;05;06;08;09;10;12;13;14;16;17;18"
"403","6e74b67a-1a6c-568f-bb2f-8e622935ad09","小刀会","2025-12-26","事实与证据;定义与达意;成本与总账;爱与回应;边界与许可;照料与家庭;权力与异议;宗教与自然法","03;04;05;07;08;09;10;11;12;14;16;17;18"
"404","9a71649d-a077-5450-869a-4d38f4969f71","其怪自败","2025-12-26","事实与证据;能力与学习;信用与信任;爱与回应;边界与许可;法律与秩序;权力与异议","03;04;05;06;07;08;09;12;13;14;16;17;18"
"405","573f8956-6421-5814-9fc2-2e3a7b44994c","沽名","2025-12-25","能力与学习;选择与自由;信用与信任;爱与回应;边界与许可;劳动与组织;财富与市场","02;03;04;05;06;07;08;10;12;13;14;16;18"
"406","714155ed-3e9b-5722-b3f1-9715741ed39a","咽","2025-12-25","事实与证据;选择与自由;责任与后果;成本与总账;信用与信任;心理与主体","02;03;06;07;08;09;10;12;14;16;17;18"
"407","4b2e88a4-9a83-5331-9cb4-eae2db2e95a2","如意结","2025-12-24","能力与学习;责任与后果;成本与总账;爱与回应;边界与许可;照料与家庭;劳动与组织;心理与主体","02;03;04;05;06;08;10;12;13;14;16;17;18"
"408","fd7442c2-7fa7-5d09-8e8f-d61dd37ba644","菜鸟司机","2025-12-23","能力与学习;选择与自由;成本与总账;边界与许可;权力与异议;技术与工程;心理与主体;性别与身体","02;03;05;07;08;10;12;13;14;16;17;18;32;33"
"409","8abe0ad2-d8a4-59f5-8f83-e71bcf82ff47","ai助我","2025-12-23","事实与证据;能力与学习;选择与自由;责任与后果;劳动与组织;技术与工程;文明与历史;人工智能与机器","02;03;06;07;08;09;10;11;12;13;15;16;17;18;28;29;31;32;33"
"410","31abb5c5-8f23-5551-a908-9532d1c74b31","夜宴","2025-12-22","定义与达意;成本与总账;爱与回应;劳动与组织;财富与市场;技术与工程;文明与历史","03;04;05;06;09;10;11;13;14;15;16;17;18;31;32;33"
"411","9fc0c7e8-ed60-5724-8dd6-a7c546e92579","反广告","2025-12-22","定义与达意;责任与后果;成本与总账;财富与市场;心理与主体;性别与身体","02;03;05;08;09;10;12;13;14;16;17;18"
"412","98293f80-f42c-50e0-9e9c-95ab46620265","永动自激","2025-12-22","事实与证据;能力与学习;选择与自由;责任与后果;成本与总账;爱与回应;净输出与不掠夺;劳动与组织;财富与市场;权力与异议;生态与自然","02;03;04;05;06;07;08;09;10;12;13;14;16;17;18;25;32"
"413","c4444bbf-fd88-5594-a2c6-24574da120f9","无责收入","2025-12-21","事实与证据;责任与后果;成本与总账;劳动与组织;法律与秩序;权力与异议;宗教与自然法","02;03;06;07;08;09;10;11;12;13;17;18"
"414","ed874502-41b0-5f9e-8774-6246ee87e3a4","绝对领域","2025-12-21","事实与证据;定义与达意;选择与自由;成本与总账;边界与许可;劳动与组织;财富与市场;文明与历史;心理与主体","02;03;05;06;07;08;09;10;11;12;13;14;15;16;17;18;31;32;33"
"415","79ac8c65-83e6-5c0b-9f7b-8550daa0f6c6","一根吹管","2025-12-20","定义与达意;责任与后果;成本与总账;信用与信任;劳动与组织;权力与异议;技术与工程;生态与自然","02;03;06;07;09;10;12;13;17;18;25;32;33"
"416","2d1a503e-192c-5e96-a03b-54dc04102d9d","价值的本质","2025-12-20","能力与学习;成本与总账;照料与家庭;劳动与组织;财富与市场;法律与秩序;技术与工程;生态与自然;性别与身体","03;04;05;06;07;08;10;12;13;14;16;17;18;25;32;33"
"417","c64298ac-8dc3-553a-822d-567349db4ec1","何人居之","2025-12-19","定义与达意;能力与学习;责任与后果;成本与总账;信用与信任;净输出与不掠夺;劳动与组织;法律与秩序;权力与异议","02;03;05;06;07;08;09;10;12;13;16;17;18"
"418","cdf94c66-2ece-5196-81f9-910a1f1ed0b4","流星锤","2025-12-18","能力与学习;责任与后果;成本与总账;信用与信任;爱与回应;劳动与组织;法律与秩序;权力与异议;技术与工程","02;03;04;05;06;07;08;10;12;13;14;16;17;18;32;33"
"419","464b3a2e-6d5d-588d-a87d-38286aab930a","你干我敢","2025-12-18","能力与学习;选择与自由;责任与后果;成本与总账;信用与信任;边界与许可;法律与秩序;权力与异议","02;03;05;06;07;08;10;12;13;16;18"
"420","bf193bd7-4f2a-5cd2-8208-da6729d44ba2","生于斯","2025-12-17","定义与达意;选择与自由;责任与后果;成本与总账;照料与家庭;法律与秩序;文明与历史;心理与主体;性别与身体","02;03;04;05;07;08;09;10;11;12;13;14;15;16;17;18;31;32;33"
"421","18ef77f0-2635-563f-b045-3d245fb44abd","声感水雷","2025-12-17","事实与证据;成本与总账","03;08;09;10;17;18"
"422","09477164-b4a1-599c-8236-c54cd8b6790e","穷而弥坚","2025-12-16","能力与学习;选择与自由;责任与后果;成本与总账;爱与回应;照料与家庭;法律与秩序;权力与异议;心理与主体;性别与身体","02;03;04;05;07;08;10;12;13;14;16;17;18"
"423","d77f4f0b-e8b3-564f-bd25-81483db09db8","软鼓","2025-12-16","能力与学习;选择与自由;财富与市场","02;03;07;08;10;13;16;18"
"424","9e3f56fe-264b-5641-bb4c-ed292f3c76ed","正望","2025-12-15","能力与学习;选择与自由;责任与后果;成本与总账;爱与回应;照料与家庭;技术与工程;心理与主体","02;03;04;05;07;08;10;12;13;14;16;17;18;32;33"
"425","fadb7c15-87b8-5e43-a5d5-14b032544ec0","拍子","2025-12-14","定义与达意;能力与学习;选择与自由;成本与总账;边界与许可;文明与历史","02;03;05;07;08;09;10;11;12;13;15;16;17;18;31;32;33"
"426","5d6eaca1-bb02-5584-807f-5a3ae3e28873","天降好果","2025-12-13","能力与学习;责任与后果;心理与主体","02;03;08;10;12;13;14;17;18"
"427","1e756977-006c-5d63-9c2a-0d4d66ea4ab1","雁雀之志","2025-12-13","事实与证据;能力与学习;责任与后果;成本与总账;文明与历史;生态与自然","02;03;08;09;10;11;12;13;15;17;18;25;31;32;33"
"428","c7b53745-e208-59db-8a95-e5637a648784","伏低","2025-12-13","选择与自由;责任与后果;成本与总账;信用与信任;净输出与不掠夺;权力与异议;技术与工程","02;03;05;06;07;10;12;13;16;17;18;32;33"
"429","ac3dfd27-51bc-5478-989a-a43209eb03e0","不远游","2025-12-12","定义与达意;责任与后果;爱与回应;照料与家庭;法律与秩序","02;03;04;05;07;09;10;12;14;16;17;18"
"430","afb6e120-80dd-5873-b3cf-7bea902bce9f","无尽师","2025-12-12","能力与学习;选择与自由;爱与回应;劳动与组织;法律与秩序;技术与工程;文明与历史;心理与主体","02;04;05;06;07;08;10;11;12;13;14;15;16;17;18;31;32;33"
"431","a3140339-ceb3-5d7f-a95f-5c04b36aa900","小铜钿","2025-12-11","能力与学习;选择与自由;责任与后果;成本与总账;财富与市场;法律与秩序;技术与工程;文明与历史;性别与身体","02;03;05;07;08;10;11;12;13;14;15;16;17;18;31;32;33"
"432","7b13956e-4112-50d0-bd0f-a4950675bcbe","骨龄精怪","2025-12-11","能力与学习;责任与后果;成本与总账;信用与信任;财富与市场;文明与历史;性别与身体","02;03;05;06;08;10;11;12;13;14;15;16;18;31;32;33"
"433","87fcbfd6-e4e9-5877-949d-414207d3df4c","义字当头","2025-12-11","定义与达意;选择与自由;成本与总账;权力与异议;心理与主体;宗教与自然法","02;03;07;08;09;10;11;12;14;16;17;18"
"434","9a72db20-919b-5a27-839d-2a80125dc09b","赛道","2025-12-10","定义与达意;能力与学习;选择与自由;责任与后果;爱与回应;净输出与不掠夺;财富与市场;技术与工程;宗教与自然法","02;03;04;05;07;08;09;10;11;12;13;14;16;17;18;32;33"
"435","0fb162a0-10e8-5c74-836e-77b05d58f59b","小作业","2025-12-10","定义与达意;能力与学习;责任与后果;信用与信任;爱与回应;边界与许可;文明与历史;心理与主体;性别与身体","02;03;04;05;06;08;09;10;11;12;13;14;15;16;17;18;31;32;33"
"436","68703536-d22e-55ef-96b2-84f8baf4964c","低于0","2025-12-10","成本与总账;财富与市场;心理与主体;性别与身体","03;05;08;10;13;14;16;17;18"
"437","b581c277-1375-5ed3-b154-952b071c48b7","在","2025-12-10","事实与证据;定义与达意;能力与学习;选择与自由;责任与后果;成本与总账;边界与许可;照料与家庭;法律与秩序;心理与主体","02;03;04;05;07;08;09;10;12;13;14;16;17;18"
"438","78f5b862-b74f-5290-9f25-0106f1807a11","如意金","2025-12-10","事实与证据;能力与学习;选择与自由;责任与后果;成本与总账;技术与工程;文明与历史","02;03;07;08;09;10;11;12;13;15;16;17;18;31;32;33"
"439","d6d1bf07-3bcb-5d6a-9508-a830474a3a45","圣变态","2025-12-09","定义与达意;能力与学习;责任与后果;心理与主体","02;03;08;09;10;12;13;14;17;18"
"440","04f8e463-559e-5537-be86-6720dcf938b0","石头底","2025-12-08","定义与达意;能力与学习;成本与总账;劳动与组织;心理与主体","03;06;08;09;10;13;14;17;18"
"441","a98b7d2f-bd96-5451-8eb5-2688c2685162","有事者","2025-12-08","事实与证据;能力与学习;选择与自由;成本与总账;爱与回应;净输出与不掠夺;边界与许可;照料与家庭;劳动与组织;心理与主体","02;03;04;05;06;07;08;09;10;12;13;14;16;17;18"
"442","4b12e80e-d000-5441-935b-5a4b8c4b4cbe","still","2025-12-08","事实与证据;能力与学习;责任与后果;信用与信任;爱与回应;权力与异议;性别与身体","02;03;04;05;06;07;08;09;10;12;13;14;16;17;18"
"443","a770eac4-ef1f-5fc6-b722-83335a45e534","秋后事","2025-12-07","成本与总账;劳动与组织;法律与秩序;生态与自然;心理与主体;性别与身体;宗教与自然法","03;05;06;07;08;10;11;12;13;14;16;17;18;25;32"
"444","46e3baa7-897f-594a-9fcc-d3cdad67022d","S","2025-12-07","能力与学习;选择与自由;责任与后果;成本与总账;边界与许可;劳动与组织;心理与主体","02;03;05;06;07;08;10;12;13;14;16;17;18"
"445","b08151b4-9d77-59db-af2b-9969a54ea75c","先迈左脚","2025-12-06","定义与达意;能力与学习;选择与自由;信用与信任;爱与回应;照料与家庭;劳动与组织;财富与市场;技术与工程;心理与主体;性别与身体","02;03;04;05;06;07;08;09;10;12;13;14;16;17;18;32;33"
"446","b8479c5b-6d3e-57d1-9afc-45c5076b31e8","远方的超市","2025-12-06","选择与自由;信用与信任;照料与家庭;劳动与组织;财富与市场;文明与历史;生态与自然","02;03;04;05;06;07;10;11;12;13;14;15;16;18;25;31;32;33"
"447","6f94a0b7-f160-5751-bf0e-a04e988b30c9","有戏","2025-12-05","能力与学习;成本与总账;照料与家庭;文明与历史;生态与自然;宗教与自然法","03;04;05;07;08;10;11;13;14;15;16;18;25;31;32;33"
"448","57d4a115-7d26-597e-8fcc-df08c4d41a1f","车速过快","2025-12-04","能力与学习;责任与后果;成本与总账;劳动与组织;权力与异议;技术与工程;心理与主体","02;03;06;07;08;10;12;13;14;17;18;32;33"
"449","b78d3a9c-40a7-567a-bb6b-cdd4d0fbb982","形外之神","2025-12-04","定义与达意;责任与后果;照料与家庭;法律与秩序;权力与异议;心理与主体","02;03;04;05;07;08;09;10;12;14;16;17;18"
"450","e1ed4d96-15dc-5b5a-94f3-9673795ecf09","钝","2025-12-03","定义与达意;能力与学习;选择与自由;信用与信任;劳动与组织;技术与工程","02;03;06;07;08;09;10;12;13;16;17;18;32;33"
"451","c22fc41a-46d5-5454-83fc-dbdf85f47b37","既要又要","2025-12-02","事实与证据;能力与学习;选择与自由;责任与后果;成本与总账;信用与信任;边界与许可;照料与家庭;劳动与组织;财富与市场;生态与自然","02;03;04;05;06;07;08;09;10;12;13;14;16;17;18;25;32"
"452","f23951f8-c485-54d0-af10-88bb72107bc3","藏锋","2025-12-02","定义与达意;能力与学习;责任与后果;成本与总账;信用与信任;劳动与组织;法律与秩序","02;03;06;07;08;09;10;12;13;17;18"
"453","ccef2a70-9238-5877-9a1c-f1a13067e28b","鬼杀","2025-12-02","定义与达意;能力与学习;责任与后果;成本与总账;边界与许可;照料与家庭;心理与主体","02;03;04;05;08;09;10;12;13;14;16;17;18"
"454","80f2fcb2-e349-55db-9b6c-e37efd120d39","好感","2025-12-01","选择与自由;责任与后果;成本与总账;信用与信任;爱与回应;财富与市场;权力与异议;心理与主体","02;03;04;05;06;07;08;10;12;13;14;16;17;18"
"455","ea2746d9-57db-5974-ad00-4aa7fafe2444","捧土成丘","2025-12-01","能力与学习;选择与自由;边界与许可;劳动与组织;心理与主体;性别与身体","02;05;06;07;08;10;12;13;14;16;17;18"
"456","de5c8f5b-71d1-5dec-a30c-223c8b79505a","无价有缘","2025-11-30","事实与证据;定义与达意;能力与学习;责任与后果;成本与总账;爱与回应;边界与许可","02;03;04;05;08;09;10;12;13;14;16;17;18"
"457","5cadc073-abe3-5280-8d6f-ced26f7b2bbf","可帮之人","2025-11-30","定义与达意;能力与学习;责任与后果;信用与信任;爱与回应;边界与许可;劳动与组织","02;03;04;05;06;08;09;10;12;13;14;16;17;18"
"458","0b120790-933a-521b-8f89-fe9df95949ee","激","2025-11-29","事实与证据;能力与学习;选择与自由;责任与后果;成本与总账;劳动与组织;财富与市场;文明与历史;民族与身份;心理与主体","02;03;06;07;08;09;10;11;12;13;14;15;16;17;18;27;31;32;33"
"459","a646752e-e41a-54a1-82a7-69e66f8e342e","碎花瓶","2025-11-29","事实与证据;选择与自由;责任与后果;爱与回应;净输出与不掠夺;法律与秩序;权力与异议;技术与工程;心理与主体","02;03;04;05;07;08;09;10;12;13;14;16;17;18;32;33"
"460","4dc9db9e-62ae-598d-a01f-e4f16a01dc2f","受命","2025-11-28","事实与证据;能力与学习;选择与自由;责任与后果;成本与总账;信用与信任;边界与许可;劳动与组织;财富与市场;法律与秩序;性别与身体","02;03;05;06;07;08;09;10;12;13;14;16;17;18"
"461","c8275413-1ffa-5e38-9f0a-e688fad8f4a8","水草","2025-11-27","事实与证据;定义与达意;能力与学习;选择与自由;成本与总账;法律与秩序;技术与工程;文明与历史;民族与身份","02;03;07;08;09;10;11;12;13;15;16;17;18;27;31;32;33"
"462","6d393a9f-b8f8-580a-a0b5-c0d2f6a65056","无敌于我","2025-11-27","定义与达意;责任与后果;信用与信任;爱与回应;边界与许可;劳动与组织;权力与异议;心理与主体;性别与身体","02;03;04;05;06;07;08;09;10;12;13;14;16;17;18"
"463","c0125d0e-d353-5811-b652-6dcd45f9689f","反思","2025-11-26","事实与证据;定义与达意;能力与学习;责任与后果;信用与信任;技术与工程;文明与历史;心理与主体","02;03;06;08;09;10;11;12;13;14;15;17;18;31;32;33"
"464","b128ddf4-ac47-572d-ac68-a07278b0a8ed","意犹未尽","2025-11-25","事实与证据;能力与学习;选择与自由;责任与后果;成本与总账;信用与信任;爱与回应;净输出与不掠夺;边界与许可;劳动与组织","02;03;04;05;06;07;08;09;10;12;13;14;16;17;18"
"465","5ff2b19c-5d81-558f-96af-28ac0ce9c378","何错之有","2025-11-24","定义与达意;选择与自由;责任与后果;成本与总账;爱与回应;净输出与不掠夺;照料与家庭;劳动与组织","02;03;04;05;06;07;09;10;12;13;14;16;17;18"
"466","72ff296c-2e88-5313-9ad9-0e7b27146723","自作自爱","2025-11-23","责任与后果;信用与信任;爱与回应;边界与许可;照料与家庭;劳动与组织;财富与市场;心理与主体","02;03;04;05;06;08;10;12;13;14;16;17;18"
"467","c2c72204-2845-5af6-8846-9fedb90d2a76","贼","2025-11-23","定义与达意;选择与自由;责任与后果;成本与总账;信用与信任;爱与回应;净输出与不掠夺;边界与许可","02;03;04;05;06;07;09;10;12;14;16;17;18"
"468","091c7ffc-9925-509c-99a5-8a500baa20ed","未见之勇","2025-11-23","定义与达意;能力与学习;选择与自由;责任与后果;爱与回应;净输出与不掠夺;边界与许可;劳动与组织;权力与异议;心理与主体","02;03;04;05;06;07;08;09;10;12;13;14;16;17;18"
"469","302f8130-814c-512e-aa78-44de8bbe04e1","铁打的快乐","2025-11-22","事实与证据;能力与学习;选择与自由;成本与总账;信用与信任;边界与许可;照料与家庭;心理与主体","02;03;04;05;06;07;08;09;10;12;13;14;16;17;18"
"470","20919dcb-3e55-5a63-bf2c-7cf38874a844","不服还行","2025-11-21","选择与自由;责任与后果;信用与信任;边界与许可;劳动与组织;法律与秩序;权力与异议;心理与主体","02;03;05;06;07;08;10;12;13;14;16;17;18"
"471","80fbfdc7-5c75-5437-876d-743dc15bd536","立扑","2025-11-20","定义与达意;能力与学习;责任与后果;成本与总账;权力与异议;技术与工程","02;03;07;08;09;10;12;13;17;18;32;33"
"472","44de7ae5-1ca5-5217-8280-d69018d565b0","稳妥说","2025-11-20","定义与达意;能力与学习;责任与后果;信用与信任;边界与许可;法律与秩序;心理与主体","02;03;05;06;07;08;09;10;12;13;14;16;17;18"
"473","d5133419-8131-52c2-8bba-ebc54be29b9e","道不同","2025-11-20","事实与证据;能力与学习;选择与自由;边界与许可;照料与家庭;劳动与组织;财富与市场;法律与秩序;权力与异议;宗教与自然法","02;03;04;05;06;07;08;09;10;11;12;13;14;16;17;18"
"474","33b48eb9-0045-554f-a999-63e7df594939","勤而俭","2025-11-19","定义与达意;能力与学习;成本与总账;爱与回应;边界与许可;劳动与组织;心理与主体","03;04;05;06;08;09;10;12;13;14;16;17;18"
"475","28bfa2c7-5fca-5c58-a5e4-b7c82e958e03","报恩","2025-11-18","事实与证据;定义与达意;能力与学习;选择与自由;责任与后果;净输出与不掠夺;边界与许可;法律与秩序;权力与异议","02;03;05;07;08;09;10;12;13;16;17;18"
"476","ea71f1ad-b4aa-5f6c-8a42-67ab8e3faf33","乖","2025-11-17","定义与达意;能力与学习;责任与后果;成本与总账;信用与信任;爱与回应;劳动与组织;法律与秩序;权力与异议;技术与工程","02;03;04;05;06;07;08;09;10;12;13;14;16;17;18;32;33"
"477","a06b9ec1-5c98-5b75-99d9-71648aad8991","善兽","2025-11-16","事实与证据;能力与学习;选择与自由;信用与信任;边界与许可","02;03;05;06;07;08;09;12;13;16;17;18"
"478","d45814f0-fca0-5e33-bf7a-39ed7e1b0f75","尾指","2025-11-15","事实与证据;能力与学习;责任与后果;成本与总账;信用与信任;劳动与组织;财富与市场;技术与工程","02;03;06;08;09;10;12;13;17;18;32;33"
"479","99d06359-4571-5235-96f4-06a278b05f75","大胆","2025-11-15","事实与证据;定义与达意;选择与自由;责任与后果;成本与总账;信用与信任;爱与回应;净输出与不掠夺;法律与秩序;技术与工程;文明与历史","02;03;04;05;06;07;08;09;10;11;12;13;14;15;16;17;18;31;32;33"
"480","2a1b2428-a8c2-50e7-b0ec-e8be04077e7b","再三大方","2025-11-14","定义与达意;能力与学习;选择与自由;责任与后果;成本与总账;爱与回应;边界与许可;劳动与组织;财富与市场","02;03;04;05;06;07;08;09;10;12;13;14;16;17;18"
"481","974d6191-667c-507a-9e9e-3dbf881c9336","狼狈","2025-11-13","选择与自由;责任与后果;成本与总账;信用与信任;爱与回应","02;03;04;05;06;07;10;12;14;16;18"
"482","2369c5ae-2628-5e86-9066-48c51a371d98","解痛人","2025-11-13","能力与学习;选择与自由;责任与后果;劳动与组织;心理与主体","02;03;06;07;08;10;12;13;14;16;17;18"
"483","3c6bccc2-35b3-5dff-b777-08ea2f5ddd2f","悬决","2025-11-12","能力与学习;选择与自由;责任与后果;成本与总账;爱与回应;边界与许可;照料与家庭;权力与异议;心理与主体;性别与身体;宗教与自然法","02;03;04;05;07;08;10;11;12;13;14;16;17;18"
"484","ed40a6cc-f5cf-5869-92b5-40a91987fae6","必要但次要","2025-11-12","能力与学习;责任与后果;信用与信任;照料与家庭;财富与市场;心理与主体","02;03;04;05;06;08;10;12;13;14;16;17;18"
"485","0eea25c5-908b-5c51-92b1-bc8ae79cdd43","输无可输","2025-11-11","定义与达意;能力与学习;选择与自由;责任与后果","02;03;07;08;09;10;12;13;16;17;18"
"486","af9327c1-3870-5634-b996-0f608cb67579","真魔术","2025-11-10","能力与学习;责任与后果;劳动与组织;技术与工程;心理与主体;性别与身体","02;03;05;06;08;10;12;13;14;16;17;18;32;33"
"487","1be17286-5771-5c0a-ae78-ff7e75610c22","无欲之欲","2025-11-10","定义与达意;选择与自由;责任与后果;成本与总账;信用与信任;边界与许可;财富与市场;宗教与自然法","02;03;05;06;07;09;10;11;12;13;16;17;18"
"488","8b6d0531-b592-5878-8dbd-957fab313222","不知耻者","2025-11-09","定义与达意;责任与后果;信用与信任;爱与回应;权力与异议;心理与主体","02;03;04;05;06;07;08;09;10;12;14;16;17;18"
"489","5e526cf4-f0f6-590b-96f7-2a52417def9d","无罪之罪","2025-11-08","定义与达意;选择与自由;责任与后果;成本与总账;爱与回应;边界与许可;法律与秩序;权力与异议;心理与主体;性别与身体;宗教与自然法","02;03;04;05;07;08;09;10;11;12;14;16;17;18"
"490","0bbd3cce-ef9a-570a-8ebe-7a700a5190ae","举高高","2025-11-07","能力与学习;选择与自由;责任与后果;成本与总账;信用与信任;爱与回应;边界与许可;权力与异议","02;03;04;05;06;07;08;10;12;13;14;16;18"
"491","92b5c2d5-51e2-5dd0-8d33-a681c5e6dcad","魅","2025-11-07","事实与证据;能力与学习;责任与后果;爱与回应;照料与家庭;财富与市场","02;03;04;05;08;09;10;12;13;14;16;17;18"
"492","b21801b6-2218-5ed0-a328-2c034ac861c6","自尊自信自负","2025-11-06","定义与达意;选择与自由;责任与后果;爱与回应;边界与许可;权力与异议;心理与主体","02;03;04;05;07;08;09;10;12;14;16;17;18"
"493","f4961675-9906-53fd-bd43-fa0c50465101","慢热冰河","2025-11-06","选择与自由;责任与后果;边界与许可;生态与自然","02;03;05;07;10;12;13;16;18;25;32"
"494","28fa23c8-71f1-50ab-8d78-b3737da5680a","跳两级","2025-11-05","事实与证据;能力与学习;劳动与组织","06;08;09;10;13;17;18"
"495","f493a751-569b-54a3-9325-0fcba046be89","锋利的无知","2025-11-05","事实与证据;能力与学习;责任与后果;成本与总账;边界与许可;心理与主体","02;03;05;08;09;10;12;13;14;16;17;18"
"496","12f3a13b-317f-5e21-8ebb-3f2e4fff8e52","人字拖神教","2025-11-04","事实与证据;定义与达意;能力与学习;选择与自由;劳动与组织;财富与市场;权力与异议;心理与主体;宗教与自然法","02;03;06;07;08;09;10;11;12;13;14;16;17;18"
"497","afcb47cc-e519-5905-bf52-97a17253f11f","成全在先","2025-11-04","责任与后果;爱与回应;照料与家庭;权力与异议;技术与工程","02;03;04;05;07;10;12;13;14;16;17;18;32;33"
"498","0a84f926-060d-55d3-be49-4ce20b266410","性稀缺","2025-11-03","定义与达意;能力与学习;成本与总账;爱与回应;边界与许可;照料与家庭;文明与历史;心理与主体;性别与身体","03;04;05;08;09;10;11;12;13;14;15;16;17;18;31;32;33"
"499","99b0d29d-7e51-5acc-ac50-464274a22879","金蛋","2025-11-02","能力与学习;责任与后果;成本与总账;劳动与组织;技术与工程;心理与主体","02;03;06;08;10;12;13;14;17;18;32;33"
"500","a3714357-d547-5f6a-8c43-ca50a278d5b5","插嘴","2025-11-01","定义与达意;责任与后果;成本与总账;爱与回应;边界与许可;劳动与组织;财富与市场;权力与异议;技术与工程;心理与主体","02;03;04;05;06;07;08;09;10;12;13;14;16;17;18;32;33"
"501","fa42effa-4670-5095-80dd-5bba9937c51e","难民","2025-10-31","能力与学习;选择与自由;责任与后果;成本与总账;净输出与不掠夺;劳动与组织;财富与市场;法律与秩序;技术与工程;文明与历史;民族与身份","02;03;05;06;07;08;10;11;12;13;15;16;17;18;27;31;32;33"
"502","a1ff32e5-bec7-5a2d-8815-db9b17144585","与人交","2025-10-30","成本与总账;爱与回应;照料与家庭;劳动与组织;财富与市场","03;04;05;06;10;13;14;16;18"
"503","f560b958-0a36-57be-8377-1e60fb21bc62","全接纳","2025-10-30","定义与达意;选择与自由;成本与总账;爱与回应;边界与许可;权力与异议","02;03;04;05;07;09;10;12;14;16;17;18"
"504","e06b1754-e7c6-5c80-a02c-8dda17146810","三藏数学","2025-10-30","定义与达意;能力与学习;选择与自由;责任与后果;成本与总账;爱与回应;边界与许可;照料与家庭;财富与市场","02;03;04;05;07;08;09;10;12;13;14;16;17;18"
"505","9a27ab00-f6e5-5032-9d20-c51d25a22613","甘于","2025-10-29","定义与达意;选择与自由;责任与后果;成本与总账;边界与许可;财富与市场;权力与异议;心理与主体","02;03;05;07;08;09;10;12;13;14;16;17;18"
"506","c37832fe-1734-5391-a1e3-f0d3dd330b77","何以戒之","2025-10-29","责任与后果;成本与总账;爱与回应;边界与许可;劳动与组织","02;03;04;05;06;10;12;13;14;16;18"
"507","a70cf145-894a-54f8-9914-a0d40cc286ca","输不起，赢不了","2025-10-28","事实与证据;选择与自由;信用与信任;边界与许可;财富与市场;心理与主体;性别与身体","02;03;05;06;07;08;09;10;12;13;14;16;17;18"
"508","c4b48cd2-7577-5717-a925-5d4fb8232848","自取之","2025-10-28","能力与学习;选择与自由;责任与后果;成本与总账;边界与许可;照料与家庭;法律与秩序;技术与工程;文明与历史","02;03;04;05;07;08;10;11;12;13;14;15;16;17;18;31;32;33"
"509","759a3d99-c2c4-508e-981a-0326e40cb595","救彻","2025-10-28","选择与自由;责任与后果;净输出与不掠夺;边界与许可;照料与家庭;法律与秩序;权力与异议","02;03;04;05;07;10;12;14;16;18"
"510","90b2e772-f848-5619-8a5e-9d1e0181edd9","过拟合","2025-10-27","事实与证据;定义与达意;能力与学习;选择与自由;财富与市场;法律与秩序;权力与异议;技术与工程;文明与历史;心理与主体","02;03;07;08;09;10;11;12;13;14;15;16;17;18;31;32;33"
"511","025d08a5-202c-589d-978f-6d6ee33f07cc","火浣","2025-10-26","事实与证据;责任与后果;成本与总账;净输出与不掠夺;边界与许可;照料与家庭;法律与秩序;权力与异议;宗教与自然法","02;03;04;05;07;08;09;10;11;12;14;16;17;18"
"512","9ae00372-7825-5110-b140-0c8d6635964f","夸夸","2025-10-26","事实与证据;定义与达意;能力与学习;选择与自由;责任与后果;信用与信任;净输出与不掠夺;边界与许可;劳动与组织","02;03;05;06;07;08;09;10;12;13;16;17;18"
"513","71a67340-22d9-54df-8a05-ea8b135ddf60","博士扣篮","2025-10-25","选择与自由;爱与回应;边界与许可;劳动与组织;法律与秩序;心理与主体;性别与身体","02;04;05;06;07;08;10;12;13;14;16;17;18"
"514","db944450-aa3f-588c-9e35-13f345fcff56","温热","2025-10-24","定义与达意;能力与学习;责任与后果;成本与总账;爱与回应;边界与许可;劳动与组织;法律与秩序;技术与工程;人工智能与机器","02;03;04;05;06;07;08;09;10;12;13;14;16;17;18;28;29;32;33"
"515","f035e3c2-3a61-5965-8d9d-e45d80183852","改改改","2025-10-24","能力与学习;责任与后果;成本与总账;信用与信任;边界与许可;劳动与组织;财富与市场;技术与工程","02;03;05;06;08;10;12;13;16;17;18;32;33"
"516","615e3f04-d5c4-5900-8e0d-0653a2f4342a","破财","2025-10-23","选择与自由;责任与后果;成本与总账;财富与市场","02;03;07;10;12;13;16;18"
"517","eb212567-4026-52c2-9c06-949b95c2fc2e","破地狱","2025-10-23","能力与学习;选择与自由;责任与后果;成本与总账;劳动与组织;法律与秩序;心理与主体","02;03;06;07;08;10;12;13;14;16;17;18"
"518","4c7b908c-7637-5c5c-a972-624728d50d66","撤","2025-10-23","能力与学习;选择与自由;成本与总账;信用与信任;权力与异议;技术与工程;心理与主体","02;03;06;07;08;10;12;13;14;16;17;18;32;33"
"519","071512b6-949a-520d-b5f5-b30a741520fc","狗娘","2025-10-22","事实与证据;能力与学习;选择与自由;责任与后果;爱与回应;边界与许可;心理与主体","02;03;04;05;07;08;09;10;12;13;14;16;17;18"
"520","38945686-8082-5091-ae42-b0c0e93b6c82","魔门","2025-10-21","事实与证据;定义与达意;选择与自由;成本与总账;爱与回应;边界与许可;权力与异议;心理与主体;性别与身体","02;03;04;05;07;08;09;10;12;14;16;17;18"
"521","6e4af83f-8773-5994-894a-b32c49983d1e","囹圄","2025-10-20","事实与证据;能力与学习;责任与后果;成本与总账;爱与回应;照料与家庭;劳动与组织;心理与主体","02;03;04;05;06;08;09;10;12;13;14;16;17;18"
"522","f6e95108-deda-5465-984f-7482e765cf7e","不为你好","2025-10-19","定义与达意;选择与自由;责任与后果;净输出与不掠夺;财富与市场;法律与秩序;权力与异议","02;03;05;07;09;10;12;13;16;17;18"
"523","a56af2d2-43f0-563f-8038-5555f03dd30e","爱心价","2025-10-19","事实与证据;能力与学习;成本与总账;爱与回应;财富与市场;法律与秩序;技术与工程","03;04;05;07;08;09;10;12;13;14;16;17;18;32;33"
"524","992d897d-5ddd-50cd-91b5-197e94797254","尊贵的用户","2025-10-19","事实与证据;定义与达意;选择与自由;责任与后果;成本与总账;信用与信任;法律与秩序;技术与工程","02;03;06;07;08;09;10;12;13;16;17;18;32;33"
"525","d1e94702-6eb1-59d0-9e72-cd48c45a05fe","表达情绪","2025-10-19","定义与达意;责任与后果;爱与回应;权力与异议;心理与主体","02;03;04;05;07;08;09;10;12;14;16;17;18"
"526","21775535-c778-5ea9-8b3e-81e46ef1a69e","天无绝人之路","2025-10-18","事实与证据;责任与后果;爱与回应;心理与主体","02;03;04;05;08;09;10;12;14;16;17;18"
"527","104b48c3-7390-5192-b997-d75de0b4aa51","高处不胜寒","2025-10-18","事实与证据;能力与学习;选择与自由;责任与后果;成本与总账;爱与回应","02;03;04;05;07;08;09;10;12;13;14;16;17;18"
"528","b7ba46bb-7005-5052-b0db-538e1b7106ff","以武会友","2025-10-17","能力与学习;选择与自由;成本与总账;信用与信任;劳动与组织;心理与主体","02;03;06;07;08;10;12;13;14;16;17;18"
"529","8168cee8-5b28-554c-81ee-803e00a9d426","不苟言笑","2025-10-16","事实与证据;定义与达意;能力与学习;选择与自由;责任与后果;成本与总账;信用与信任;心理与主体;宗教与自然法","02;03;06;07;08;09;10;11;12;13;14;16;17;18"
"530","0d6f24af-df8c-5886-a9a9-f14b9fdca6e7","不医","2025-10-16","能力与学习;选择与自由;照料与家庭;技术与工程;宗教与自然法","02;04;05;07;08;11;13;14;16;17;18;32;33"
"531","44d863c8-4df5-591c-b7dd-ba7c31586888","负负不得正","2025-10-15","事实与证据;定义与达意;能力与学习;选择与自由;责任与后果;成本与总账;爱与回应;边界与许可;照料与家庭;劳动与组织;生态与自然","02;03;04;05;06;07;08;09;10;12;13;14;16;17;18;25;32"
"532","0bd48c88-caa6-52e3-ad81-44a8d4529a39","未见多人","2025-10-14","事实与证据;定义与达意;选择与自由;责任与后果;成本与总账;边界与许可;照料与家庭;劳动与组织;法律与秩序;权力与异议;心理与主体","02;03;04;05;06;07;08;09;10;12;13;14;16;17;18"
"533","0bab30a5-53c4-5526-bac2-c785bde6df3a","为所欲为","2025-10-14","事实与证据;选择与自由;责任与后果;爱与回应;技术与工程","02;03;04;05;07;08;09;10;12;13;14;16;17;18;32;33"
"534","9752ac95-68d2-5e69-b181-92319afec52c","趣人","2025-10-13","定义与达意;选择与自由;责任与后果;信用与信任;边界与许可;权力与异议","02;03;05;06;07;09;10;12;16;17;18"
"535","34ec18a0-6eef-53ce-86ee-9d492e236470","拳套","2025-10-12","事实与证据;定义与达意;能力与学习;选择与自由;爱与回应;边界与许可;劳动与组织","02;04;05;06;07;08;09;10;12;13;14;16;17;18"
"536","27462b6d-fcfc-5866-9008-2c538811aae7","扛把子","2025-10-11","定义与达意;能力与学习;选择与自由;责任与后果;成本与总账;边界与许可;照料与家庭;劳动与组织;生态与自然;心理与主体","02;03;04;05;06;07;08;09;10;12;13;14;16;17;18;25;32"
"537","040a8cd9-e564-547c-850b-426d0baccb04","由智而慧","2025-10-10","事实与证据;定义与达意;能力与学习;权力与异议;心理与主体","03;07;08;09;12;13;14;17;18"
"538","954a17e8-cdd8-5cde-b542-6b37756f0808","相","2025-10-10","定义与达意;信用与信任;文明与历史;心理与主体","03;06;08;09;11;12;13;14;15;17;18;31;32;33"
"539","2b55caf4-bba7-5579-97ba-34407e98eeb1","激情燃烧的岁月","2025-10-09","能力与学习;责任与后果;爱与回应;劳动与组织;技术与工程;心理与主体;性别与身体","02;03;04;05;06;08;10;12;13;14;16;17;18;32;33"
"540","e0b73bcd-934b-5a72-9b18-ab590b18851f","退菜","2025-10-09","事实与证据;责任与后果;成本与总账;信用与信任;净输出与不掠夺;边界与许可;财富与市场;技术与工程;性别与身体","02;03;05;06;08;09;10;12;13;14;16;17;18;32;33"
"541","635ab91b-7547-59b2-a395-dfc56265db12","尖夵","2025-10-08","能力与学习;选择与自由;责任与后果;成本与总账;爱与回应;技术与工程;心理与主体","02;03;04;05;07;08;10;12;13;14;16;17;18;32;33"
"542","9faf5066-361e-5e82-b503-b38f3e44f53c","不满","2025-10-08","事实与证据;定义与达意;能力与学习;选择与自由;责任与后果;成本与总账;信用与信任;爱与回应;边界与许可;财富与市场;法律与秩序;生态与自然;心理与主体","02;03;04;05;06;07;08;09;10;12;13;14;16;17;18;25;32"
"543","5ca35e55-fe25-519d-ac61-49046c6f7be5","色字头上一把刀","2025-10-08","定义与达意;选择与自由;边界与许可;照料与家庭;劳动与组织;财富与市场;法律与秩序;技术与工程;民族与身份;性别与身体","02;03;04;05;06;07;09;10;12;13;14;16;17;18;27;31;32;33"
"544","d9b20edf-578d-5ba0-a83e-88cf05e04092","不拜来使","2025-10-07","事实与证据;能力与学习;选择与自由;责任与后果;劳动与组织;文明与历史","02;03;06;07;08;09;10;11;12;13;15;16;17;18;31;32;33"
"545","185475ec-e931-5aa9-8126-95b6c8824ce5","本末","2025-10-06","定义与达意;能力与学习;责任与后果;成本与总账;爱与回应;边界与许可;文明与历史;心理与主体","02;03;04;05;08;09;10;11;12;13;14;15;16;17;18;31;32;33"
"546","9a07d46a-6b4d-53cf-b9f0-44a0c3bb6605","馆阁","2025-10-06","事实与证据;选择与自由;责任与后果;成本与总账;权力与异议;技术与工程;文明与历史","02;03;07;08;09;10;11;12;13;15;16;17;18;31;32;33"
"547","b116e6ef-6a65-5d8a-bf6d-93b30a4c4b8d","一丝","2025-10-05","定义与达意;能力与学习;选择与自由;责任与后果;成本与总账;边界与许可;心理与主体","02;03;05;07;08;09;10;12;13;14;16;17;18"
"548","628c1506-71d3-5fc7-8d19-d0c9e3141133","自油至电","2025-10-05","能力与学习;选择与自由;成本与总账;劳动与组织;财富与市场;法律与秩序;技术与工程;文明与历史;生态与自然","02;03;06;07;08;10;11;12;13;15;16;17;18;25;31;32;33"
"549","d1adda35-c7c5-54f4-9556-fde86b4facd6","娇","2025-10-05","定义与达意;能力与学习;选择与自由;责任与后果;信用与信任;爱与回应;边界与许可;法律与秩序;心理与主体","02;03;04;05;06;07;08;09;10;12;13;14;16;17;18"
"550","7aea9826-f289-5694-8af2-680f15495b56","黑白九","2025-10-04","事实与证据;定义与达意;能力与学习;选择与自由;权力与异议","02;03;07;08;09;12;13;16;17;18"
"551","d152e266-3e05-5d00-bcf5-ce5e91176e5f","纵","2025-10-03","能力与学习;责任与后果;成本与总账;法律与秩序;权力与异议;文明与历史","02;03;07;08;10;11;12;13;15;18;31;32;33"
"552","83a7e692-afde-5ae8-98f3-89a2ee61ef73","私刑","2025-10-02","事实与证据;选择与自由;责任与后果;成本与总账;财富与市场;生态与自然;性别与身体;宗教与自然法","02;03;05;07;08;09;10;11;12;13;14;16;17;18;25;32"
"553","a8830f3d-8c07-50b0-89d5-a3e1be63752f","阿彪的爱","2025-10-01","成本与总账;爱与回应;净输出与不掠夺;财富与市场;法律与秩序","03;04;05;07;10;12;13;14;16;18"
"554","7c0f7cd7-703e-568e-93ec-9a1e4b696188","无缰","2025-10-01","事实与证据;选择与自由;责任与后果;信用与信任","02;03;06;07;08;09;10;12;16;17;18"
"555","5b08ca5f-bb75-5bde-b1cc-9689c944d8eb","兼听","2025-09-30","事实与证据;定义与达意;劳动与组织;权力与异议","03;06;07;08;09;10;12;13;17;18"
"556","4d062658-1929-52f2-9973-0ab98d5d74f4","维权","2025-09-29","事实与证据;选择与自由;责任与后果;成本与总账;劳动与组织;财富与市场;法律与秩序;权力与异议;心理与主体","02;03;06;07;08;09;10;12;13;14;16;17;18"
"557","8a3fb1e9-b4c5-5800-ada0-5d9e0ffe4a43","好奇猫","2025-09-29","能力与学习;选择与自由;责任与后果;成本与总账;信用与信任;劳动与组织;生态与自然;心理与主体;性别与身体","02;03;05;06;07;08;10;12;13;14;16;17;18;25;32"
"558","6f5e8546-40fb-5617-8357-6d1b60834180","特别自由","2025-09-29","事实与证据;定义与达意;能力与学习;选择与自由;责任与后果;爱与回应;边界与许可;心理与主体","02;03;04;05;07;08;09;10;12;13;14;16;17;18"
"559","ba719483-f4c9-50cb-953c-7ebb2b793642","天河","2025-09-28","能力与学习;选择与自由;责任与后果;成本与总账;信用与信任;爱与回应;边界与许可;劳动与组织;心理与主体","02;03;04;05;06;07;08;10;12;13;14;16;17;18"
"560","b3ef27e8-c4cf-517a-b8e8-d62c77836330","醢","2025-09-27","选择与自由;责任与后果;劳动与组织;财富与市场;权力与异议;技术与工程;文明与历史;民族与身份","02;03;06;07;10;11;12;13;15;16;17;18;27;31;32;33"
"561","96219561-4aac-57e1-9c55-c7cd57b68f30","无人机武士","2025-09-26","事实与证据;定义与达意;能力与学习;选择与自由;成本与总账;信用与信任;劳动与组织;财富与市场;技术与工程;文明与历史","02;03;06;07;08;09;10;11;12;13;15;16;17;18;31;32;33"
"562","06db42e0-fe43-54cc-8e7b-741bdd3ddbca","同甘不共苦","2025-09-26","能力与学习;选择与自由;责任与后果;信用与信任;爱与回应;边界与许可;照料与家庭;法律与秩序;心理与主体;性别与身体","02;03;04;05;06;07;08;10;12;13;14;16;17;18"
"563","7eb4210b-4ebf-5abd-af1c-573582143a19","登堂入室","2025-09-25","能力与学习;选择与自由;责任与后果;爱与回应;净输出与不掠夺;劳动与组织;心理与主体","02;03;04;05;06;07;08;10;12;13;14;16;17;18"
"564","0611a0d3-514d-517b-849b-31c2897cdf0a","无理取闹","2025-09-24","能力与学习;选择与自由;责任与后果;成本与总账;爱与回应;心理与主体;性别与身体","02;03;04;05;07;08;10;12;13;14;16;17;18"
"565","3332eea8-a086-5a08-979d-37317368fea5","拆弹有奖","2025-09-23","事实与证据;定义与达意;选择与自由;责任与后果;成本与总账;信用与信任;财富与市场;技术与工程;文明与历史;民族与身份;心理与主体","02;03;06;07;08;09;10;11;12;13;14;15;16;17;18;27;31;32;33"
"566","27ae2f23-f8bb-57f4-a68d-055dfdf32a83","言论的自由","2025-09-23","定义与达意;选择与自由;边界与许可;法律与秩序;权力与异议","02;03;05;07;09;12;16;17;18"
"567","c1808563-e906-5941-a6c9-793f28de548f","不透明","2025-09-23","能力与学习;责任与后果;成本与总账;信用与信任;劳动与组织;财富与市场;权力与异议;技术与工程","02;03;06;07;08;10;12;13;17;18;32;33"
"568","4f300d21-cf5e-5160-aa1e-8dcfb3e1d852","斗小人","2025-09-22","事实与证据;定义与达意;能力与学习;选择与自由;责任与后果;成本与总账;信用与信任;权力与异议;心理与主体","02;03;06;07;08;09;10;12;13;14;16;17;18"
"569","a8c8e2af-38f9-5f02-a2c3-b8e817cf9474","防偷窥","2025-09-21","事实与证据;能力与学习;选择与自由;边界与许可;生态与自然","02;05;07;08;09;12;13;16;17;18;25;32"
"570","ca1886ab-ca52-580f-acc2-85b6fc37c913","撑船","2025-09-21","定义与达意;能力与学习;选择与自由;成本与总账;净输出与不掠夺;边界与许可;劳动与组织;财富与市场;心理与主体","02;03;05;06;07;08;09;10;12;13;14;16;17;18"
"571","051a8907-eef4-5cc6-b808-cd559d68aa9d","桉","2025-09-20","能力与学习;责任与后果;成本与总账;信用与信任;财富与市场","02;03;06;08;10;12;13;18"
"572","e8104b8f-0b99-50e4-9668-1ab38ed9b0a5","解结","2025-09-20","事实与证据;责任与后果;成本与总账;信用与信任;边界与许可;劳动与组织","02;03;05;06;08;09;10;12;13;16;17;18"
"573","fafc02dd-e98c-58ca-a8ec-702c06038e32","温玉","2025-09-19","定义与达意;能力与学习;选择与自由;责任与后果;成本与总账;法律与秩序;权力与异议","02;03;07;08;09;10;12;13;16;17;18"
"574","e82e61e8-bb5c-5ddc-aa7a-e3ab0f3f3de9","逍遥","2025-09-17","定义与达意;能力与学习;成本与总账;照料与家庭;劳动与组织;财富与市场","03;04;05;06;08;09;10;13;14;16;17;18"
"575","7f4349fc-513d-5f55-9820-65d461b9652e","明正典刑","2025-09-16","能力与学习;责任与后果;成本与总账;信用与信任;边界与许可;照料与家庭;权力与异议;心理与主体","02;03;04;05;06;07;08;10;12;13;14;16;17;18"
"576","42686c42-8de9-522e-84cc-e8e12752b8a7","扶起来试试","2025-09-15","能力与学习;成本与总账;边界与许可;劳动与组织;权力与异议;技术与工程;心理与主体;性别与身体","03;05;06;07;08;10;12;13;14;16;17;18;32;33"
"577","4585db01-7053-5949-911d-9a27ecadef26","受不了","2025-09-14","事实与证据;能力与学习;责任与后果;边界与许可;劳动与组织;性别与身体","02;03;05;06;08;09;10;12;13;14;16;17;18"
"578","b3014872-f472-5a78-9f29-28b0dcd11268","逆刃","2025-09-14","事实与证据;定义与达意;权力与异议;心理与主体","03;07;08;09;12;14;17;18"
"579","622234e9-636c-54a1-8acf-6d712e9a28dd","贫","2025-09-13","事实与证据;定义与达意;成本与总账;信用与信任","03;06;08;09;10;12;17;18"
"580","3bb65692-06d9-5c1d-9845-b42729a0ee27","识于微时","2025-09-13","事实与证据;定义与达意;能力与学习;责任与后果;成本与总账;照料与家庭;劳动与组织;财富与市场;技术与工程;心理与主体","02;03;04;05;06;08;09;10;12;13;14;16;17;18;32;33"
"581","59097971-cd3b-5407-93c9-809f6abbae38","希波克拉底","2025-09-12","能力与学习;成本与总账;劳动与组织;心理与主体;性别与身体","03;05;06;08;10;13;14;16;17;18"
"582","8473663a-12f7-5171-8859-da815ef9f22a","寡欲","2025-09-12","选择与自由;责任与后果;成本与总账;照料与家庭;劳动与组织;财富与市场;技术与工程;文明与历史;性别与身体;宗教与自然法","02;03;04;05;06;07;10;11;12;13;14;15;16;17;18;31;32;33"
"583","672765a3-30c8-503c-86e3-61c261f08316","第三出路","2025-09-11","能力与学习;选择与自由;爱与回应;照料与家庭;生态与自然","02;04;05;07;08;13;14;16;18;25;32"
"584","08008b3b-404a-574f-83d3-7083f6cda1d5","掂","2025-09-10","事实与证据;定义与达意;能力与学习;责任与后果;成本与总账;劳动与组织;权力与异议;技术与工程;心理与主体","02;03;06;07;08;09;10;12;13;14;17;18;32;33"
"585","baee5907-7449-5c41-945a-1b3bd15cd2e6","岂曰无恩","2025-09-09","选择与自由;责任与后果;信用与信任;边界与许可;照料与家庭","02;03;04;05;06;07;10;12;14;16;18"
"586","951e524d-6eab-50ae-8d22-f39398a118bc","早知道","2025-09-08","能力与学习;责任与后果;照料与家庭","02;03;04;05;08;10;12;13;14;16;18"
"587","bcf2a482-1d00-5993-8c65-0935b5499f25","开窍","2025-09-07","定义与达意;能力与学习;选择与自由;责任与后果;成本与总账;劳动与组织","02;03;06;07;08;09;10;12;13;16;17;18"
"588","d4b1d6e0-69f2-551c-bf92-32cad6755776","困兽尤斗","2025-09-06","能力与学习;选择与自由;成本与总账;照料与家庭;权力与异议;生态与自然","02;03;04;05;07;08;10;12;13;14;16;18;25;32"
"589","77f18694-6d5d-56e1-a222-32ef399365ba","耳光","2025-09-05","定义与达意;选择与自由;责任与后果;成本与总账;爱与回应;照料与家庭;权力与异议;心理与主体","02;03;04;05;07;08;09;10;12;14;16;17;18"
"590","f3a37041-b941-504c-b1cd-0276c068b7e5","不厌倦","2025-09-05","能力与学习;选择与自由;责任与后果;爱与回应;净输出与不掠夺;照料与家庭;财富与市场;技术与工程;生态与自然","02;03;04;05;07;08;10;12;13;14;16;17;18;25;32;33"
"591","f21f830d-8026-5923-b561-4d247a865ae6","不稳定","2025-09-04","能力与学习;选择与自由;责任与后果;成本与总账;照料与家庭;劳动与组织","02;03;04;05;06;07;08;10;12;13;14;16;18"
"592","b509e49a-6275-53e2-8933-a156746916c7","透视眼","2025-09-03","事实与证据;定义与达意;能力与学习;技术与工程;文明与历史;生态与自然","08;09;11;13;15;17;18;25;31;32;33"
"593","adcf9c0a-3970-5f19-bc40-b7f25403b0ab","虚与实","2025-09-02","事实与证据;能力与学习;选择与自由;责任与后果;成本与总账;边界与许可;劳动与组织","02;03;05;06;07;08;09;10;12;13;16;17;18"
"594","2203e4f2-7654-5c87-8d88-fe00b38d0b8f","先干为敬","2025-09-01","定义与达意;选择与自由;信用与信任;爱与回应;劳动与组织","02;03;04;05;06;07;09;10;12;13;14;16;17;18"
"595","663b3415-9dda-59e2-b2c9-b3ce5bebac19","细品","2025-09-01","事实与证据;定义与达意;能力与学习;成本与总账;信用与信任;财富与市场;技术与工程;文明与历史","03;06;08;09;10;11;12;13;15;17;18;31;32;33"
"596","646df58c-b155-5563-8646-c7d5dae28529","战而后胜","2025-08-31","事实与证据;定义与达意;能力与学习;选择与自由;心理与主体","02;07;08;09;13;14;16;17;18"
"597","f62b8645-6e57-5158-9b78-8b785241c7a1","云师采药去","2025-08-31","定义与达意;选择与自由;责任与后果;爱与回应;边界与许可;照料与家庭;法律与秩序;文明与历史;心理与主体","02;03;04;05;07;08;09;10;11;12;13;14;15;16;17;18;31;32;33"
"598","cd2d66b0-c4c9-57a2-b9ba-9c54bcf23f69","untouchable","2025-08-30","事实与证据;能力与学习;选择与自由;责任与后果;成本与总账;信用与信任;财富与市场;法律与秩序;权力与异议;技术与工程","02;03;06;07;08;09;10;12;13;16;17;18;32;33"
"599","1e36927e-4fb1-5ef2-aaf4-9ec07bba1870","出格","2025-08-30","成本与总账;边界与许可;劳动与组织;法律与秩序;权力与异议;文明与历史;心理与主体","03;05;06;07;08;10;11;12;13;14;15;16;17;18;31;32;33"
"600","1de3d1f9-c5ac-5e35-aabf-599e8fa73ef0","鸡与猴","2025-08-29","选择与自由;责任与后果;成本与总账;信用与信任;爱与回应;劳动与组织;权力与异议;心理与主体","02;03;04;05;06;07;08;10;12;13;14;16;17;18"
"601","728b87df-4496-5365-bb3e-ad955102c0ba","以彼之名","2025-08-29","事实与证据;定义与达意;能力与学习;选择与自由;责任与后果;成本与总账;信用与信任;财富与市场;法律与秩序;技术与工程;文明与历史;心理与主体","02;03;06;07;08;09;10;11;12;13;14;15;16;17;18;31;32;33"
"602","43221da3-7d9a-5915-bd19-afe37c7c9560","依法强硬","2025-08-28","事实与证据;定义与达意;能力与学习;责任与后果;成本与总账;边界与许可;法律与秩序","02;03;05;07;08;09;10;12;13;16;17;18"
"603","79d298d7-5550-533a-8ed9-02e2470c77a0","难得糊涂","2025-08-28","事实与证据;选择与自由;责任与后果;成本与总账;信用与信任;爱与回应;边界与许可;照料与家庭;心理与主体","02;03;04;05;06;07;08;09;10;12;14;16;17;18"
"604","d40f64f5-edf7-5ed3-85f7-5b90c0783574","黑皮千王","2025-08-27","定义与达意;能力与学习;劳动与组织;财富与市场","03;06;08;09;10;13;17;18"
"605","8a9bdbce-1e40-567f-aa02-35b16a4542ce","要有光","2025-08-27","定义与达意;能力与学习;成本与总账;爱与回应;财富与市场;文明与历史","03;04;05;08;09;10;11;13;14;15;16;17;18;31;32;33"
"606","443d9b50-1891-594b-b641-5415c384d990","百病丛生","2025-08-27","能力与学习;责任与后果;劳动与组织;财富与市场;技术与工程;人工智能与机器;心理与主体;性别与身体","02;03;05;06;08;10;12;13;14;16;17;18;28;29;32;33"
"607","c43e1121-87f2-5d49-a1eb-9b5d0b00aba1","正约","2025-08-26","能力与学习;选择与自由;成本与总账;性别与身体","02;03;05;07;08;10;13;14;16;18"
"608","537f0ff6-e83a-570c-8c74-57e0d647fb17","苟富贵","2025-08-25","能力与学习;财富与市场;法律与秩序;技术与工程;文明与历史;心理与主体;宗教与自然法","03;07;08;10;11;12;13;14;15;17;18;31;32;33"
"609","845a6f53-eaf9-57dd-b47d-47c0981b285b","塑料情","2025-08-25","定义与达意;能力与学习;选择与自由;责任与后果;成本与总账","02;03;07;08;09;10;12;13;16;17;18"
"610","5002be9c-2c06-509d-8b06-c891a45fdcf4","深沉","2025-08-24","事实与证据;定义与达意;能力与学习;成本与总账;财富与市场;技术与工程;文明与历史;心理与主体","03;08;09;10;11;13;14;15;17;18;31;32;33"
"611","54039888-bf75-5795-acaa-8823f90316f0","压垮天平","2025-08-23","事实与证据;定义与达意;能力与学习;选择与自由;责任与后果;成本与总账;边界与许可;权力与异议","02;03;05;07;08;09;10;12;13;16;17;18"
"612","e0ac9c71-930f-5e73-89aa-e7f299631c94","技术解决","2025-08-22","成本与总账;照料与家庭;技术与工程","03;04;05;10;13;14;16;17;18;32;33"
"613","f802ebcb-2bb9-59a4-a1f1-92fec9fcfe10","于爱无违","2025-08-22","选择与自由;责任与后果;成本与总账;信用与信任;爱与回应","02;03;04;05;06;07;10;12;14;16;18"
"614","d996c22f-42de-5943-9b5a-dcabaeff555d","良缘","2025-08-21","事实与证据;能力与学习;爱与回应;财富与市场","03;04;05;08;09;10;13;14;16;17;18"
"615","3de2b024-4275-512c-bf4f-fd5877b3619f","韩信","2025-08-20","技术与工程;文明与历史;生态与自然","11;13;15;17;18;25;31;32;33"
"616","d147ddb7-9e1c-5507-a031-cbdf695edab0","小玄子","2025-08-20","定义与达意;选择与自由;成本与总账;爱与回应;照料与家庭","02;03;04;05;07;09;10;14;16;17;18"
"617","2b2729c5-f76f-5279-92ea-1c4177790523","一根稻草","2025-08-20","责任与后果;成本与总账;边界与许可;照料与家庭;劳动与组织;财富与市场;法律与秩序;文明与历史","02;03;04;05;06;07;10;11;12;13;14;15;16;18;31;32;33"
"618","37a01550-d2c7-5d7a-a171-b27213176611","两虎","2025-08-19","事实与证据;能力与学习;选择与自由;责任与后果;成本与总账;信用与信任;净输出与不掠夺;劳动与组织","02;03;05;06;07;08;09;10;12;13;16;17;18"
"619","b7bc5342-f806-5ac0-9f8e-0ddeb162e3d0","沙里金","2025-08-18","事实与证据;定义与达意;能力与学习;选择与自由;成本与总账;技术与工程;文明与历史","02;03;07;08;09;10;11;13;15;16;17;18;31;32;33"
"620","8033de46-89e4-597e-8722-3995f33963ab","盗泉","2025-08-17","选择与自由;责任与后果;照料与家庭;法律与秩序;宗教与自然法","02;03;04;05;07;10;11;12;14;16;18"
"621","7e491f6b-156f-58aa-8f0a-b169d44bf1fd","干参","2025-08-16","事实与证据;文明与历史","08;09;11;13;15;17;31;32;33"
"622","9a5f5eca-7af4-5ea8-b09d-7b84d9c5e2c0","陪","2025-08-15","爱与回应;照料与家庭;劳动与组织;财富与市场;文明与历史;心理与主体","03;04;05;06;08;10;11;13;14;15;16;17;18;31;32;33"
"623","613fc4ac-c1f7-51ea-a2b0-d8deca0dbbcf","火油","2025-08-14","能力与学习;选择与自由;责任与后果;成本与总账;照料与家庭;财富与市场;法律与秩序;权力与异议;技术与工程;文明与历史;心理与主体;性别与身体","02;03;04;05;07;08;10;11;12;13;14;15;16;17;18;31;32;33"
"624","c96b0938-922f-5b85-980b-0e45fc3607d9","投桃不报李","2025-08-14","能力与学习;选择与自由;责任与后果;成本与总账;信用与信任;爱与回应;净输出与不掠夺;人工智能与机器;心理与主体","02;03;04;05;06;07;08;10;12;13;14;16;17;18;28;29;33"
"625","2fd8d665-a1e8-5e8b-bd98-4696b19cff95","工作重点","2025-08-13","定义与达意;选择与自由;责任与后果;成本与总账;劳动与组织;心理与主体","02;03;06;07;08;09;10;12;13;14;16;17;18"
"626","f1eb2c42-83ab-56db-b929-7ee33af59194","三十而立","2025-08-12","能力与学习;责任与后果;成本与总账;照料与家庭;劳动与组织;文明与历史;心理与主体;性别与身体","02;03;04;05;06;08;10;11;12;13;14;15;16;17;18;31;32;33"
"627","3bd890c4-b62f-5784-bb37-415baaae8259","通幽胜境","2025-08-12","事实与证据;定义与达意;能力与学习;责任与后果;成本与总账;照料与家庭;财富与市场;技术与工程","02;03;04;05;08;09;10;12;13;14;16;17;18;32;33"
"628","bf974a63-a7b7-5d1f-ab2e-2a96b2fae404","饵电","2025-08-11","选择与自由;责任与后果;成本与总账;民族与身份;心理与主体;性别与身体","02;03;05;07;08;10;12;14;16;17;18;27;31"
"629","9ef9429a-9693-5537-b054-1c8d0c36e211","不配","2025-08-11","事实与证据;定义与达意;能力与学习;爱与回应;权力与异议","03;04;05;07;08;09;12;13;14;16;17;18"
"630","6f08a1ac-13ad-574f-8dd8-2238d5cbe2b5","石破天惊","2025-08-10","能力与学习;责任与后果;成本与总账;财富与市场;法律与秩序;技术与工程","02;03;07;08;10;12;13;17;18;32;33"
"631","21c276d1-9786-50d2-a4af-c95fdf7244d7","败犹胜","2025-08-09","事实与证据;定义与达意;选择与自由;责任与后果;成本与总账;信用与信任;净输出与不掠夺;劳动与组织;心理与主体","02;03;05;06;07;08;09;10;12;13;14;16;17;18"
"632","73622cfd-2dfa-5af9-a4a7-6197c5f4f246","推挤","2025-08-08","事实与证据;定义与达意;能力与学习;选择与自由;责任与后果;爱与回应;照料与家庭;劳动与组织;法律与秩序;权力与异议;性别与身体","02;03;04;05;06;07;08;09;10;12;13;14;16;17;18"
"633","347a3aba-4b68-5876-9507-35a5369abb2d","败寇","2025-08-07","事实与证据;财富与市场;技术与工程;文明与历史;心理与主体","03;08;09;10;11;13;14;15;17;18;31;32;33"
"634","4e528a50-8f8a-5f37-870b-0044ddfcc839","缚虎","2025-08-06","能力与学习;责任与后果;成本与总账;劳动与组织;权力与异议;性别与身体","02;03;05;06;07;08;10;12;13;14;16;18"
"635","3354f89f-28ad-5816-b0ff-42b7f93388ca","泥里的智慧","2025-08-05","能力与学习;选择与自由;责任与后果;爱与回应;边界与许可;法律与秩序;文明与历史;心理与主体;性别与身体","02;03;04;05;07;08;10;11;12;13;14;15;16;17;18;31;32;33"
"636","3dfaa721-5b8f-5f42-b950-aeeb92a49fd4","十年河西","2025-08-04","事实与证据;能力与学习;心理与主体","08;09;13;14;17;18"
"637","e830e716-ff9a-5e35-bcbe-b07193fcfab1","站着活","2025-08-04","事实与证据;能力与学习;责任与后果;成本与总账;信用与信任;爱与回应;边界与许可;照料与家庭;权力与异议","02;03;04;05;06;07;08;09;10;12;13;14;16;17;18"
"638","90d3f9b7-7e04-5e97-b1dc-68619b88adc5","无染","2025-08-03","事实与证据;能力与学习;爱与回应;边界与许可;心理与主体","04;05;08;09;12;13;14;16;17;18"
"639","433e60bd-1fd3-552a-88b8-f5639c6547fe","白银黑铁","2025-08-03","事实与证据;责任与后果;成本与总账;技术与工程;文明与历史;生态与自然","02;03;08;09;10;11;12;13;15;17;18;25;31;32;33"
"640","473920e6-0127-5941-98ec-60f6aedf4301","细水","2025-08-03","能力与学习;选择与自由;责任与后果;信用与信任;边界与许可;照料与家庭;财富与市场;心理与主体","02;03;04;05;06;07;08;10;12;13;14;16;17;18"
"641","d5ebe369-6602-5976-b8d6-324d732ed3f5","因祸得福","2025-08-03","责任与后果;爱与回应","02;03;04;05;10;12;14;16;18"
"642","0b7a3ad3-951b-5306-86fe-5679b19219e5","落花流水","2025-08-03","能力与学习;责任与后果;成本与总账","02;03;08;10;12;13;18"
"643","e91365b5-6ff4-56cf-ba9b-d5204f5bfcb6","莫西沙","2025-08-03","能力与学习;财富与市场","03;08;10;13;18"
"644","23ed3014-00b0-5835-998d-0215c5eea114","硬是要得","2025-08-02","事实与证据;能力与学习;权力与异议;心理与主体","03;07;08;09;12;13;14;17;18"
"645","2594339e-ab47-562d-bee7-c56fbb2ca325","乐此不疲","2025-08-01","能力与学习;选择与自由;责任与后果;边界与许可;照料与家庭;劳动与组织;心理与主体","02;03;04;05;06;07;08;10;12;13;14;16;17;18"
"646","43611477-c31c-532d-b907-6c7a6ff73160","二不可测","2025-07-31","选择与自由;责任与后果;成本与总账;信用与信任;边界与许可;劳动与组织;法律与秩序;权力与异议;性别与身体","02;03;05;06;07;10;12;13;14;16;18"
"647","26876f86-c87f-52d4-94b2-af989eb2717b","司机学","2025-07-31","定义与达意;能力与学习;选择与自由;责任与后果;成本与总账;信用与信任;劳动与组织;权力与异议;技术与工程;心理与主体","02;03;06;07;08;09;10;12;13;14;16;17;18;32;33"
"648","5a351e52-4607-5c35-add1-6420fe541078","学习的料","2025-07-30","定义与达意;能力与学习;责任与后果;边界与许可;照料与家庭;技术与工程;人工智能与机器;心理与主体;性别与身体","02;03;04;05;08;09;10;12;13;14;16;17;18;28;29;32;33"
"649","7d450309-fede-5a03-b2ea-c31ad846c894","惟余莽莽","2025-07-29","能力与学习;选择与自由;责任与后果;成本与总账;信用与信任;劳动与组织;财富与市场;法律与秩序;技术与工程;文明与历史","02;03;06;07;08;10;11;12;13;15;16;17;18;31;32;33"
"650","8016d7ab-47ef-5117-96df-fb34356d8e8d","无关紧要","2025-07-29","责任与后果;信用与信任;爱与回应;照料与家庭;劳动与组织;法律与秩序;文明与历史;宗教与自然法","02;03;04;05;06;07;10;11;12;13;14;15;16;18;31;32;33"
"651","026dafd1-371b-551e-936c-51fc9e27c377","铺路石","2025-07-28","事实与证据;责任与后果;爱与回应;技术与工程;性别与身体","02;03;04;05;08;09;10;12;13;14;16;17;18;32;33"
"652","1df48cbb-a39b-5c8b-b17c-80df9322bd81","逆风而生","2025-07-28","事实与证据;能力与学习;技术与工程;文明与历史;心理与主体;性别与身体","05;08;09;11;13;14;15;16;17;18;31;32;33"
"653","009b4fc0-000d-58ed-b75e-ab29b745c626","无罪可言","2025-07-27","事实与证据;能力与学习;责任与后果;成本与总账;边界与许可;照料与家庭;劳动与组织;法律与秩序;心理与主体","02;03;04;05;06;07;08;09;10;12;13;14;16;17;18"
"654","da320bac-2d6b-5481-91b9-eb547342e2af","义愤填膺","2025-07-26","事实与证据;定义与达意;责任与后果;成本与总账;边界与许可;法律与秩序;心理与主体","02;03;05;07;08;09;10;12;14;16;17;18"
"655","54622048-fc7a-52a8-95ef-75e6e911682e","单双杀","2025-07-26","事实与证据;选择与自由;责任与后果;爱与回应;照料与家庭;劳动与组织;法律与秩序","02;03;04;05;06;07;08;09;10;12;13;14;16;17;18"
"656","81a27eae-342f-566e-9dec-eb69e613cdb8","龟","2025-07-25","能力与学习;选择与自由;爱与回应;照料与家庭;劳动与组织;权力与异议;心理与主体;性别与身体","02;03;04;05;06;07;08;10;12;13;14;16;17;18"
"657","200309fc-1b48-536f-8a58-7f6e61f9436e","我没有","2025-07-24","事实与证据;定义与达意;法律与秩序;心理与主体","07;08;09;12;14;17;18"
"658","7072144a-1709-5d20-888b-f555df7de141","仓鼠","2025-07-24","能力与学习;劳动与组织;财富与市场;技术与工程;文明与历史","03;06;08;10;11;13;15;17;18;31;32;33"
"659","de694da9-3413-5b49-98bf-44f551b534ca","正五负二","2025-07-23","能力与学习;责任与后果;成本与总账;照料与家庭;劳动与组织;财富与市场;心理与主体","02;03;04;05;06;08;10;12;13;14;16;17;18"
"660","04bfd910-2819-5fab-a687-fa0251fa5af3","四台阶","2025-07-22","事实与证据;法律与秩序;权力与异议;技术与工程;心理与主体","03;07;08;09;12;13;14;17;18;32;33"
"661","a3a51ad5-e854-5912-a7e2-52f177044815","风流","2025-07-22","选择与自由;责任与后果;爱与回应;法律与秩序;文明与历史","02;03;04;05;07;10;11;12;13;14;15;16;18;31;32;33"
"662","b714bfe4-e4a9-5350-a3c4-f41807358b19","正念","2025-07-21","能力与学习;成本与总账;照料与家庭;劳动与组织;心理与主体","03;04;05;06;08;10;13;14;16;17;18"
"663","b6a6cd99-65a5-5044-9d1a-8bfb95242df6","胆","2025-07-21","能力与学习;选择与自由;责任与后果;劳动与组织;财富与市场","02;03;06;07;08;10;12;13;16;18"
"664","352dd6cf-c2c5-5397-8123-484665ba9131","延迟满足","2025-07-20","能力与学习;法律与秩序;权力与异议;文明与历史","03;07;08;11;12;13;15;18;31;32;33"
"665","a9001930-db0d-5adb-97e5-5018efde3e5d","比辛苦","2025-07-19","事实与证据;能力与学习;选择与自由;责任与后果;照料与家庭;法律与秩序;权力与异议","02;03;04;05;07;08;09;10;12;13;14;16;17;18"
"666","9e892b7a-495b-547d-b9c0-c9b191191841","敢不成功","2025-07-19","事实与证据;定义与达意;能力与学习;边界与许可;照料与家庭;财富与市场;权力与异议;技术与工程","03;04;05;07;08;09;10;12;13;14;16;17;18;32;33"
"667","9f732107-d325-5835-ba6d-edb5d2635ce2","糖反馈","2025-07-18","定义与达意;能力与学习;成本与总账;劳动与组织;财富与市场;心理与主体","03;06;08;09;10;13;14;17;18"
"668","14dd1dff-4061-5776-9088-102adf398323","一盏灯","2025-07-17","能力与学习;信用与信任;爱与回应;边界与许可;财富与市场;心理与主体","03;04;05;06;08;10;12;13;14;16;17;18"
"669","b8654507-6bff-5b2e-a5d5-e963065da83b","到此一游","2025-07-17","事实与证据;选择与自由;责任与后果;信用与信任;权力与异议;技术与工程;心理与主体","02;03;06;07;08;09;10;12;13;14;16;17;18;32;33"
"670","3f60b79b-ca99-5d1a-bfa1-ee2a7ef36dd4","熊掌炖鱼","2025-07-16","事实与证据;选择与自由;责任与后果;成本与总账;权力与异议;宗教与自然法","02;03;07;08;09;10;11;12;16;17;18"
"671","388c5dec-1ea2-59c0-b523-b545b93eac36","湿柴","2025-07-15","事实与证据;选择与自由;责任与后果;信用与信任;爱与回应","02;03;04;05;06;07;08;09;10;12;14;16;17;18"
"672","b17528fe-fb0e-58a4-88a9-8ea77540ee27","爱的能力","2025-07-15","定义与达意;能力与学习;选择与自由;成本与总账;爱与回应;心理与主体","02;03;04;05;07;08;09;10;13;14;16;17;18"
"673","a2bbe5aa-c9c7-5f41-bf9f-f94c2604ac36","白辛苦勿辛苦","2025-07-14","事实与证据;能力与学习;选择与自由;信用与信任;边界与许可;文明与历史;宗教与自然法","02;03;05;06;07;08;09;11;12;13;15;16;17;18;31;32;33"
"674","32fa23c0-5b5d-53f2-863d-146a2c5f44ff","内经","2025-07-13","事实与证据;定义与达意;选择与自由;责任与后果;成本与总账;净输出与不掠夺;法律与秩序","02;03;05;07;08;09;10;12;16;17;18"
"675","5a76d153-7e1d-54c4-ac20-3eae53bde353","太阳王","2025-07-13","定义与达意;选择与自由;成本与总账;净输出与不掠夺;边界与许可;劳动与组织","02;03;05;06;07;09;10;12;13;16;17;18"
"676","426b26a6-1251-5356-8a3f-17aef2aa6ac5","同情","2025-07-12","责任与后果;成本与总账;边界与许可;法律与秩序;权力与异议;心理与主体","02;03;05;07;08;10;12;14;16;17;18"
"677","d84c5dc7-37fa-58dc-8a21-a8949d3641a3","野外迷失","2025-07-12","事实与证据;责任与后果;成本与总账;法律与秩序;权力与异议;技术与工程","02;03;07;08;09;10;12;13;17;18;32;33"
"678","c5680555-961a-57b1-8fa1-e11f505ddf22","欲为布衣","2025-07-11","定义与达意;能力与学习;选择与自由;心理与主体","02;07;08;09;13;14;16;17;18"
"679","4f5537ae-f1bd-50d1-94f8-3d8f85ae1535","湿地","2025-07-10","定义与达意;能力与学习;责任与后果;边界与许可;劳动与组织;法律与秩序;权力与异议","02;03;05;06;07;08;09;10;12;13;16;17;18"
"680","3b4caa5a-78f7-5f17-90e7-a1b48ca8fb46","艺业","2025-07-09","事实与证据;定义与达意;能力与学习;选择与自由;责任与后果;成本与总账;照料与家庭;生态与自然;心理与主体","02;03;04;05;07;08;09;10;12;13;14;16;17;18;25;32"
"681","db61a7f7-1658-5a48-b2eb-4ad88806428e","防人","2025-07-09","能力与学习;成本与总账;爱与回应;财富与市场;法律与秩序;权力与异议","03;04;05;07;08;10;12;13;14;16;18"
"682","7e5e1981-35e2-59fb-b9e8-ba8d4bb6aa92","坦克连","2025-07-09","事实与证据;定义与达意;能力与学习;责任与后果;边界与许可;照料与家庭;法律与秩序;心理与主体","02;03;04;05;07;08;09;10;12;13;14;16;17;18"
"683","80356bd4-e8ea-50ef-949e-978fa4a0edc1","慕少艾","2025-07-08","定义与达意;选择与自由;责任与后果;成本与总账;爱与回应;净输出与不掠夺;边界与许可","02;03;04;05;07;09;10;12;14;16;17;18"
"684","cc9a60b2-db31-589e-b4a9-1311291ad022","知胜机","2025-07-08","能力与学习;选择与自由;劳动与组织;法律与秩序;文明与历史","02;06;07;08;10;11;12;13;15;16;18;31;32;33"
"685","5f0d4935-2686-5cfe-a6c3-f2f4586e5a5b","基本功","2025-07-07","定义与达意;能力与学习;责任与后果;成本与总账;爱与回应;心理与主体","02;03;04;05;08;09;10;12;13;14;16;17;18"
"686","851c4582-02bc-528e-abc2-c8b1489c0fb2","忒煞风景","2025-07-06","事实与证据;选择与自由;责任与后果;劳动与组织;文明与历史;心理与主体","02;03;06;07;08;09;10;11;12;13;14;15;16;17;18;31;32;33"
"687","9e8af497-b66a-5737-a08d-917b486ef6ac","毫米龙王","2025-07-06","能力与学习;责任与后果;成本与总账;信用与信任;边界与许可;照料与家庭;劳动与组织","02;03;04;05;06;08;10;12;13;14;16;18"
"688","aaf212b3-d25e-50e9-9634-af72e4d341e6","背水人","2025-07-05","定义与达意;能力与学习;责任与后果;成本与总账;劳动与组织","02;03;06;08;09;10;12;13;17;18"
"689","47408416-6762-551c-bfdf-362c2c89812a","小猫游戏","2025-07-05","事实与证据;能力与学习;责任与后果;成本与总账;信用与信任;爱与回应;照料与家庭;法律与秩序;文明与历史","02;03;04;05;06;07;08;09;10;11;12;13;14;15;16;17;18;31;32;33"
"690","40931765-4b99-5992-8e91-eda782abb3d4","明日之子","2025-07-04","事实与证据;能力与学习;选择与自由;文明与历史","02;07;08;09;11;13;15;16;17;18;31;32;33"
"691","8e93e95e-7930-5af0-a2e8-0865912a69fc","无痕","2025-07-04","定义与达意;选择与自由;责任与后果;爱与回应;边界与许可;心理与主体","02;03;04;05;07;08;09;10;12;14;16;17;18"
"692","6af10195-d54a-5e56-9aaf-42b2139eda09","man of words","2025-07-03","选择与自由;责任与后果;信用与信任;爱与回应;心理与主体","02;03;04;05;06;07;08;10;12;14;16;17;18"
"693","7aa6e7e3-3ba4-5e06-acb4-2faff3d5d0d1","正果","2025-07-03","事实与证据;选择与自由;责任与后果;成本与总账;法律与秩序;文明与历史","02;03;07;08;09;10;11;12;13;15;16;17;18;31;32;33"
"694","01a2b7b6-a5cf-59a1-98a4-eff43456670c","学股神","2025-07-03","能力与学习;选择与自由;成本与总账;财富与市场;技术与工程;心理与主体","02;03;07;08;10;13;14;16;17;18;32;33"
"695","b42ae056-9dac-5389-bb7a-0526afdc9c98","不解释","2025-07-03","事实与证据;定义与达意;选择与自由;责任与后果;边界与许可;权力与异议;心理与主体;性别与身体","02;03;05;07;08;09;10;12;14;16;17;18"
"696","b42bc4ae-a485-58f5-96b5-cb4efc1bcdef","不动","2025-07-02","事实与证据;定义与达意;能力与学习;选择与自由;信用与信任;边界与许可;心理与主体","02;03;05;06;07;08;09;12;13;14;16;17;18"
"697","0af8d292-a1e4-53c0-a143-d1561716f291","真假警","2025-07-02","事实与证据;责任与后果;边界与许可","02;03;05;08;09;10;12;16;17;18"
"698","fa430572-808b-5e7f-a4e1-6297021da0a8","空窗外","2025-07-02","事实与证据;能力与学习;选择与自由;责任与后果;信用与信任;爱与回应;边界与许可;劳动与组织","02;03;04;05;06;07;08;09;10;12;13;14;16;17;18"
"699","d41a45b7-2962-5f45-873e-37f8c640f144","狠人","2025-07-01","事实与证据;定义与达意;能力与学习;选择与自由;责任与后果;成本与总账;爱与回应;技术与工程","02;03;04;05;07;08;09;10;12;13;14;16;17;18;32;33"
"700","53b34398-6a0c-57d3-833b-eb08f9fc9cc4","将上堂","2025-06-30","责任与后果;成本与总账;劳动与组织;权力与异议","02;03;06;07;10;12;13;18"
"701","945e959a-79f1-5845-a644-c37e149d73d0","早鸟","2025-06-30","能力与学习;选择与自由;责任与后果;成本与总账;劳动与组织;心理与主体;性别与身体","02;03;05;06;07;08;10;12;13;14;16;17;18"
"702","326549a5-ea34-5aaf-be54-491985a4378c","雄竞","2025-06-30","能力与学习;选择与自由;成本与总账;爱与回应;财富与市场;文明与历史","02;03;04;05;07;08;10;11;13;14;15;16;18;31;32;33"
"703","52460c10-2bdc-5630-9f66-b0a45df64c0d","盗火线2","2025-06-29","事实与证据;能力与学习;选择与自由;责任与后果;成本与总账;心理与主体","02;03;07;08;09;10;12;13;14;16;17;18"
"704","f3dd34f4-f4c8-5dd1-9a14-3dc0714f6137","不食毒","2025-06-29","事实与证据;选择与自由;责任与后果;成本与总账;信用与信任;爱与回应;照料与家庭;财富与市场;权力与异议;性别与身体","02;03;04;05;06;07;08;09;10;12;13;14;16;17;18"
"705","943bf03f-33b0-5084-97e1-92812b2e5f9f","促之狭","2025-06-28","事实与证据;选择与自由;成本与总账;财富与市场;心理与主体","02;03;07;08;09;10;13;14;16;17;18"
"706","54ba48cd-9fa2-574b-b2fa-f398c9d55812","咁都得","2025-06-28","能力与学习;选择与自由;文明与历史;生态与自然","02;07;08;11;13;15;16;18;25;31;32;33"
"707","12147b8f-6db7-5e4f-a7b0-475de51cbb65","天人合一","2025-06-27","事实与证据;定义与达意;能力与学习;选择与自由;边界与许可;技术与工程;文明与历史;生态与自然;宗教与自然法","02;05;07;08;09;11;12;13;15;16;17;18;25;31;32;33"
"708","13eb95c6-4062-5cc6-b8bf-90a819f40de0","幼稚帽","2025-06-27","事实与证据;定义与达意;能力与学习","08;09;13;17;18"
"709","58d9edf0-a7c5-5ccb-b07e-43f8a2bd5a7b","签字人","2025-06-27","定义与达意;成本与总账;信用与信任;爱与回应;边界与许可;照料与家庭;法律与秩序","03;04;05;06;07;09;10;12;14;16;17;18"
"710","db1a4d68-e4e6-5989-9e52-0f695dbae311","阶层的弦","2025-06-26","事实与证据;能力与学习;责任与后果;成本与总账;财富与市场;技术与工程;心理与主体","02;03;08;09;10;12;13;14;17;18;32;33"
"711","05d3be97-1b30-5c13-8330-1c5bb3992838","两个钱包","2025-06-26","事实与证据;能力与学习;选择与自由;成本与总账;净输出与不掠夺;劳动与组织;心理与主体;宗教与自然法","02;03;05;06;07;08;09;10;11;13;14;16;17;18"
"712","07378320-429a-5ba4-bfb2-c6cbf726b1d3","带动","2025-06-25","事实与证据;定义与达意;选择与自由;责任与后果;成本与总账;信用与信任;边界与许可;劳动与组织;心理与主体","02;03;05;06;07;08;09;10;12;13;14;16;17;18"
"713","1ce48e14-a02b-59f3-b6ff-e87932cabb9f","反捞流","2025-06-24","能力与学习;选择与自由;成本与总账;信用与信任;爱与回应;心理与主体;性别与身体","02;03;04;05;06;07;08;10;12;13;14;16;17;18"
"714","630037f5-2634-5759-9f6e-617bba9db920","三百首","2025-06-24","事实与证据;能力与学习;选择与自由;成本与总账;信用与信任;财富与市场;法律与秩序","02;03;06;07;08;09;10;12;13;16;17;18"
"715","fd24bdb5-7cb4-5ec9-976a-34500a82e7cc","薮猫的微笑","2025-06-23","选择与自由;责任与后果;成本与总账;爱与回应;边界与许可;照料与家庭;劳动与组织;法律与秩序;心理与主体","02;03;04;05;06;07;08;10;12;13;14;16;17;18"
"716","d88fd6fe-7bbc-5f04-b980-46a4bb8a710b","趣小鬼","2025-06-23","责任与后果;劳动与组织;法律与秩序","02;03;06;07;10;12;13;18"
"717","88e6d7ed-9743-53cd-a936-c9097032cf38","水太凉","2025-06-23","能力与学习;责任与后果;成本与总账;爱与回应;照料与家庭;财富与市场;心理与主体;性别与身体;宗教与自然法","02;03;04;05;07;08;10;11;12;13;14;16;17;18"
"718","522087a0-853b-5dbb-a372-51f9e2154629","君子不器","2025-06-22","事实与证据;能力与学习;选择与自由;照料与家庭;权力与异议;心理与主体","02;03;04;05;07;08;09;12;13;14;16;17;18"
"719","fd4d8932-8bc8-5c25-87ba-3c20afc95ab4","内力","2025-06-21","定义与达意;能力与学习;选择与自由;责任与后果;劳动与组织;性别与身体","02;03;05;06;07;08;09;10;12;13;14;16;17;18"
"720","33b1c13a-35e6-5f61-85db-a131c5a368c7","犀牛望月","2025-06-21","选择与自由;责任与后果;成本与总账;信用与信任;爱与回应;心理与主体","02;03;04;05;06;07;08;10;12;14;16;17;18"
"721","5777e8e9-d618-5dc3-84bc-b0014f5b7c0b","同温层堡垒","2025-06-20","事实与证据;定义与达意;能力与学习;照料与家庭;技术与工程;文明与历史;心理与主体","04;05;08;09;11;13;14;15;16;17;18;31;32;33"
"722","c7c3dbd9-33a6-5ecf-9c9d-06f0177f9120","告密","2025-06-19","能力与学习;责任与后果;信用与信任","02;03;06;08;10;12;13;18"
"723","e6909029-fd54-51e5-8d8e-38caf8b6268a","一个演员","2025-06-19","选择与自由;成本与总账;信用与信任;财富与市场","02;03;06;07;10;12;13;16;18"
"724","e213a655-9e9e-5732-907e-1d0a0410a0c8","井绳","2025-06-18","能力与学习;责任与后果;信用与信任;心理与主体;宗教与自然法","02;03;06;07;08;10;11;12;13;14;17;18"
"725","7b4f7740-aec3-5f85-96e9-ab4b4dd04c11","炫富","2025-06-18","定义与达意;责任与后果;爱与回应;净输出与不掠夺;财富与市场","02;03;04;05;09;10;12;13;14;16;17;18"
"726","18a89fe5-cb78-56fc-ab21-336b87a3cb04","镜中人","2025-06-17","爱与回应;性别与身体","04;05;14;16"
"727","5b51e3ff-d960-5e2c-a7d8-ee9871a983a1","狼烟动力","2025-06-17","能力与学习;选择与自由;责任与后果;文明与历史;心理与主体","02;03;07;08;10;11;12;13;14;15;16;17;18;31;32;33"
"728","13a92ae9-f058-52ea-a234-cc10980c0ce5","善良的门把手","2025-06-17","定义与达意;能力与学习;选择与自由;责任与后果;信用与信任;心理与主体","02;03;06;07;08;09;10;12;13;14;16;17;18"
"729","4f977534-1fc7-581c-af83-d0746f0a3a1a","鸳鸯锅","2025-06-16","选择与自由;责任与后果;成本与总账;劳动与组织;法律与秩序;权力与异议;技术与工程;心理与主体","02;03;06;07;08;10;12;13;14;16;17;18;32;33"
"730","4aa6161d-a893-5470-954b-dcfe2cd4dd7a","魔丸真火","2025-06-16","能力与学习;选择与自由;责任与后果;成本与总账;爱与回应","02;03;04;05;07;08;10;12;13;14;16;18"
"731","06c852a2-23fb-59c6-88f9-5669da85c66d","六连响","2025-06-15","事实与证据;能力与学习;财富与市场;技术与工程;文明与历史","03;08;09;10;11;13;15;17;18;31;32;33"
"732","da6f5c1c-e01b-5f75-abb3-fbf29b15c36f","妈妈岗","2025-06-15","选择与自由;责任与后果;成本与总账;照料与家庭;劳动与组织;财富与市场;性别与身体","02;03;04;05;06;07;10;12;13;14;16;18"
"733","107d7eff-c9f3-58ad-96b8-97602ae83cbe","我和我的","2025-06-14","能力与学习;法律与秩序;技术与工程;性别与身体","05;07;08;12;13;14;16;17;18;32;33"
"734","e020318f-ba10-524b-8c6c-bd4e0fd5a1e0","政治头脑","2025-06-14","事实与证据;定义与达意;能力与学习;成本与总账;劳动与组织;权力与异议;技术与工程;心理与主体","03;06;07;08;09;10;12;13;14;17;18;32;33"
"735","f331a55c-503e-5f50-97be-723513dcecfd","精力有限","2025-06-13","定义与达意;能力与学习;选择与自由;爱与回应;照料与家庭;技术与工程;心理与主体","02;04;05;07;08;09;13;14;16;17;18;32;33"
"736","6d5f066d-9ef0-5a23-ad8a-cfa848b7152e","指定幸存者","2025-06-12","责任与后果;成本与总账;边界与许可;劳动与组织;技术与工程","02;03;05;06;10;12;13;16;17;18;32;33"
"737","b1a3900f-899d-5834-9ce0-38e0a3a08ef6","免责在先","2025-06-12","责任与后果;成本与总账;边界与许可;法律与秩序","02;03;05;07;10;12;16;18"
"738","d16745df-7c52-5dcb-bf91-b900e06382e2","一毛","2025-06-12","事实与证据;定义与达意;选择与自由;责任与后果;成本与总账;爱与回应;净输出与不掠夺;法律与秩序;文明与历史;心理与主体","02;03;04;05;07;08;09;10;11;12;13;14;15;16;17;18;31;32;33"
"739","3f6a6867-71a7-57fa-9071-39d374b1621b","人所不能者","2025-06-11","能力与学习;责任与后果;成本与总账;爱与回应;照料与家庭;劳动与组织;权力与异议;性别与身体","02;03;04;05;06;07;08;10;12;13;14;16;18"
"740","5178a70c-bf21-5454-bae7-63f0336089dc","无罪之杀","2025-06-10","定义与达意;能力与学习;责任与后果;劳动与组织;财富与市场;法律与秩序;权力与异议;技术与工程;文明与历史;生态与自然;宗教与自然法","02;03;06;07;08;09;10;11;12;13;15;17;18;25;31;32;33"
"741","35b765d8-b886-546c-a214-b1a7ee5d7b43","蒲公英","2025-06-09","能力与学习;责任与后果;成本与总账;信用与信任;爱与回应;边界与许可;照料与家庭;财富与市场;权力与异议;性别与身体","02;03;04;05;06;07;08;10;12;13;14;16;18"
"742","24ce4145-f9d0-52e3-ada7-3f940939a90b","拿着","2025-06-08","事实与证据;定义与达意;选择与自由;责任与后果;成本与总账;边界与许可;心理与主体","02;03;05;07;08;09;10;12;14;16;17;18"
"743","06b3e8ca-8ac1-55a3-8b5d-ccc88d41b814","自尊与虚荣","2025-06-07","定义与达意;能力与学习;责任与后果;信用与信任;边界与许可;心理与主体","02;03;05;06;08;09;10;12;13;14;16;17;18"
"744","619a2a8b-eef6-5317-83c9-df2b5702923b","STUPIDLY SIMPlE","2025-06-06","定义与达意;成本与总账;劳动与组织","03;06;09;10;13;17;18"
"745","35b95d08-6a70-5c33-8926-200ce931f4e0","天行健","2025-06-05","事实与证据;能力与学习;选择与自由;成本与总账;信用与信任;爱与回应;边界与许可;技术与工程;文明与历史;性别与身体","02;03;04;05;06;07;08;09;10;11;12;13;14;15;16;17;18;31;32;33"
"746","9fc5d3b0-15a6-5e83-adf4-b8392ce4ed71","女儿奴","2025-06-05","选择与自由;净输出与不掠夺;照料与家庭;劳动与组织;财富与市场;宗教与自然法","02;03;04;05;06;07;10;11;13;14;16;18"
"747","d6bde00d-d8c0-59be-b516-267542a20dd4","知错能改","2025-06-04","能力与学习;责任与后果;成本与总账;心理与主体","02;03;08;10;12;13;14;17;18"
"748","43063375-8d7e-5b0c-b400-a260e91e1083","牺牲者众","2025-06-03","定义与达意;能力与学习;选择与自由;责任与后果;照料与家庭;心理与主体","02;03;04;05;07;08;09;10;12;13;14;16;17;18"
"749","b12286d2-f555-5e90-a000-0c08835c15ec","成不成龙","2025-06-03","事实与证据;选择与自由;信用与信任;爱与回应;照料与家庭;心理与主体;性别与身体","02;03;04;05;06;07;08;09;12;14;16;17;18"
"750","4cf9b472-7b0c-5a33-8f1d-387e2ad90043","李不白","2025-06-02","事实与证据;能力与学习;技术与工程;文明与历史","08;09;11;13;15;17;18;31;32;33"
"751","cca77b6e-cc3b-5942-9b0e-74347420a0f1","老狗","2025-06-01","能力与学习;选择与自由;责任与后果;成本与总账;爱与回应;边界与许可;照料与家庭;劳动与组织;财富与市场","02;03;04;05;06;07;08;10;12;13;14;16;18"
"752","44756633-7e27-57d9-97ca-6e6dce867071","萝卜泥","2025-06-01","事实与证据;能力与学习;选择与自由;责任与后果;照料与家庭;心理与主体","02;03;04;05;07;08;09;10;12;13;14;16;17;18"
"753","7df1fdb4-990b-563b-ac91-6d23aeb724f9","垂","2025-05-31","事实与证据;定义与达意;选择与自由;责任与后果;爱与回应;边界与许可;照料与家庭;文明与历史;性别与身体","02;03;04;05;07;08;09;10;11;12;13;14;15;16;17;18;31;32;33"
"754","6e9e54e1-99aa-59fa-8d18-e4d4272e0c34","手心手背","2025-05-31","选择与自由;责任与后果;边界与许可;劳动与组织;法律与秩序","02;03;05;06;07;10;12;13;16;18"
"755","8d014fee-e35c-5e8d-9c66-9fd8b8471fe4","硫磺奶","2025-05-30","定义与达意;能力与学习;选择与自由;责任与后果;照料与家庭;权力与异议;心理与主体;性别与身体","02;03;04;05;07;08;09;10;12;13;14;16;17;18"
"756","b89b9006-8d07-5708-a4df-7cae97fcc8f7","天意可鉴","2025-05-29","定义与达意;选择与自由;责任与后果;宗教与自然法","02;03;07;09;10;11;12;16;17;18"
"757","d34dff14-2b24-55ad-a5fe-6bf63e2eaf2c","异闻录","2025-05-28","事实与证据;责任与后果;爱与回应;劳动与组织;财富与市场","02;03;04;05;06;08;09;10;12;13;14;16;17;18"
"758","50f9e3a5-88ea-5128-a5fb-0e090c5e0101","嘲笑鸟","2025-05-28","定义与达意;能力与学习;成本与总账;文明与历史;心理与主体","03;08;09;10;11;13;14;15;17;18;31;32;33"
"759","4d42541b-c24e-52e0-81a4-d4f578b5e204","越级指挥","2025-05-27","责任与后果;成本与总账;劳动与组织","02;03;06;10;12;13;18"
"760","b10cb736-6d2d-527a-9913-68dbf5f3f943","扛驴父子兵","2025-05-26","选择与自由;成本与总账;信用与信任;边界与许可;照料与家庭","02;03;04;05;06;07;10;12;14;16;18"
"761","b23b11d6-00e2-5855-8aed-728719ecebaf","聪明钱","2025-05-26","能力与学习;选择与自由;责任与后果;成本与总账;劳动与组织;财富与市场;权力与异议;技术与工程;人工智能与机器;性别与身体","02;03;05;06;07;08;10;12;13;14;16;17;18;28;29;32;33"
"762","d59e3240-3319-5104-b778-9c07507888e8","围巾","2025-05-26","事实与证据;能力与学习;责任与后果;劳动与组织;法律与秩序","02;03;06;07;08;09;10;12;13;17;18"
"763","b11e7cee-e58a-5765-9757-8d8176943bdd","好便宜","2025-05-25","事实与证据;定义与达意;责任与后果;财富与市场","02;03;08;09;10;12;13;17;18"
"764","2550e553-ce60-56a3-8a87-53f6b868aec4","恶来儿","2025-05-25","事实与证据;责任与后果;爱与回应;文明与历史;民族与身份;心理与主体","02;03;04;05;08;09;10;11;12;13;14;15;16;17;18;27;31;32;33"
"765","1da9ae59-688a-53a4-8285-3f1f12d447ad","豪华感之和","2025-05-24","定义与达意;能力与学习;选择与自由;责任与后果;成本与总账;财富与市场;技术与工程;心理与主体","02;03;07;08;09;10;12;13;14;16;17;18;32;33"
"766","53c60b4e-72d7-5ef5-a216-c47a532a7793","死了一辈子","2025-05-24","定义与达意;能力与学习;爱与回应;心理与主体;性别与身体","04;05;08;09;13;14;16;17;18"
"767","5d91cc40-568c-52b6-8a51-e64a069448c9","谣谣乐","2025-05-24","事实与证据;责任与后果;成本与总账;财富与市场","02;03;08;09;10;12;13;17;18"
"768","bea0a530-320f-5fe7-a411-059f1e9a6931","电影不死","2025-05-24","定义与达意;能力与学习;选择与自由;成本与总账;劳动与组织;财富与市场;技术与工程;文明与历史;人工智能与机器","02;03;06;07;08;09;10;11;13;15;16;17;18;28;29;31;32;33"
"769","847af947-2c92-5319-9eea-afa29ae44937","今际之国的献身者","2025-05-23","事实与证据;责任与后果;成本与总账;信用与信任;财富与市场;法律与秩序;权力与异议;技术与工程","02;03;06;07;08;09;10;12;13;17;18;32;33"
"770","fc307638-cbac-5006-a0ec-69f3d0cd6083","填线宝宝","2025-05-23","事实与证据;能力与学习;责任与后果;成本与总账;爱与回应;照料与家庭;劳动与组织;技术与工程;心理与主体","02;03;04;05;06;08;09;10;12;13;14;16;17;18;32;33"
"771","216615b1-04f6-5a3e-ae71-c126155c623f","冷沟通","2025-05-22","定义与达意;选择与自由;爱与回应;边界与许可;照料与家庭","02;04;05;07;09;12;14;16;17;18"
"772","4acda225-d296-57b6-9595-0d85264d0ef2","双赢大吉","2025-05-21","定义与达意;能力与学习;心理与主体","08;09;13;14;17;18"
"773","22cee37d-db3b-5be3-ab7a-1e8628837065","矜持","2025-05-21","定义与达意;能力与学习;选择与自由;责任与后果;成本与总账;财富与市场","02;03;07;08;09;10;12;13;16;17;18"
"774","804e6ecc-9f71-51ce-acec-6d3770c392cf","凋谢","2025-05-20","定义与达意;选择与自由;成本与总账;信用与信任;爱与回应;财富与市场","02;03;04;05;06;07;09;10;12;13;14;16;17;18"
"775","a70ab55f-742c-50f0-b2d0-f9d26149e1fa","喜怒不形","2025-05-20","定义与达意;能力与学习;成本与总账;信用与信任;爱与回应;财富与市场;权力与异议;文明与历史;心理与主体;性别与身体","03;04;05;06;07;08;09;10;11;12;13;14;15;16;17;18;31;32;33"
"776","287e1c00-50ab-542d-88ac-81eb7d6b1806","响尾虫","2025-05-19","能力与学习;选择与自由;责任与后果;成本与总账;信用与信任;照料与家庭;劳动与组织;技术与工程;文明与历史;心理与主体;性别与身体","02;03;04;05;06;07;08;10;11;12;13;14;15;16;17;18;31;32;33"
"777","28103630-9c71-57bf-b554-5735809b3a0a","火眼","2025-05-18","能力与学习;成本与总账;信用与信任;照料与家庭;财富与市场;技术与工程;文明与历史","03;04;05;06;08;10;11;12;13;14;15;16;17;18;31;32;33"
"778","034ce7a7-724d-5f28-bcbf-f0c7400c0360","自卫入门","2025-05-18","事实与证据;能力与学习;成本与总账;边界与许可;法律与秩序;技术与工程;生态与自然;性别与身体","03;05;07;08;09;10;12;13;14;16;17;18;25;32;33"
"779","b6b9edc5-cd3d-57f4-9e37-8c69e3a7044a","二天一流","2025-05-18","定义与达意;能力与学习;边界与许可;照料与家庭;法律与秩序;民族与身份;心理与主体","04;05;07;08;09;12;13;14;16;17;18;27;31"
"780","f8a97ae5-5c57-5308-898a-e1018d8e5f40","vision","2025-05-17","事实与证据;能力与学习;责任与后果;成本与总账;技术与工程;生态与自然;人工智能与机器","02;03;08;09;10;12;13;17;18;25;28;29;32;33"
"781","ec954f73-8e47-52f5-ae74-2b1a0d4ee3da","君要臣死","2025-05-17","选择与自由;责任与后果;成本与总账;信用与信任;爱与回应;净输出与不掠夺;财富与市场;法律与秩序;权力与异议;心理与主体;性别与身体","02;03;04;05;06;07;08;10;12;13;14;16;17;18"
"782","87d1548f-7b7a-52a7-8620-6484db769ae9","幸福自行车","2025-05-17","信用与信任;爱与回应;照料与家庭;心理与主体","03;04;05;06;08;12;14;16;17;18"
"783","67b1f4b7-13d9-5959-9222-a59e84e9e9d9","萝卜永动机","2025-05-16","能力与学习;选择与自由;信用与信任;爱与回应;财富与市场;技术与工程;生态与自然","02;03;04;05;06;07;08;10;12;13;14;16;17;18;25;32;33"
"784","eb04a823-a549-5544-b907-f47eba4bdf28","无定锚","2025-05-15","事实与证据;定义与达意;责任与后果;成本与总账;信用与信任;劳动与组织;法律与秩序;技术与工程;文明与历史;心理与主体","02;03;06;07;08;09;10;11;12;13;14;15;17;18;31;32;33"
"785","00712edd-0b2e-51d3-9099-33aeeb0377cf","父去子留","2025-05-15","事实与证据;选择与自由;责任与后果;成本与总账;信用与信任;照料与家庭;法律与秩序;权力与异议;生态与自然;心理与主体;性别与身体","02;03;04;05;06;07;08;09;10;12;13;14;16;17;18;25;32"
"786","cc1af6bd-dd4d-500d-ab5f-11401032f261","紫气东来","2025-05-15","能力与学习;选择与自由;成本与总账;边界与许可;劳动与组织;心理与主体","02;03;05;06;07;08;10;12;13;14;16;17;18"
"787","844bc111-f9e9-5d9f-9a1d-8148ec188835","雅达","2025-05-14","事实与证据;定义与达意;能力与学习;技术与工程","08;09;13;17;18;32;33"
"788","9688ba01-7f6d-52cb-8a29-30317d1d6313","平乱","2025-05-13","事实与证据;能力与学习;责任与后果;净输出与不掠夺;边界与许可;劳动与组织;法律与秩序;权力与异议;心理与主体","02;03;05;06;07;08;09;10;12;13;14;16;17;18"
"789","d11bf2ff-ee2d-5695-b527-376b73b68fc0","肉苹果","2025-05-13","选择与自由;责任与后果;成本与总账;法律与秩序;生态与自然","02;03;07;10;12;13;16;18;25;32"
"790","09a282a0-791d-551a-9de4-30ff5785a18d","世界美食之都","2025-05-12","能力与学习;财富与市场;法律与秩序;生态与自然","03;07;08;10;12;13;18;25;32"
"791","2cbc96c3-5c3d-5fea-9c8b-45c6c7249136","浮生","2025-05-12","事实与证据;定义与达意;能力与学习;选择与自由;责任与后果;成本与总账;劳动与组织","02;03;06;07;08;09;10;12;13;16;17;18"
"792","65704841-8e1e-568e-89ac-14dc42615aeb","萝卜饼","2025-05-11","定义与达意;选择与自由;责任与后果;成本与总账;爱与回应;边界与许可;照料与家庭;财富与市场;法律与秩序;性别与身体","02;03;04;05;07;09;10;12;13;14;16;17;18"
"793","7e998b29-7442-5db6-a280-ed5ee6077794","操神器者","2025-05-10","事实与证据;能力与学习;选择与自由;成本与总账;信用与信任;劳动与组织;权力与异议","02;03;06;07;08;09;10;12;13;16;17;18"
"794","727c286c-2897-5e34-a595-6f67c58243c2","格杀勿论","2025-05-10","定义与达意;能力与学习;成本与总账;边界与许可;权力与异议;技术与工程;生态与自然;心理与主体;性别与身体","03;05;07;08;09;10;12;13;14;16;17;18;25;32;33"
"795","19c450a5-bebe-55cf-aafb-6f4498ffa906","光伏账本","2025-05-10","能力与学习;责任与后果;成本与总账;边界与许可","02;03;05;08;10;12;13;16;18"
"796","86fe6de6-1351-5937-9b51-bfba5d68f8d1","before trial","2025-05-09","事实与证据;能力与学习;成本与总账;边界与许可;法律与秩序;权力与异议;技术与工程;人工智能与机器","03;05;07;08;09;10;12;13;16;17;18;28;29;32;33"
"797","e635b0d2-6c74-590b-a392-885e1514a14d","全勤奖","2025-05-09","定义与达意;选择与自由;成本与总账;信用与信任","02;03;06;07;09;10;12;16;17;18"
"798","71a5466f-85af-5311-8e17-21f0a1e678b4","荫蔽","2025-05-08","事实与证据;能力与学习;选择与自由;成本与总账;信用与信任;爱与回应;照料与家庭;财富与市场;权力与异议;文明与历史;心理与主体","02;03;04;05;06;07;08;09;10;11;12;13;14;15;16;17;18;31;32;33"
"799","8713b342-19eb-54c9-a52b-798beed0b77c","暗天使","2025-05-07","定义与达意;责任与后果;成本与总账;信用与信任;边界与许可;照料与家庭;劳动与组织","02;03;04;05;06;09;10;12;13;14;16;17;18"
"800","a0e27107-e09d-5e06-9e88-f771897586ce","哈利不识字","2025-05-07","定义与达意;能力与学习;责任与后果;法律与秩序;技术与工程","02;03;07;08;09;10;12;13;17;18;32;33"
"801","54fe56ba-2280-5a0d-9022-7cd8ee6695ab","去赤字生活","2025-05-06","能力与学习;选择与自由;责任与后果;成本与总账;信用与信任;爱与回应;照料与家庭;劳动与组织;财富与市场;心理与主体","02;03;04;05;06;07;08;10;12;13;14;16;17;18"
"802","4f849e68-74a5-599a-ba3d-6f5cf28a4938","导盲","2025-05-05","事实与证据;选择与自由;责任与后果;成本与总账;净输出与不掠夺;劳动与组织;财富与市场;法律与秩序;文明与历史;心理与主体;宗教与自然法","02;03;05;06;07;08;09;10;11;12;13;14;15;16;17;18;31;32;33"
"803","ee0d8558-89f1-5d7c-9980-3be12ce4564d","天使杀","2025-05-05","事实与证据;能力与学习;责任与后果;成本与总账;爱与回应;照料与家庭;劳动与组织;文明与历史","02;03;04;05;06;08;09;10;11;12;13;14;15;16;17;18;31;32;33"
"804","64038e78-7895-5593-a7ed-2f1274b00855","可爱","2025-05-05","定义与达意;能力与学习;爱与回应;边界与许可;心理与主体","04;05;08;09;12;13;14;16;17;18"
"805","fa3f0dd9-ac13-5b17-9269-100fc01cfe5f","清洁工休息室","2025-05-05","能力与学习;选择与自由;责任与后果;劳动与组织;财富与市场;技术与工程;文明与历史","02;03;06;07;08;10;11;12;13;15;16;17;18;31;32;33"
"806","8cd3eaca-86e4-5d87-943b-f5839c86ba71","不为尊严","2025-05-04","能力与学习;责任与后果;信用与信任;爱与回应;边界与许可;照料与家庭;法律与秩序;生态与自然;心理与主体","02;03;04;05;06;07;08;10;12;13;14;16;17;18;25;32"
"807","b4c9e826-7ec6-50e6-8d77-5374de319e03","wanted","2025-05-03","定义与达意;能力与学习;选择与自由;责任与后果;爱与回应","02;03;04;05;07;08;09;10;12;13;14;16;17;18"
"808","90290e31-8cc2-553b-8dbd-68647627cfc0","需求表达困难","2025-05-03","事实与证据;定义与达意;能力与学习;选择与自由;责任与后果;信用与信任;爱与回应","02;03;04;05;06;07;08;09;10;12;13;14;16;17;18"
"809","769dae61-3cde-557f-acb5-19fe2c738968","艰辛乎","2025-05-01","事实与证据;能力与学习;选择与自由;责任与后果;成本与总账;照料与家庭;心理与主体","02;03;04;05;07;08;09;10;12;13;14;16;17;18"
"810","ba5264c4-6f8a-51a5-b34e-dfc1eb6482c9","第一实践","2025-05-01","事实与证据;定义与达意;能力与学习;选择与自由;责任与后果;劳动与组织","02;03;06;07;08;09;10;12;13;16;17;18"
"811","867a3073-7d21-5669-b294-60d3cf87e164","铁病娇","2025-04-30","能力与学习;责任与后果;边界与许可;劳动与组织;技术与工程;生态与自然;人工智能与机器;性别与身体","02;03;05;06;08;10;12;13;14;16;17;18;25;28;29;32;33"
"812","ccbd71ee-ab45-54d0-8ce9-27f184b19a0d","具身智能","2025-04-30","能力与学习;选择与自由;权力与异议;技术与工程;生态与自然;人工智能与机器;性别与身体","02;03;05;07;08;12;13;14;16;17;18;25;28;29;32;33"
"813","9939be2f-66fd-5598-99f8-b3173e2fb786","残羹剩饭","2025-04-29","定义与达意;能力与学习;选择与自由;责任与后果;爱与回应;照料与家庭;财富与市场;技术与工程","02;03;04;05;07;08;09;10;12;13;14;16;17;18;32;33"
"814","260b74e3-1230-5dac-b184-6d46de7f29a7","牛顿有问题","2025-04-29","事实与证据;选择与自由;责任与后果;成本与总账;爱与回应;照料与家庭;劳动与组织;法律与秩序;心理与主体","02;03;04;05;06;07;08;09;10;12;13;14;16;17;18"
"815","11cf901d-7116-56ba-825e-3c544e005aec","魔怔","2025-04-28","事实与证据;定义与达意;能力与学习;成本与总账","03;08;09;10;13;17;18"
"816","a93a66cb-1120-56a8-a903-588e4a5f2c24","打出来","2025-04-28","定义与达意;信用与信任;边界与许可;宗教与自然法","03;05;06;07;09;11;12;16;17;18"
"817","130d7ecd-b8d2-52ff-9145-dc7064343807","第三只眼","2025-04-28","事实与证据;能力与学习;信用与信任;照料与家庭;劳动与组织;技术与工程","03;04;05;06;08;09;10;12;13;14;16;17;18;32;33"
"818","ddd3fb8a-9b29-598d-aaf9-4702db333995","欠债还钱","2025-04-28","能力与学习;责任与后果;成本与总账;信用与信任;劳动与组织","02;03;06;08;10;12;13;18"
"819","ee2843bc-f828-50fa-9895-96da50fe3a0e","当分尽分","2025-04-27","事实与证据;选择与自由;责任与后果;成本与总账;爱与回应;照料与家庭;性别与身体","02;03;04;05;07;08;09;10;12;14;16;17;18"
"820","b0e736c2-b5c4-5a6c-ad07-8cf7b74afd34","好消息的蛋","2025-04-27","事实与证据;能力与学习;选择与自由;成本与总账;爱与回应;财富与市场;心理与主体","02;03;04;05;07;08;09;10;13;14;16;17;18"
"821","efd0ca9f-216a-5426-91d8-ac4a8e84e0dd","传","2025-04-27","定义与达意;责任与后果;法律与秩序;文明与历史;心理与主体","02;03;07;08;09;10;11;12;13;14;15;17;18;31;32;33"
"822","a7401fe2-2130-5568-abbe-5c01c6ebb8ed","清除水银","2025-04-26","事实与证据;责任与后果;成本与总账;边界与许可;权力与异议;技术与工程;生态与自然","02;03;05;07;08;09;10;12;13;16;17;18;25;32;33"
"823","62ec394c-8e7d-5f83-b8ba-30b7e618d69d","优先级算法","2025-04-26","事实与证据;能力与学习;选择与自由;责任与后果;成本与总账","02;03;07;08;09;10;12;13;16;17;18"
"824","962867fe-554a-5869-a70b-d9720c46629a","沉默的大多数","2025-04-25","事实与证据;责任与后果;成本与总账;边界与许可;劳动与组织;法律与秩序;权力与异议;性别与身体","02;03;05;06;07;08;09;10;12;13;14;16;17;18"
"825","73a2c635-be4e-542d-96ae-b34d5b6584d3","正确的困难","2025-04-25","定义与达意;能力与学习;信用与信任;财富与市场;心理与主体;宗教与自然法","03;06;07;08;09;10;11;12;13;14;17;18"
"826","8ad197de-1abb-55e2-8613-ca6642c49dbf","根本之道","2025-04-25","能力与学习;选择与自由;责任与后果;成本与总账;爱与回应;技术与工程;心理与主体","02;03;04;05;07;08;10;12;13;14;16;17;18;32;33"
"827","aa0da0d8-bb8e-5e2d-9136-05be83b15c21","褪色宣言","2025-04-24","事实与证据;选择与自由;责任与后果;文明与历史","02;03;07;08;09;10;11;12;13;15;16;17;18;31;32;33"
"828","f287e791-c8f0-5142-836c-716472139402","挪车","2025-04-24","能力与学习;选择与自由;责任与后果;爱与回应;法律与秩序;技术与工程;生态与自然;心理与主体","02;03;04;05;07;08;10;12;13;14;16;17;18;25;32;33"
"829","55216127-8571-524e-9019-e1f879f641b1","flashget","2025-04-23","定义与达意;能力与学习;选择与自由;责任与后果;成本与总账;信用与信任;边界与许可;劳动与组织;心理与主体","02;03;05;06;07;08;09;10;12;13;14;16;17;18"
"830","393aba85-72eb-5253-a1f3-8cb1ffa3eee7","一只萤火虫","2025-04-23","事实与证据;能力与学习;选择与自由;责任与后果;成本与总账;信用与信任;财富与市场;技术与工程;文明与历史;生态与自然","02;03;06;07;08;09;10;11;12;13;15;16;17;18;25;31;32;33"
"831","2eccf9b6-83e0-564b-b9d0-85951231117e","不避","2025-04-22","选择与自由;责任与后果;成本与总账;信用与信任;爱与回应;法律与秩序;文明与历史;性别与身体","02;03;04;05;06;07;10;11;12;13;14;15;16;18;31;32;33"
"832","fe210200-c56a-5183-a79d-cd53bbdde12a","向学","2025-04-22","能力与学习;爱与回应;照料与家庭;劳动与组织;技术与工程;心理与主体","04;05;06;08;10;13;14;16;17;18;32;33"
"833","116c8b71-f79d-551a-989c-988770c92c7d","不普通","2025-04-22","定义与达意;选择与自由;责任与后果;财富与市场;心理与主体","02;03;07;08;09;10;12;13;14;16;17;18"
"834","a228f8cc-6d15-5f33-ad6f-2fd02558d563","讲道理","2025-04-21","定义与达意;能力与学习;责任与后果;照料与家庭;法律与秩序;文明与历史;心理与主体","02;03;04;05;07;08;09;10;11;12;13;14;15;16;17;18;31;32;33"
"835","d7c0480e-15a2-5041-a1d7-512950469223","长签","2025-04-21","能力与学习;成本与总账;信用与信任;照料与家庭;权力与异议;技术与工程","03;04;05;06;07;08;10;12;13;14;16;17;18;32;33"
"836","9771fa7d-3d82-59eb-9959-cbb71b16bacb","松下问童子","2025-04-20","能力与学习;责任与后果;净输出与不掠夺;劳动与组织;权力与异议","02;03;05;06;07;08;10;12;13;16;18"
"837","68b4accc-0281-5523-ba48-336a1ecf58ea","铁棒有何用","2025-04-19","事实与证据;定义与达意;能力与学习;劳动与组织;法律与秩序;技术与工程;文明与历史","06;07;08;09;10;11;12;13;15;17;18;31;32;33"
"838","4987c693-6d5d-5e38-b76f-79487fb4d999","无视生非","2025-04-19","能力与学习;选择与自由;成本与总账;爱与回应;边界与许可;财富与市场;法律与秩序;技术与工程;心理与主体;性别与身体","02;03;04;05;07;08;10;12;13;14;16;17;18;32;33"
"839","c704421a-f647-5a54-95a8-b0c6525dcb14","天火","2025-04-19","责任与后果;照料与家庭;法律与秩序;权力与异议","02;03;04;05;07;10;12;14;16;18"
"840","23ddde50-7b31-5acc-87f2-f2b143bb1c86","隔山","2025-04-18","定义与达意;能力与学习;技术与工程;人工智能与机器;性别与身体","05;08;09;13;14;16;17;18;28;29;32;33"
"841","88e35b14-a91b-56f1-9e3a-39f2cb85917b","铁针","2025-04-17","能力与学习;照料与家庭;劳动与组织;法律与秩序;心理与主体;性别与身体","04;05;06;07;08;10;12;13;14;16;17;18"
"842","df3d518f-f0b6-50d5-ad42-f5eaccfb6d25","殉","2025-04-16","定义与达意;责任与后果;成本与总账;爱与回应;心理与主体;宗教与自然法","02;03;04;05;07;08;09;10;11;12;14;16;17;18"
"843","62cad607-ebe3-5cd8-b457-b3962330280c","忠诚的资格","2025-04-16","定义与达意;能力与学习;选择与自由;责任与后果;信用与信任;劳动与组织;法律与秩序;权力与异议","02;03;06;07;08;09;10;12;13;16;17;18"
"844","c1501dbc-15f3-59ce-881c-3fb9c5d42d26","joker","2025-04-16","责任与后果;爱与回应;边界与许可;权力与异议","02;03;04;05;07;10;12;14;16;18"
"845","7c2e5dea-bfa8-5969-873b-00819c867971","笑面虎","2025-04-15","选择与自由;责任与后果;成本与总账;信用与信任;照料与家庭;劳动与组织;心理与主体","02;03;04;05;06;07;08;10;12;13;14;16;17;18"
"846","b0303ac5-4cf1-5dda-91ed-948fbec9cf87","收礼规范","2025-04-15","定义与达意;选择与自由;成本与总账;边界与许可;照料与家庭;劳动与组织;法律与秩序;文明与历史","02;03;04;05;06;07;09;10;11;12;13;14;15;16;17;18;31;32;33"
"847","7213ea86-7e7f-5ae2-89dd-bb25cd0c6bc5","躺尽不平","2025-04-15","事实与证据;能力与学习;责任与后果;成本与总账;劳动与组织;心理与主体;性别与身体","02;03;05;06;08;09;10;12;13;14;16;17;18"
"848","6502a1d6-1064-50cb-b5cb-36a8de9cc9c8","水闹钟","2025-04-15","能力与学习;权力与异议;心理与主体;性别与身体","03;05;07;08;12;13;14;16;17;18"
"849","f501d272-3450-5b63-bb01-f35f4fe76f47","挑食问题","2025-04-14","能力与学习;选择与自由;责任与后果;成本与总账;照料与家庭;权力与异议;技术与工程;心理与主体;宗教与自然法","02;03;04;05;07;08;10;11;12;13;14;16;17;18;32;33"
"850","b714caa0-a2f2-5d76-912e-6955b17ae2fd","死因","2025-04-13","定义与达意;能力与学习;选择与自由;责任与后果;爱与回应;技术与工程;心理与主体","02;03;04;05;07;08;09;10;12;13;14;16;17;18;32;33"
"851","8b9a3326-c2b1-54e0-99ec-7134b403f7a8","戒情人","2025-04-13","能力与学习;劳动与组织;权力与异议;心理与主体;性别与身体","03;05;06;07;08;10;12;13;14;16;17;18"
"852","f27a9e21-f424-58d8-8f8c-de9fd03c73ef","拉帮结派","2025-04-12","能力与学习;责任与后果;成本与总账;爱与回应;劳动与组织;权力与异议;技术与工程;民族与身份","02;03;04;05;06;07;08;10;12;13;14;16;17;18;27;31;32;33"
"853","9b2b249b-2528-59da-9898-3e18a450a6d0","书写的艺术","2025-04-11","事实与证据;定义与达意;能力与学习;边界与许可;文明与历史","05;08;09;11;12;13;15;16;17;18;31;32;33"
"854","446bbc35-34cb-5b98-9f1b-b15b06f5598f","说说你错在哪","2025-04-11","定义与达意;能力与学习;选择与自由;责任与后果;成本与总账;劳动与组织;技术与工程","02;03;06;07;08;09;10;12;13;16;17;18;32;33"
"855","40ec37b4-01d7-5891-abea-9205cccef959","死士","2025-04-11","事实与证据;定义与达意;选择与自由;信用与信任;照料与家庭;劳动与组织;法律与秩序;权力与异议;文明与历史","02;03;04;05;06;07;08;09;10;11;12;13;14;15;16;17;18;31;32;33"
"856","901af893-ed09-58a2-9484-335b12598e8d","失恋","2025-04-10","选择与自由;责任与后果;爱与回应;净输出与不掠夺;财富与市场;法律与秩序;心理与主体","02;03;04;05;07;08;10;12;13;14;16;17;18"
"857","0de366dd-44d9-5ab7-b9f1-d2c6233edb87","崩溃","2025-04-09","定义与达意;能力与学习;责任与后果;心理与主体","02;03;08;09;10;12;13;14;17;18"
"858","b85c9351-3cf5-5474-a877-78215d7e8c25","饮茶先","2025-04-08","选择与自由;成本与总账;边界与许可;财富与市场;心理与主体","02;03;05;07;08;10;12;13;14;16;17;18"
"859","6d77a92d-e56c-52ac-b5ee-02f7a518ff1c","既死即生","2025-04-08","定义与达意;选择与自由;责任与后果;成本与总账;爱与回应;财富与市场;权力与异议;心理与主体","02;03;04;05;07;08;09;10;12;13;14;16;17;18"
"860","a53545a2-002b-5686-9e3e-bfad9cbc3d66","蛋仔派对","2025-04-07","事实与证据;能力与学习;成本与总账;信用与信任;法律与秩序;权力与异议;文明与历史","03;06;07;08;09;10;11;12;13;15;17;18;31;32;33"
"861","7fe3ff8b-5550-5b9c-b96d-7043898a1ae5","雁归处","2025-04-07","能力与学习;爱与回应;劳动与组织;财富与市场;心理与主体","03;04;05;06;08;10;13;14;16;17;18"
"862","faa7f9b5-c621-56c4-869b-989c8594eef8","各得其所","2025-04-07","事实与证据;定义与达意;责任与后果;成本与总账;爱与回应;性别与身体","02;03;04;05;08;09;10;12;14;16;17;18"
"863","3106e3d3-ff8e-5ac3-8e76-7a60089a61cf","创新问题 2","2025-04-06","定义与达意;能力与学习;选择与自由;责任与后果;成本与总账;财富与市场;技术与工程;生态与自然","02;03;07;08;09;10;12;13;16;17;18;25;32;33"
"864","2a7eb056-57d4-5565-a907-737d24a25baf","泥潭","2025-04-05","能力与学习;选择与自由;责任与后果;照料与家庭;法律与秩序","02;03;04;05;07;08;10;12;13;14;16;18"
"865","5dab5408-8d30-52f1-9669-69a4b566c0e5","侯嬴","2025-04-05","能力与学习;选择与自由;权力与异议;文明与历史","02;03;07;08;11;12;13;15;16;18;31;32;33"
"866","042a0cc5-6099-5fdf-b803-b27994862983","炭与柴","2025-04-04","选择与自由;责任与后果;成本与总账;财富与市场","02;03;07;10;12;13;16;18"
"867","4ba821af-4dd8-560c-ae2b-251391990a2c","老态纵横","2025-04-04","选择与自由;成本与总账;法律与秩序;技术与工程;文明与历史;性别与身体","02;03;05;07;10;11;12;13;14;15;16;17;18;31;32;33"
"868","13249eb5-38e0-5980-949f-f7e697f75887","面向纪要会议","2025-04-03","事实与证据;定义与达意;能力与学习;责任与后果;劳动与组织;权力与异议","02;03;06;07;08;09;10;12;13;17;18"
"869","cc5536dc-1e7a-536c-b4f2-9c776b97c621","祸不及也","2025-04-02","定义与达意;责任与后果;爱与回应;边界与许可;法律与秩序","02;03;04;05;07;09;10;12;14;16;17;18"
"870","df896b52-02c6-54a8-a942-b71bd50299e6","镜面不锈钢","2025-04-02","事实与证据;定义与达意;能力与学习;责任与后果;信用与信任;爱与回应;边界与许可;照料与家庭;财富与市场;法律与秩序","02;03;04;05;06;07;08;09;10;12;13;14;16;17;18"
"871","db41c345-b9c3-5901-b79f-6e9b322aec78","多子多福","2025-04-02","事实与证据;能力与学习;选择与自由;责任与后果;成本与总账;爱与回应;照料与家庭;财富与市场;法律与秩序;文明与历史","02;03;04;05;07;08;09;10;11;12;13;14;15;16;17;18;31;32;33"
"872","8b1f6337-dad4-5a17-b0f5-7c236c9f47c5","抱怨游戏","2025-04-01","定义与达意;能力与学习;选择与自由;责任与后果;成本与总账;文明与历史","02;03;07;08;09;10;11;12;13;15;16;17;18;31;32;33"
"873","8400b128-2cd7-5399-ad34-d1bb3b18be28","地狱尽头","2025-03-31","事实与证据;定义与达意;能力与学习;选择与自由;责任与后果;成本与总账;爱与回应;边界与许可;照料与家庭;法律与秩序;权力与异议;文明与历史;心理与主体","02;03;04;05;07;08;09;10;11;12;13;14;15;16;17;18;31;32;33"
"874","1eb66c05-05c4-5d5e-aec1-a0818428f5c7","女所以容者","2025-03-31","事实与证据;选择与自由;爱与回应;权力与异议;心理与主体;性别与身体;宗教与自然法","02;03;04;05;07;08;09;11;12;14;16;17;18"
"875","4bdf3401-dba9-56b2-9165-f3cad987b984","黑鹅说","2025-03-31","能力与学习;责任与后果;劳动与组织;心理与主体","02;03;06;08;10;12;13;14;17;18"
"876","01a80dcd-f154-5b79-a0f4-28b2f294d3b7","不改之路","2025-03-30","责任与后果;成本与总账;信用与信任;边界与许可;劳动与组织","02;03;05;06;10;12;13;16;18"
"877","b5082584-2e68-523f-96c9-d87c8ca37224","长线持股","2025-03-29","定义与达意;能力与学习;选择与自由;成本与总账;信用与信任;爱与回应;财富与市场;文明与历史","02;03;04;05;06;07;08;09;10;11;12;13;14;15;16;17;18;31;32;33"
"878","81978e89-fd35-580b-a6ae-2e0e6c88652d","铜人","2025-03-29","责任与后果;成本与总账;权力与异议;文明与历史;心理与主体","02;03;07;08;10;11;12;13;14;15;17;18;31;32;33"
"879","8df7f928-d2cc-5fe3-94ed-fdb34abe810d","涂鸦","2025-03-28","能力与学习;选择与自由;责任与后果;成本与总账;爱与回应;边界与许可;照料与家庭;法律与秩序;心理与主体","02;03;04;05;07;08;10;12;13;14;16;17;18"
"880","45cb19e2-57a6-5cb9-980b-95e2c7e728d8","枯燥生活","2025-03-28","能力与学习;劳动与组织;心理与主体","06;08;10;13;14;17;18"
"881","f7b22da5-c05a-56d0-af2d-7b4e628ad065","安全外卖","2025-03-27","选择与自由;责任与后果;成本与总账;财富与市场","02;03;07;10;12;13;16;18"
"882","5bc33c9e-20f0-5d78-9eab-d8cc69dee2a1","众鱼","2025-03-27","能力与学习;选择与自由","02;07;08;13;16;18"
"883","01c9e379-d5f0-5b4d-bd7b-e8bd75e2bdae","萤火虫","2025-03-26","定义与达意;边界与许可;财富与市场;法律与秩序","03;05;07;09;10;12;13;16;17;18"
"884","bf01db5f-801e-576e-9a95-f64e41fc7cf1","五年野心","2025-03-26","定义与达意;能力与学习;选择与自由;劳动与组织;财富与市场;宗教与自然法","02;03;06;07;08;09;10;11;13;16;17;18"
"885","d8b15a48-6fa1-5010-acc5-10f1bcff70fe","守时","2025-03-25","责任与后果;成本与总账;劳动与组织;法律与秩序","02;03;06;07;10;12;13;18"
"886","25739006-4bf8-5b23-b53a-ebb79a71b298","樱","2025-03-24","能力与学习;选择与自由;责任与后果;成本与总账;信用与信任;净输出与不掠夺;劳动与组织;财富与市场;法律与秩序;技术与工程;文明与历史;心理与主体","02;03;05;06;07;08;10;11;12;13;14;15;16;17;18;31;32;33"
"887","62b66288-7950-5adb-ae00-911f8f24dd16","高级快乐","2025-03-24","定义与达意;选择与自由;成本与总账","02;03;07;09;10;16;17;18"
"888","bfd00f97-b6f7-5cf2-a497-d135ec87407c","无足","2025-03-23","事实与证据;定义与达意;能力与学习;责任与后果;成本与总账;信用与信任;爱与回应;边界与许可","02;03;04;05;06;08;09;10;12;13;14;16;17;18"
"889","72f09e42-e337-5dcd-8a81-b6da6022ebd8","雅观","2025-03-23","选择与自由;责任与后果;信用与信任;边界与许可;权力与异议;心理与主体;性别与身体","02;03;05;06;07;08;10;12;14;16;17;18"
"890","4f162df8-9f1d-5912-b4dd-0aa770860147","平等病","2025-03-22","定义与达意;能力与学习;责任与后果;法律与秩序;权力与异议;民族与身份;心理与主体;性别与身体","02;03;05;07;08;09;10;12;13;14;16;17;18;27;31"
"891","5db23e8c-b4c1-58f4-bad5-3f6654800869","节节进逼","2025-03-21","能力与学习;选择与自由;成本与总账;劳动与组织;文明与历史","02;03;06;07;08;10;11;13;15;16;18;31;32;33"
"892","b8ca26fd-60cc-516e-9ad4-7bdb12220e2a","早睡早起","2025-03-20","能力与学习;责任与后果;成本与总账;净输出与不掠夺;边界与许可;劳动与组织;心理与主体","02;03;05;06;08;10;12;13;14;16;17;18"
"893","ac5707c9-4f09-5281-aaa0-80a92457ed59","新鲜的平方","2025-03-19","事实与证据;责任与后果;爱与回应;边界与许可;文明与历史","02;03;04;05;08;09;10;11;12;13;14;15;16;17;18;31;32;33"
"894","be8d60cd-ad8c-591c-88d2-17d60a6b5c2d","Ghost In The Shell","2025-03-18","能力与学习;责任与后果;法律与秩序;文明与历史","02;03;07;08;10;11;12;13;15;18;31;32;33"
"895","9b89d6c4-1def-5ad3-be4d-2c40cfd94a73","缅式审美","2025-03-17","事实与证据;定义与达意;能力与学习;选择与自由;责任与后果;爱与回应;劳动与组织;财富与市场;生态与自然;心理与主体","02;03;04;05;06;07;08;09;10;12;13;14;16;17;18;25;32"
"896","bd366613-7223-5c4c-a7dd-5ccf378f53f3","退什么休","2025-03-16","能力与学习;选择与自由;责任与后果;爱与回应;劳动与组织;财富与市场","02;03;04;05;06;07;08;10;12;13;14;16;18"
"897","915bdf15-7455-57a2-b58d-7490740f8c19","不识抬举","2025-03-16","事实与证据;能力与学习;选择与自由;责任与后果;成本与总账;边界与许可;财富与市场;文明与历史","02;03;05;07;08;09;10;11;12;13;15;16;17;18;31;32;33"
"898","b7cb4752-da7e-559d-b897-739769d80792","玩主","2025-03-16","事实与证据;能力与学习;选择与自由;责任与后果;成本与总账;边界与许可;劳动与组织;财富与市场;性别与身体","02;03;05;06;07;08;09;10;12;13;14;16;17;18"
"899","e347bc11-3179-5ea7-a376-e0f5c8e74a65","天有眼","2025-03-16","事实与证据;成本与总账;劳动与组织;心理与主体","03;06;08;09;10;13;14;17;18"
"900","d6d87dac-2982-5c8e-9f1d-6e93b46fcfaf","你的我们","2025-03-15","事实与证据;责任与后果;法律与秩序;心理与主体;性别与身体","02;03;05;07;08;09;10;12;14;16;17;18"
"901","6b062429-726e-53ed-b99e-acd37cda4d54","泸定桥头","2025-03-15","定义与达意;能力与学习;选择与自由;成本与总账;劳动与组织","02;03;06;07;08;09;10;13;16;17;18"
"902","2ebed730-ffad-5a5e-a6a9-e90c1f5b1941","轻飘飘","2025-03-14","能力与学习;责任与后果;成本与总账;爱与回应;边界与许可;照料与家庭;法律与秩序;心理与主体","02;03;04;05;07;08;10;12;13;14;16;17;18"
"903","ed76587c-4978-562f-bf91-82c47bf305fe","寒症","2025-03-14","事实与证据;能力与学习;选择与自由;边界与许可;文明与历史;心理与主体","02;05;07;08;09;11;12;13;14;15;16;17;18;31;32;33"
"904","7c8a7d01-bf04-5431-b926-a1ef5fd663fb","共情与揣测","2025-03-13","定义与达意;能力与学习;边界与许可;权力与异议;心理与主体","03;05;07;08;09;12;13;14;16;17;18"
"905","512c1ba9-4005-5685-bfc6-08e1d35d967c","小油子","2025-03-13","定义与达意;责任与后果;劳动与组织;文明与历史","02;03;06;09;10;11;12;13;15;17;18;31;32;33"
"906","0a01e514-4d49-5c93-84f5-cc02cdfc5856","盘中丸","2025-03-13","能力与学习;选择与自由;成本与总账;爱与回应;边界与许可","02;03;04;05;07;08;10;12;13;14;16;18"
"907","16336056-5d08-5336-a475-bd28c6049c98","工书","2025-03-13","能力与学习;权力与异议;文明与历史","03;07;08;11;12;13;15;18;31;32;33"
"908","f9fe71b5-c883-5664-b21d-c458d2e51806","死理","2025-03-11","能力与学习;责任与后果;成本与总账;边界与许可;照料与家庭","02;03;04;05;08;10;12;13;14;16;18"
"909","42ee9603-aad6-505d-aaa5-841abc9a81bb","落魄之人","2025-03-11","选择与自由;爱与回应;劳动与组织;技术与工程","02;04;05;06;07;10;13;14;16;17;18;32;33"
"910","5e7d5f83-58fc-53ae-881c-b55d899ed1f5","隐私之要","2025-03-10","选择与自由;成本与总账;净输出与不掠夺;边界与许可;法律与秩序","02;03;05;07;10;12;16;18"
"911","960e6481-37de-5a0a-9fc9-83cbdd5c8317","熟能生巧","2025-03-10","能力与学习;选择与自由;爱与回应;边界与许可;权力与异议;技术与工程","02;03;04;05;07;08;12;13;14;16;17;18;32;33"
"912","10e49e45-b4bd-59e6-919e-b523a8376c7b","敢于恢复","2025-03-09","事实与证据;能力与学习;选择与自由;责任与后果;心理与主体","02;03;07;08;09;10;12;13;14;16;17;18"
"913","7892dffe-5880-5ff5-9b50-d6e35a827662","爱的野心","2025-03-09","爱与回应","04;05;14;16"
"914","da61c2b9-b5fa-5ac5-b0aa-cfd9c56b6e8b","endless worrier","2025-03-09","定义与达意;能力与学习;责任与后果;成本与总账;照料与家庭;心理与主体;性别与身体","02;03;04;05;08;09;10;12;13;14;16;17;18"
"915","5cd5f4e5-ebea-56ea-9022-98d426908e94","俯就","2025-03-08","选择与自由;成本与总账;劳动与组织;财富与市场;权力与异议;文明与历史;性别与身体","02;03;05;06;07;10;11;12;13;14;15;16;18;31;32;33"
"916","eb729eb5-5438-5d41-a8a7-8fc1ce63e38a","三宅一生","2025-03-07","选择与自由;责任与后果;成本与总账","02;03;07;10;12;16;18"
"917","da69c41a-a1d1-5023-b1e5-30c9fdacd67b","最低社会性要求","2025-03-07","事实与证据;能力与学习;责任与后果;成本与总账;信用与信任;爱与回应;净输出与不掠夺;边界与许可;法律与秩序","02;03;04;05;06;07;08;09;10;12;13;14;16;17;18"
"918","f4d7494f-c6db-5f1a-9e52-16c96036763d","冷字门","2025-03-07","能力与学习;选择与自由;心理与主体","02;07;08;13;14;16;17;18"
"919","6afba5ac-74ea-54a3-aca4-c67333662d54","无憾","2025-03-05","定义与达意;能力与学习;责任与后果;成本与总账","02;03;08;09;10;12;13;17;18"
"920","61a82961-2c77-50bb-a2d0-48f4d955e70a","艺术短板","2025-03-05","定义与达意;能力与学习;选择与自由;责任与后果;文明与历史;心理与主体","02;03;07;08;09;10;11;12;13;14;15;16;17;18;31;32;33"
"921","626dc7fd-f02c-5382-9239-5d796436440c","倒打一耙","2025-03-05","事实与证据;定义与达意;能力与学习;选择与自由;责任与后果;劳动与组织","02;03;06;07;08;09;10;12;13;16;17;18"
"922","6c97b299-5725-5106-8dc5-b4dbffab285a","魔语","2025-03-04","定义与达意;能力与学习;选择与自由;责任与后果;成本与总账;信用与信任;爱与回应;边界与许可;权力与异议;心理与主体","02;03;04;05;06;07;08;09;10;12;13;14;16;17;18"
"923","0a6deaed-ff0b-5247-80ca-27627a8b9960","职业枪手","2025-03-04","事实与证据;能力与学习;责任与后果;成本与总账;爱与回应;边界与许可;照料与家庭;心理与主体","02;03;04;05;08;09;10;12;13;14;16;17;18"
"924","4cffb164-9cf0-5ceb-bf39-36b6507d3df3","赔着赚","2025-03-04","定义与达意;能力与学习;责任与后果;成本与总账;边界与许可;照料与家庭;法律与秩序;权力与异议;心理与主体","02;03;04;05;07;08;09;10;12;13;14;16;17;18"
"925","fd648025-66b6-56b1-976b-7c06ea8d47a8","新奥义","2025-03-04","选择与自由;成本与总账;财富与市场","02;03;07;10;13;16;18"
"926","31dcaf05-d756-5ab9-8ee7-9c6191c35104","厉害思维","2025-03-03","能力与学习;选择与自由;责任与后果;成本与总账;权力与异议;心理与主体","02;03;07;08;10;12;13;14;16;17;18"
"927","e8014b73-baa4-53db-9322-627e3504f05e","敌人的掌声","2025-03-03","成本与总账;信用与信任;爱与回应;心理与主体","03;04;05;06;08;10;12;14;16;17;18"
"928","e02a4c58-60df-5016-9056-ebe1914d5196","无人相候","2025-03-03","能力与学习;选择与自由;责任与后果;成本与总账;信用与信任;劳动与组织;财富与市场;法律与秩序","02;03;06;07;08;10;12;13;16;18"
"929","fba61b87-e09e-5454-a83a-2bc6af90356a","南北宗族","2025-03-02","事实与证据;成本与总账;边界与许可;照料与家庭;劳动与组织;文明与历史;生态与自然","03;04;05;06;08;09;10;11;12;13;14;15;16;17;18;25;31;32;33"
"930","14a8d32f-6ed2-5fec-bf3b-485797d9f125","经验驱动","2025-03-01","事实与证据;能力与学习;信用与信任;技术与工程","03;06;08;09;12;13;17;18;32;33"
"931","12429061-52ab-54e1-8405-44583710be35","最","2025-03-01","能力与学习;选择与自由;责任与后果;信用与信任;劳动与组织;心理与主体","02;03;06;07;08;10;12;13;14;16;17;18"
"932","abf7f207-3ff0-50d8-9591-6403ca0c35f1","无悲喜","2025-02-28","选择与自由;责任与后果;爱与回应;边界与许可;心理与主体","02;03;04;05;07;08;10;12;14;16;17;18"
"933","c02cc342-d5fe-5dd1-9cc2-243e76a801a1","使君与操","2025-02-28","事实与证据;能力与学习;选择与自由;责任与后果;成本与总账;爱与回应;劳动与组织;权力与异议;文明与历史","02;03;04;05;06;07;08;09;10;11;12;13;14;15;16;17;18;31;32;33"
"934","adbedec8-cb9d-533a-b7c6-294be4d7c19c","火星劝退者","2025-02-26","能力与学习;选择与自由;责任与后果;成本与总账;边界与许可;照料与家庭;财富与市场;法律与秩序;文明与历史","02;03;04;05;07;08;10;11;12;13;14;15;16;18;31;32;33"
"935","523c4064-2745-5b68-92dd-d8209abaf022","反叛逆","2025-02-26","定义与达意;能力与学习;选择与自由;责任与后果;成本与总账;边界与许可;照料与家庭;劳动与组织;财富与市场;法律与秩序;权力与异议","02;03;04;05;06;07;08;09;10;12;13;14;16;17;18"
"936","dac0b7bb-3765-5cd2-bcbd-0271ceb6c58c","面子币","2025-02-25","定义与达意;能力与学习;选择与自由;责任与后果;成本与总账;信用与信任;财富与市场;文明与历史;心理与主体","02;03;06;07;08;09;10;11;12;13;14;15;16;17;18;31;32;33"
"937","b5e5a89e-ed07-5580-9414-b882995c136b","情绪的边界","2025-02-24","选择与自由;责任与后果;信用与信任;爱与回应;边界与许可;心理与主体","02;03;04;05;06;07;08;10;12;14;16;17;18"
"938","131eb030-2a1f-5c18-a917-a38926b4ce6b","钢铁苍穹","2025-02-21","事实与证据;选择与自由;责任与后果;成本与总账;信用与信任;边界与许可;劳动与组织;财富与市场;权力与异议;心理与主体","02;03;05;06;07;08;09;10;12;13;14;16;17;18"
"939","4e68a9b4-f80e-50d5-ad36-78befe5a8017","沉默的巨人","2025-02-20","事实与证据;选择与自由;成本与总账;信用与信任;宗教与自然法","02;03;06;07;08;09;10;11;12;16;17;18"
"940","b80ff0b0-cbf5-503c-ae94-6a557208d766","认罚","2025-02-19","事实与证据;能力与学习;选择与自由;责任与后果;成本与总账;信用与信任;净输出与不掠夺;法律与秩序","02;03;05;06;07;08;09;10;12;13;16;17;18"
"941","c51db42c-0852-5eb1-89a8-dcc401d84133","入东宫","2025-02-18","能力与学习;选择与自由;责任与后果;成本与总账;信用与信任;照料与家庭;劳动与组织;权力与异议;技术与工程;文明与历史;心理与主体","02;03;04;05;06;07;08;10;11;12;13;14;15;16;17;18;31;32;33"
"942","d2d94fdc-7564-537a-ada1-de0bedab87f8","渡人守则","2025-02-17","事实与证据;定义与达意;责任与后果;边界与许可;法律与秩序","02;03;05;07;08;09;10;12;16;17;18"
"943","13f87a0b-aae3-5dcd-b9e8-295c4862ba6c","大众牌","2025-02-17","事实与证据;爱与回应;财富与市场","03;04;05;08;09;10;13;14;16;17"
"944","f1cbd19b-9192-52ea-a05e-0fc4b9ed9297","安贫乐道","2025-02-17","选择与自由;责任与后果;成本与总账;劳动与组织;财富与市场;技术与工程;文明与历史","02;03;06;07;10;11;12;13;15;16;17;18;31;32;33"
"945","1fbc4347-3dee-52df-81cf-8f261d002b4d","修罗泡泡","2025-02-16","事实与证据;定义与达意;责任与后果;成本与总账;信用与信任;技术与工程","02;03;06;08;09;10;12;13;17;18;32;33"
"946","3a31460c-f36a-55a6-bf59-a78c6d2b901a","坚持的必要","2025-02-16","能力与学习;责任与后果;劳动与组织;心理与主体","02;03;06;08;10;12;13;14;17;18"
"947","38e96a19-c5de-586c-b8af-b5531628adaa","脱敏","2025-02-14","能力与学习;责任与后果;成本与总账;信用与信任;照料与家庭;心理与主体;性别与身体","02;03;04;05;06;08;10;12;13;14;16;17;18"
"948","cba934e9-582b-5c7c-aa81-dd5d9ba8a17b","理工女","2025-02-14","能力与学习;选择与自由;责任与后果;成本与总账;爱与回应;照料与家庭;技术与工程;文明与历史;心理与主体;性别与身体","02;03;04;05;07;08;10;11;12;13;14;15;16;17;18;31;32;33"
"949","95829959-f721-5c68-a991-5a0a3afc76d7","外卖英豪","2025-02-14","能力与学习;选择与自由;成本与总账;信用与信任;劳动与组织;财富与市场;技术与工程;文明与历史;生态与自然;人工智能与机器;心理与主体;性别与身体","02;03;05;06;07;08;10;11;12;13;14;15;16;17;18;25;28;29;31;32;33"
"950","b0d184b7-7ca9-5cab-885f-cc3e136c078f","衣甲精洁","2025-02-14","事实与证据;选择与自由;责任与后果;成本与总账;劳动与组织;技术与工程;文明与历史;生态与自然;性别与身体","02;03;05;06;07;08;09;10;11;12;13;14;15;16;17;18;25;31;32;33"
"951","15d53474-8bf6-5879-8209-cb5cdc17cb94","不带夸赞的礼遇","2025-02-14","事实与证据;定义与达意;能力与学习;责任与后果;成本与总账;信用与信任;净输出与不掠夺;照料与家庭;劳动与组织;心理与主体","02;03;04;05;06;08;09;10;12;13;14;16;17;18"
"952","d73bc795-3d6c-5012-9883-5ce031b22ed4","高呼尊号","2025-02-13","事实与证据;能力与学习;选择与自由;责任与后果;成本与总账;劳动与组织;法律与秩序;权力与异议","02;03;06;07;08;09;10;12;13;16;17;18"
"953","931ccf74-9aa7-53cd-a80b-d10e3c4a4cbe","骷髅剑","2025-02-13","事实与证据;能力与学习;选择与自由;责任与后果;照料与家庭;技术与工程;心理与主体","02;03;04;05;07;08;09;10;12;13;14;16;17;18;32;33"
"954","2c4e49b5-a3ec-521a-adea-bf909ec3091c","怒者不医","2025-02-13","能力与学习;责任与后果;成本与总账;爱与回应;照料与家庭;权力与异议;心理与主体","02;03;04;05;07;08;10;12;13;14;16;17;18"
"955","a717a9d8-34fb-5a6d-8ba6-4cf03a3ed779","见者有责","2025-02-12","能力与学习;选择与自由;责任与后果;成本与总账;信用与信任;照料与家庭;劳动与组织;法律与秩序;心理与主体","02;03;04;05;06;07;08;10;12;13;14;16;17;18"
"956","eceaef6c-f577-5058-991d-5530af637370","长安揖别","2025-02-12","事实与证据;定义与达意;责任与后果;成本与总账;边界与许可;劳动与组织;技术与工程;文明与历史","02;03;05;06;08;09;10;11;12;13;15;16;17;18;31;32;33"
"957","ef52f8dd-0744-5344-b11a-b8bd7f6494ba","狡辩","2025-02-12","定义与达意;选择与自由;责任与后果;边界与许可;技术与工程","02;03;05;07;09;10;12;13;16;17;18;32;33"
"958","8ea1ca95-bc6b-55e8-98c9-f2d2bb54abe1","少收了三五斗","2025-02-12","事实与证据;选择与自由;责任与后果;成本与总账;边界与许可;技术与工程","02;03;05;07;08;09;10;12;13;16;17;18;32;33"
"959","142e0a2b-d380-59fc-b720-bacad15cf715","孤胆","2025-02-12","能力与学习;选择与自由;责任与后果;信用与信任;照料与家庭","02;03;04;05;06;07;08;10;12;13;14;16;18"
"960","c9bd3f8d-a51f-5b2d-884d-460e73ae5958","顺潮出海","2025-02-10","选择与自由;责任与后果;成本与总账;净输出与不掠夺;照料与家庭;文明与历史","02;03;04;05;07;10;11;12;13;14;15;16;18;31;32;33"
"961","b9676368-a5e2-5281-8df2-ecb35a1f8a48","毒打使者","2025-02-10","定义与达意;心理与主体","08;09;14;17;18"
"962","b1036158-c0da-5eb5-9011-d0609bd5db83","工作优先","2025-02-10","事实与证据;定义与达意;成本与总账;信用与信任;边界与许可;照料与家庭;劳动与组织","03;04;05;06;08;09;10;12;13;14;16;17;18"
"963","6486a22c-cb88-59c5-a02c-809f45c8625f","危墙","2025-02-09","选择与自由;责任与后果;成本与总账;法律与秩序","02;03;07;10;12;16;18"
"964","daa2da9d-9204-588a-88a3-a5d9006bf4d4","论批评 2","2025-02-09","定义与达意;能力与学习;责任与后果;净输出与不掠夺;照料与家庭;劳动与组织;权力与异议;心理与主体;宗教与自然法","02;03;04;05;06;07;08;09;10;11;12;13;14;16;17;18"
"965","bc0d31fe-6d39-57da-8e44-5f2310f60a72","名著","2025-02-09","能力与学习;成本与总账;边界与许可;照料与家庭;法律与秩序;技术与工程;文明与历史;民族与身份;心理与主体","03;04;05;07;08;10;11;12;13;14;15;16;17;18;27;31;32;33"
"966","23434474-9bc8-579b-b6f8-b3743e97e2c3","认错问题","2025-02-08","定义与达意;责任与后果;成本与总账;信用与信任;照料与家庭;劳动与组织;技术与工程;心理与主体","02;03;04;05;06;08;09;10;12;13;14;16;17;18;32;33"
"967","f950a721-c22c-5c24-a55a-4a840db58db6","趵突泉","2025-02-08","能力与学习;选择与自由;责任与后果;成本与总账;爱与回应;净输出与不掠夺;照料与家庭;财富与市场","02;03;04;05;07;08;10;12;13;14;16;18"
"968","2bf341d3-9ee6-53eb-87a7-369a7f59ec70","趣","2025-02-07","定义与达意;责任与后果;成本与总账;爱与回应;边界与许可;心理与主体","02;03;04;05;08;09;10;12;14;16;17;18"
"969","ad7968f0-31b3-5b2d-b756-b9a3bf40308c","三重冠","2025-02-07","事实与证据;能力与学习;责任与后果;边界与许可;劳动与组织;财富与市场;技术与工程;文明与历史","02;03;05;06;08;09;10;11;12;13;15;16;17;18;31;32;33"
"970","ae80551a-0df8-5462-a596-c81c43a8504c","混沌文笔","2025-02-06","事实与证据;定义与达意;能力与学习;责任与后果;爱与回应;照料与家庭;法律与秩序;人工智能与机器;心理与主体","02;03;04;05;07;08;09;10;12;13;14;16;17;18;28;29;33"
"971","8b701797-245f-5af1-930a-c3867f59f2c1","混沌","2025-02-06","事实与证据;定义与达意;能力与学习;责任与后果;成本与总账;信用与信任;爱与回应;照料与家庭;法律与秩序;技术与工程;人工智能与机器;心理与主体","02;03;04;05;06;07;08;09;10;12;13;14;16;17;18;28;29;32;33"
"972","3ba11ab8-7fee-5c01-adbd-724de6ba78eb","异人","2025-02-06","能力与学习;选择与自由;成本与总账;爱与回应;心理与主体","02;03;04;05;07;08;10;13;14;16;17;18"
"973","06dce082-a942-5c6b-b390-9a9486785b07","千万别抬头","2025-02-04","事实与证据;定义与达意;选择与自由;责任与后果;成本与总账;信用与信任;照料与家庭;财富与市场;文明与历史","02;03;04;05;06;07;08;09;10;11;12;13;14;15;16;17;18;31;32;33"
"974","3a7b8b75-b3de-50b4-ac04-733128e9efcb","有理由退货","2025-02-03","事实与证据;选择与自由;责任与后果;成本与总账;净输出与不掠夺;边界与许可;财富与市场;法律与秩序","02;03;05;07;08;09;10;12;13;16;17;18"
"975","0baecdf6-49dc-55f4-ae58-530c20694943","寒光","2025-02-03","能力与学习;责任与后果;成本与总账;信用与信任;净输出与不掠夺;性别与身体","02;03;05;06;08;10;12;13;14;16;18"
"976","00ccfbb2-d6b0-5d87-9b7a-28f66fa2b000","无与伦比","2025-02-03","能力与学习;爱与回应;财富与市场;技术与工程;文明与历史;心理与主体","03;04;05;08;10;11;13;14;15;16;17;18;31;32;33"
"977","85ab46d9-7681-54c0-a0db-8cf873ad5906","术与略","2025-02-02","定义与达意;责任与后果;爱与回应;劳动与组织","02;03;04;05;06;09;10;12;13;14;16;17;18"
"978","31ac291a-9c6a-5a0c-96e3-8b7738d97449","高手迹象","2025-02-02","事实与证据;能力与学习;选择与自由;责任与后果;成本与总账;信用与信任;法律与秩序;心理与主体","02;03;06;07;08;09;10;12;13;14;16;17;18"
"979","9517ea99-9f1a-5560-891f-109bfdfa91c0","维他命I","2025-02-02","事实与证据;定义与达意;能力与学习;责任与后果;成本与总账;信用与信任;爱与回应;边界与许可;权力与异议;心理与主体","02;03;04;05;06;07;08;09;10;12;13;14;16;17;18"
"980","d8093101-8b79-5ccc-b63c-9d5d4d3debec","黑漆漆","2025-02-02","事实与证据;定义与达意;选择与自由;责任与后果;信用与信任;权力与异议","02;03;06;07;08;09;10;12;16;17;18"
"981","7a93aa4f-2f47-512a-acfd-802304b8de07","猎魔人","2025-02-01","事实与证据;能力与学习;成本与总账;劳动与组织;技术与工程;人工智能与机器;心理与主体","03;06;08;09;10;13;14;17;18;28;29;32;33"
"982","5a7bb67a-3250-52ab-a9be-ec806ae520a9","黑信使","2025-02-01","事实与证据;能力与学习;责任与后果;成本与总账;边界与许可;劳动与组织;法律与秩序","02;03;05;06;07;08;09;10;12;13;16;17;18"
"983","f242b9c0-22b1-54c8-b96f-8df594c27777","一蟹不如一蟹","2025-01-31","能力与学习;责任与后果;成本与总账;信用与信任;照料与家庭;生态与自然","02;03;04;05;06;08;10;12;13;14;16;18;25;32"
"984","38ba6f51-f709-5dc7-a56d-82d2353337e6","海上水","2025-01-31","选择与自由;信用与信任;性别与身体","02;03;05;06;07;12;14;16;18"
"985","edfcfb1d-1da3-5e97-a540-a2bf62558ebe","天下第一","2025-01-31","能力与学习;选择与自由;责任与后果;成本与总账;边界与许可;劳动与组织;财富与市场;技术与工程;文明与历史;心理与主体","02;03;05;06;07;08;10;11;12;13;14;15;16;17;18;31;32;33"
"986","6b557dba-5102-57b0-9111-13f90de7f250","淘汰郎","2025-01-30","定义与达意;能力与学习;选择与自由;责任与后果;劳动与组织","02;03;06;07;08;09;10;12;13;16;17;18"
"987","108851c4-f07e-5c7f-a989-0d7851c19a9a","外戚当权","2025-01-30","定义与达意;责任与后果;信用与信任;爱与回应;心理与主体","02;03;04;05;06;08;09;10;12;14;16;17;18"
"988","77078ecd-9b51-5a02-b839-67eaa88f3550","阿尔弗雷德","2025-01-30","事实与证据;定义与达意;能力与学习;责任与后果;劳动与组织;法律与秩序;技术与工程","02;03;06;07;08;09;10;12;13;17;18;32;33"
"989","146b57e1-71f9-5a78-be6d-63eec7befc3c","可共戴天","2025-01-30","选择与自由;责任与后果;爱与回应;净输出与不掠夺;边界与许可;权力与异议","02;03;04;05;07;10;12;14;16;18"
"990","5e6c122d-31fb-53b9-a7af-845b36a77e25","爱不思恶","2025-01-29","事实与证据;选择与自由;成本与总账;爱与回应;边界与许可;照料与家庭;法律与秩序;权力与异议","02;03;04;05;07;08;09;10;12;14;16;17;18"
"991","fc76cd1e-9625-53e1-ba17-a70d568ca349","拒绝的罪","2025-01-29","能力与学习;选择与自由;责任与后果;信用与信任;爱与回应;净输出与不掠夺;边界与许可;心理与主体","02;03;04;05;06;07;08;10;12;13;14;16;17;18"
"992","d9291c42-4688-520a-b357-b7553d9aab2f","石佛","2025-01-29","能力与学习;责任与后果;成本与总账;边界与许可;劳动与组织;权力与异议;心理与主体","02;03;05;06;07;08;10;12;13;14;16;17;18"
"993","42be8225-d3ea-5ebf-903a-0bd6b40b4b71","行礼如仪","2025-01-29","能力与学习;选择与自由;责任与后果;成本与总账;边界与许可;照料与家庭;文明与历史;心理与主体","02;03;04;05;07;08;10;11;12;13;14;15;16;17;18;31;32;33"
"994","82a50074-533e-5d37-96f6-08b320bef9dc","有效支持","2025-01-28","定义与达意;能力与学习;选择与自由;责任与后果;成本与总账;信用与信任;爱与回应;照料与家庭;权力与异议;心理与主体","02;03;04;05;06;07;08;09;10;12;13;14;16;17;18"
"995","277526c6-c25e-5b67-887e-6f87d135550f","攀比艺术","2025-01-27","能力与学习;成本与总账;爱与回应;边界与许可;照料与家庭;财富与市场;技术与工程;心理与主体","03;04;05;08;10;12;13;14;16;17;18;32;33"
"996","d4ecf4e7-8bac-536d-a50c-c975f9191496","红旗下的蛋","2025-01-27","定义与达意;能力与学习;成本与总账;技术与工程;文明与历史;生态与自然;人工智能与机器","03;08;09;10;11;13;15;17;18;25;28;29;31;32;33"
"997","bd54d1ed-d6a4-591d-b39b-0a0fb7f0645e","女用电钻","2025-01-27","事实与证据;能力与学习;选择与自由;成本与总账;边界与许可;权力与异议;技术与工程;性别与身体","02;03;05;07;08;09;10;12;13;14;16;17;18;32;33"
"998","4b91d1f1-3166-50a7-b205-7e5330776140","免俗","2025-01-27","选择与自由;责任与后果;成本与总账;信用与信任;净输出与不掠夺;照料与家庭;劳动与组织;财富与市场;生态与自然;心理与主体","02;03;04;05;06;07;08;10;12;13;14;16;17;18;25;32"
"999","5f29fe1e-46f5-5fa0-a298-56f7f16c729e","哗众取宠","2025-01-26","定义与达意;能力与学习;责任与后果;成本与总账;爱与回应;边界与许可;法律与秩序;文明与历史;生态与自然;心理与主体","02;03;04;05;07;08;09;10;11;12;13;14;15;16;17;18;25;31;32;33"
"1000","be6521a4-5b3a-5551-8f28-21939a9e90ae","被扼杀的人才","2025-01-26","定义与达意;能力与学习;选择与自由;责任与后果;成本与总账;性别与身体","02;03;05;07;08;09;10;12;13;14;16;17;18"
"1001","24ba3c38-ad5f-59d7-8a63-2b68001ef140","大绑架","2025-01-26","定义与达意;能力与学习;选择与自由;责任与后果;成本与总账;爱与回应;边界与许可;照料与家庭;劳动与组织;法律与秩序;技术与工程;心理与主体","02;03;04;05;06;07;08;09;10;12;13;14;16;17;18;32;33"
"1002","eb58093e-7524-528d-af13-afc868b32efd","STRUGGLE","2025-01-25","爱与回应","04;05;14;16"
"1003","a2b5a726-4dfc-54e0-829d-2e248fd23464","男扮女装","2025-01-24","定义与达意;选择与自由;责任与后果;爱与回应;照料与家庭;劳动与组织;法律与秩序;人工智能与机器;性别与身体","02;03;04;05;06;07;09;10;12;13;14;16;17;18;28;29;33"
"1004","e7445224-1b2f-5b70-a97d-1af0c5e9565d","撸贷致富","2025-01-23","定义与达意;能力与学习;选择与自由;责任与后果;成本与总账;爱与回应;边界与许可;法律与秩序;心理与主体","02;03;04;05;07;08;09;10;12;13;14;16;17;18"
"1005","c7c723cf-8b91-52db-9ac9-6a9e798dff60","不够友好","2025-01-23","定义与达意;选择与自由;责任与后果;信用与信任;爱与回应;劳动与组织;财富与市场;法律与秩序;权力与异议","02;03;04;05;06;07;09;10;12;13;14;16;17;18"
"1006","9da990f9-1223-52bd-8a9b-647ea5e8ab8c","真的不适合","2025-01-22","事实与证据;能力与学习;选择与自由;责任与后果","02;03;07;08;09;10;12;13;16;17;18"
"1007","3286a4cf-d771-5698-a084-4d833a7d68c4","陌路相望","2025-01-22","定义与达意;选择与自由;责任与后果;爱与回应;净输出与不掠夺;边界与许可;照料与家庭","02;03;04;05;07;09;10;12;14;16;17;18"
"1008","f5ad3d48-09a2-54b7-898d-4748148feaeb","玉罗刹","2025-01-21","选择与自由;信用与信任;爱与回应;边界与许可;照料与家庭","02;03;04;05;06;07;12;14;16;18"
"1009","83dcf193-c67e-5091-b2a9-f1a33fe6c59e","满门忠烈","2025-01-21","财富与市场;法律与秩序;权力与异议;文明与历史;心理与主体","03;07;08;10;11;12;13;14;15;17;18;31;32;33"
"1010","79414e4a-4e4b-5545-baee-9564a9f05b4e","疲兵","2025-01-21","定义与达意;选择与自由;责任与后果;爱与回应;心理与主体","02;03;04;05;07;08;09;10;12;14;16;17;18"
"1011","73ae0c10-37e8-5b17-9d15-b505f5c512b4","小汉奸","2025-01-20","选择与自由;责任与后果;成本与总账;信用与信任;法律与秩序;宗教与自然法","02;03;06;07;10;11;12;16;18"
"1012","ae8e2e0c-87e9-5a44-99a6-9db8fcef3f8f","哥利亚说","2025-01-20","选择与自由;责任与后果;信用与信任;技术与工程;心理与主体","02;03;06;07;08;10;12;13;14;16;17;18;32;33"
"1013","88b8f8d0-e2ab-535a-9441-769f32c0f3c4","由蠢及恶","2025-01-19","事实与证据;能力与学习;选择与自由;责任与后果;成本与总账;信用与信任;爱与回应;照料与家庭;权力与异议","02;03;04;05;06;07;08;09;10;12;13;14;16;17;18"
"1014","198d0ded-f84a-512d-b873-eea6527fa42a","东星耀扬","2025-01-18","能力与学习;选择与自由;责任与后果;成本与总账;爱与回应;照料与家庭;权力与异议;文明与历史;心理与主体;宗教与自然法","02;03;04;05;07;08;10;11;12;13;14;15;16;17;18;31;32;33"
"1015","354134b7-8a94-557c-bc8a-3856c670d1cc","龙场避难","2025-01-18","事实与证据;选择与自由;成本与总账;信用与信任;边界与许可;劳动与组织;法律与秩序","02;03;05;06;07;08;09;10;12;13;16;17;18"
"1016","4e653723-c074-5aa5-b102-a89b77f748ff","桃李满天下","2025-01-18","责任与后果;成本与总账;文明与历史;生态与自然","02;03;10;11;12;13;15;18;25;31;32;33"
"1017","4cd03968-f57b-5ee2-aa4a-c671054707ba","黑神话","2025-01-17","选择与自由;责任与后果;成本与总账;净输出与不掠夺;边界与许可;心理与主体;性别与身体;宗教与自然法","02;03;05;07;08;10;11;12;14;16;17;18"
"1018","7115ff86-706f-5d21-98e5-a00358a28c4e","狎","2025-01-17","定义与达意;选择与自由;责任与后果;信用与信任;爱与回应;边界与许可;法律与秩序","02;03;04;05;06;07;09;10;12;14;16;17;18"
"1019","819af63c-442a-5fbb-a9ab-04d0518603b2","上班目的","2025-01-16","选择与自由;责任与后果;照料与家庭;劳动与组织","02;03;04;05;06;07;10;12;13;14;16;18"
"1020","a5ff97c0-21e3-5e6d-8cd6-aa5986e8789c","偏袒陷阱","2025-01-15","事实与证据;定义与达意;能力与学习;选择与自由;责任与后果;成本与总账;信用与信任;边界与许可;照料与家庭;劳动与组织;财富与市场;法律与秩序;性别与身体","02;03;04;05;06;07;08;09;10;12;13;14;16;17;18"
"1021","6278580f-d02a-5ecd-91d8-423eabd7d971","真爽","2025-01-15","定义与达意;能力与学习;选择与自由;责任与后果;成本与总账;爱与回应;劳动与组织;财富与市场;权力与异议","02;03;04;05;06;07;08;09;10;12;13;14;16;17;18"
"1022","5d5df411-14b1-58b7-899d-aa62303d31aa","爱的技巧","2025-01-15","定义与达意;能力与学习;选择与自由;爱与回应;边界与许可;权力与异议","02;03;04;05;07;08;09;12;13;14;16;17;18"
"1023","24ba556f-695b-5a40-a457-1f7aeed8b2ed","情绪大师","2025-01-14","事实与证据;能力与学习;信用与信任;边界与许可;劳动与组织;财富与市场;权力与异议;技术与工程;心理与主体","03;05;06;07;08;09;10;12;13;14;16;17;18;32;33"
"1024","f89dd7e0-fc3b-5422-9b94-c2d96010d730","小题大做","2025-01-14","定义与达意;选择与自由;责任与后果;爱与回应;权力与异议","02;03;04;05;07;09;10;12;14;16;17;18"
"1025","b619e00b-2e9b-5ded-9343-204112b5a8ef","心猿","2025-01-14","事实与证据;定义与达意;选择与自由;成本与总账;爱与回应;边界与许可;权力与异议","02;03;04;05;07;08;09;10;12;14;16;17;18"
"1026","b536c5c0-27c5-53d9-92b3-652dcd26cd80","安全的诅咒","2025-01-13","能力与学习;选择与自由;成本与总账;爱与回应;劳动与组织;财富与市场;法律与秩序;权力与异议","02;03;04;05;06;07;08;10;12;13;14;16;18"
"1027","640f33dd-646e-5163-8579-a7608c6ecfa3","孩子不说话","2025-01-13","事实与证据;能力与学习;选择与自由;责任与后果;成本与总账;照料与家庭;权力与异议;心理与主体","02;03;04;05;07;08;09;10;12;13;14;16;17;18"
"1028","3b198418-fd46-5abc-bb65-e917367eae96","好环境","2025-01-12","能力与学习;选择与自由;成本与总账;财富与市场;心理与主体","02;03;07;08;10;13;14;16;17;18"
"1029","2321e57f-4ddc-5a5c-a2a6-9a866886e457","照骨镜","2025-01-12","事实与证据;选择与自由;责任与后果;成本与总账;边界与许可;法律与秩序;技术与工程","02;03;05;07;08;09;10;12;13;16;17;18;32;33"
"1030","00c6ae57-2daf-5bd8-901f-8977afc3101c","绝足","2025-01-12","事实与证据;定义与达意;能力与学习;选择与自由;责任与后果;成本与总账;法律与秩序","02;03;07;08;09;10;12;13;16;17;18"
"1031","3b8ef0e6-214b-5313-9ec1-dac59aa419fa","面试愉快","2025-01-11","定义与达意;能力与学习;选择与自由;责任与后果;成本与总账;劳动与组织;心理与主体","02;03;06;07;08;09;10;12;13;14;16;17;18"
"1032","664e80ba-dfb9-54de-8ae6-520055ac8031","只手擎天","2025-01-11","能力与学习;选择与自由;责任与后果;成本与总账;劳动与组织;法律与秩序;权力与异议;技术与工程;文明与历史","02;03;06;07;08;10;11;12;13;15;16;17;18;31;32;33"
"1033","2c5c737e-2d48-56b8-806d-1ef57d7102dc","正常的歧视","2025-01-11","事实与证据;定义与达意;能力与学习;选择与自由;责任与后果;成本与总账;照料与家庭;劳动与组织;法律与秩序;心理与主体;性别与身体","02;03;04;05;06;07;08;09;10;12;13;14;16;17;18"
"1034","94822604-a03a-5793-8db6-1c59facb897c","对怨恨的迷信","2025-01-10","事实与证据;选择与自由;责任与后果;成本与总账;信用与信任;照料与家庭;劳动与组织;财富与市场;法律与秩序;民族与身份;心理与主体;宗教与自然法","02;03;04;05;06;07;08;09;10;11;12;13;14;16;17;18;27;31"
"1035","6ae49233-40b3-5acd-a548-8979ce49c175","无言以对","2025-01-10","定义与达意;选择与自由;责任与后果;成本与总账;劳动与组织;技术与工程;文明与历史;人工智能与机器","02;03;06;07;09;10;11;12;13;15;16;17;18;28;29;31;32;33"
"1036","10d40004-f308-598d-aabc-d8c3ab970858","牢饭","2025-01-09","事实与证据;定义与达意;责任与后果;成本与总账;照料与家庭;财富与市场;权力与异议;性别与身体","02;03;04;05;07;08;09;10;12;13;14;16;17;18"
"1037","deece801-6414-5691-81bc-9d69a9bf500b","白羽毛","2025-01-09","定义与达意;选择与自由;责任与后果;劳动与组织;法律与秩序;权力与异议","02;03;06;07;09;10;12;13;16;17;18"
"1038","9a06cc2f-388d-5b43-9d70-358822594897","空手接大锤","2025-01-09","定义与达意;能力与学习;选择与自由;成本与总账;信用与信任;爱与回应;劳动与组织;心理与主体","02;03;04;05;06;07;08;09;10;12;13;14;16;17;18"
"1039","fc7a1e15-abf5-5a80-8934-fa95e8c8068a","铮铮铁骨","2025-01-08","能力与学习;选择与自由;责任与后果;成本与总账;边界与许可;照料与家庭;劳动与组织;财富与市场;权力与异议;心理与主体","02;03;04;05;06;07;08;10;12;13;14;16;17;18"
"1040","169640de-e93a-571c-85f9-f956f7aafb4e","卡通表","2025-01-08","事实与证据;定义与达意;选择与自由;责任与后果;成本与总账;信用与信任;爱与回应;财富与市场","02;03;04;05;06;07;08;09;10;12;13;14;16;17;18"
"1041","2a641093-6b9f-5b39-bdeb-baa421a47f3f","山丘上的鱼鹰","2025-01-08","事实与证据;定义与达意;能力与学习;选择与自由;爱与回应;净输出与不掠夺;照料与家庭;人工智能与机器;心理与主体","02;03;04;05;07;08;09;13;14;16;17;18;28;29;33"
"1042","d41299b4-4f90-508b-8742-45719a8b83dd","合理2","2025-01-08","事实与证据;定义与达意;选择与自由;边界与许可;照料与家庭;技术与工程;宗教与自然法","02;04;05;07;08;09;11;12;13;14;16;17;18;32;33"
"1043","4aed2e67-8840-5b8e-b276-74d61b20a361","慧眼识珠","2025-01-06","能力与学习;选择与自由;责任与后果;成本与总账;信用与信任;劳动与组织;财富与市场","02;03;06;07;08;10;12;13;16;18"
"1044","1c63a2c8-deae-5894-b5e7-4dddbf31f92a","表彰与造神","2025-01-06","事实与证据;能力与学习;选择与自由;成本与总账;边界与许可;法律与秩序;生态与自然;心理与主体","02;03;05;07;08;09;10;12;13;14;16;17;18;25;32"
"1045","55365eb3-e1c0-5c01-baa0-d38809a5e90f","窝勇者","2025-01-05","事实与证据;定义与达意;能力与学习;成本与总账;照料与家庭;权力与异议","03;04;05;07;08;09;10;12;13;14;16;17;18"
"1046","ae39fc9c-ee2e-5598-bba6-0fb0df9de4d5","最佳促销","2025-01-05","事实与证据;定义与达意;选择与自由;责任与后果;成本与总账;信用与信任;照料与家庭;法律与秩序;技术与工程","02;03;04;05;06;07;08;09;10;12;13;14;16;17;18;32;33"
"1047","1bd05dcc-2794-5971-9b5d-4786a9d2078c","邪魔外道","2025-01-05","事实与证据;能力与学习;选择与自由;责任与后果;信用与信任;边界与许可;技术与工程;文明与历史","02;03;05;06;07;08;09;10;11;12;13;15;16;17;18;31;32;33"
"1048","39880b33-c8b1-5b00-a083-7a7a4ec5bc31","漂","2025-01-05","定义与达意;能力与学习;选择与自由;责任与后果;信用与信任;爱与回应;边界与许可;照料与家庭;劳动与组织;财富与市场;技术与工程;文明与历史;心理与主体;性别与身体","02;03;04;05;06;07;08;09;10;11;12;13;14;15;16;17;18;31;32;33"
"1049","451358a1-f495-5bb0-9b1b-04b25333d983","四六分","2025-01-04","事实与证据;能力与学习;选择与自由;责任与后果;成本与总账;信用与信任;劳动与组织;权力与异议;文明与历史","02;03;06;07;08;09;10;11;12;13;15;16;17;18;31;32;33"
"1050","6d639d53-5c63-5082-af98-315d3a3957dc","大教育家","2025-01-04","事实与证据;能力与学习;选择与自由;财富与市场;文明与历史","02;03;07;08;09;10;11;13;15;16;17;18;31;32;33"
"1051","736e71c7-584c-5cce-a1d4-f774597de3b4","吟诗作对","2025-01-03","事实与证据;能力与学习;选择与自由;责任与后果;成本与总账;爱与回应;劳动与组织;财富与市场","02;03;04;05;06;07;08;09;10;12;13;14;16;17;18"
"1052","4d16a26b-cff2-5424-9d73-7fb9fffbb004","公什么关","2025-01-03","事实与证据;能力与学习;选择与自由;责任与后果;成本与总账;信用与信任;边界与许可;劳动与组织;心理与主体","02;03;05;06;07;08;09;10;12;13;14;16;17;18"
"1053","2de0cb11-2db0-5352-8fe2-610d7cdb5cbc","欣赏与自我欣赏","2025-01-03","能力与学习;爱与回应;心理与主体","04;05;08;13;14;16;17;18"
"1054","5018ceee-ae4a-538c-b7b5-cbd229587dca","治未病","2025-01-03","定义与达意;选择与自由;成本与总账;照料与家庭;技术与工程;心理与主体","02;03;04;05;07;08;09;10;13;14;16;17;18;32;33"
"1055","8ed697c1-c8dc-545a-a480-88c6f425be79","历史的手续费","2025-01-02","能力与学习;选择与自由;责任与后果;成本与总账;法律与秩序;文明与历史;心理与主体","02;03;07;08;10;11;12;13;14;15;16;17;18;31;32;33"
"1056","c259d5dd-43ac-5a97-b5a5-a7156a52ccff","言不由衷","2025-01-02","事实与证据;定义与达意;选择与自由;责任与后果;信用与信任;爱与回应;边界与许可;权力与异议;文明与历史","02;03;04;05;06;07;08;09;10;11;12;13;14;15;16;17;18;31;32;33"
"1057","cf2d90b5-e419-5409-bc8e-4105f792c2a9","四十不惑","2025-01-01","定义与达意;能力与学习;选择与自由;劳动与组织;财富与市场;技术与工程;文明与历史;心理与主体","02;03;06;07;08;09;10;11;13;14;15;16;17;18;31;32;33"
"1058","73dd1a87-db1b-5265-bd80-95c209970cc6","人的目的","2025-01-01","定义与达意;选择与自由;责任与后果;成本与总账;爱与回应;财富与市场;技术与工程;文明与历史;心理与主体","02;03;04;05;07;08;09;10;11;12;13;14;15;16;17;18;31;32;33"
"1059","c7ac910b-a11d-5123-877d-77ef606ec789","弄潮","2024-12-31","定义与达意;能力与学习;责任与后果;成本与总账;信用与信任;边界与许可;照料与家庭;权力与异议;心理与主体;宗教与自然法","02;03;04;05;06;07;08;09;10;11;12;13;14;16;17;18"
"1060","19b784e5-fd00-52e6-a16f-749fd6ae76cf","十分残忍","2024-12-30","定义与达意;能力与学习;选择与自由;责任与后果;成本与总账;信用与信任;边界与许可;照料与家庭;财富与市场;权力与异议","02;03;04;05;06;07;08;09;10;12;13;14;16;17;18"
"1061","d66c0b2a-d3f9-5934-bb90-b542f7fcc787","二手烟","2024-12-29","事实与证据;定义与达意;选择与自由;责任与后果;成本与总账;财富与市场;法律与秩序;文明与历史","02;03;07;08;09;10;11;12;13;15;16;17;18;31;32;33"
"1062","db553059-c41c-5448-8b70-85dbeb135fc8","傲骨贤妻","2024-12-29","能力与学习;选择与自由;责任与后果;成本与总账;信用与信任;净输出与不掠夺;边界与许可;照料与家庭;劳动与组织;权力与异议;生态与自然;心理与主体","02;03;04;05;06;07;08;10;12;13;14;16;17;18;25;32"
"1063","9404f210-6e88-56db-87a6-c04817f577ac","上邪","2024-12-28","事实与证据;选择与自由;责任与后果;成本与总账;信用与信任;爱与回应;劳动与组织;财富与市场","02;03;04;05;06;07;08;09;10;12;13;14;16;17;18"
"1064","6cfa86ed-1200-58a8-ba2e-e3499ee76101","睡前真经","2024-12-27","能力与学习;选择与自由;宗教与自然法","02;07;08;11;13;16;18"
"1065","44c903ad-ff1a-54b8-b051-4a73fcec0365","蓝色睡莲","2024-12-27","定义与达意;选择与自由;责任与后果;成本与总账;边界与许可;劳动与组织;法律与秩序;权力与异议;技术与工程;文明与历史;民族与身份","02;03;05;06;07;09;10;11;12;13;15;16;17;18;27;31;32;33"
"1066","8bd0b471-0f75-5660-8484-78f65a49d146","感谢策略","2024-12-27","定义与达意;选择与自由;责任与后果;信用与信任;边界与许可;文明与历史","02;03;05;06;07;09;10;11;12;13;15;16;17;18;31;32;33"
"1067","720503bc-83cd-579e-8293-adb3fb2fde64","整齐","2024-12-27","能力与学习;选择与自由;责任与后果;成本与总账;信用与信任;劳动与组织;财富与市场;法律与秩序;技术与工程","02;03;06;07;08;10;12;13;16;17;18;32;33"
"1068","e1c4364b-33b8-5a10-be93-19ff7b5a07bc","行宫","2024-12-26","能力与学习;选择与自由;成本与总账;法律与秩序;文明与历史;心理与主体","02;03;07;08;10;11;12;13;14;15;16;17;18;31;32;33"
"1069","b101746d-98f2-55ac-87be-ee169843d1a7","先后爱","2024-12-26","责任与后果;成本与总账;爱与回应;边界与许可;心理与主体","02;03;04;05;08;10;12;14;16;17;18"
"1070","9dccb4f6-563b-52d3-b867-da67e97eac06","一路向上","2024-12-26","能力与学习;选择与自由;责任与后果;成本与总账;信用与信任;照料与家庭;劳动与组织;性别与身体","02;03;04;05;06;07;08;10;12;13;14;16;18"
"1071","f61b4587-54ac-5fcd-8be0-fbb339fb134a","不想生","2024-12-25","事实与证据;选择与自由;责任与后果;成本与总账;照料与家庭;法律与秩序;权力与异议;技术与工程;性别与身体","02;03;04;05;07;08;09;10;12;13;14;16;17;18;32;33"
"1072","4fa25b69-db1c-5807-a42c-2d10d51f64f1","榜样的力量","2024-12-24","能力与学习;选择与自由;责任与后果;成本与总账;照料与家庭;法律与秩序","02;03;04;05;07;08;10;12;13;14;16;18"
"1073","104063ff-741d-593f-970f-938a47c756c6","吃干与抹净","2024-12-22","能力与学习;选择与自由;责任与后果;成本与总账;信用与信任;边界与许可;照料与家庭;权力与异议;文明与历史;性别与身体","02;03;04;05;06;07;08;10;11;12;13;14;15;16;18;31;32;33"
"1074","f23c88c7-5fe7-5987-9728-74d5e6d04e62","路在何方","2024-12-22","事实与证据;责任与后果;成本与总账;信用与信任;爱与回应;劳动与组织;财富与市场;技术与工程;心理与主体","02;03;04;05;06;08;09;10;12;13;14;16;17;18;32;33"
"1075","10a48118-1ea4-543b-b2ca-e21607a7d8c9","新手村之王","2024-12-22","能力与学习;选择与自由;责任与后果;信用与信任;爱与回应;边界与许可;照料与家庭;财富与市场;技术与工程","02;03;04;05;06;07;08;10;12;13;14;16;17;18;32;33"
"1076","a799ca35-165b-53ab-b581-a6d310d6765d","一点傲骨","2024-12-21","能力与学习;选择与自由;成本与总账;劳动与组织;心理与主体","02;03;06;07;08;10;13;14;16;17;18"
"1077","a4b3ae57-e042-5a78-a272-224b2270c597","大而细","2024-12-21","事实与证据;定义与达意;能力与学习;责任与后果;信用与信任;净输出与不掠夺;技术与工程","02;03;05;06;08;09;10;12;13;16;17;18;32;33"
"1078","c58f2831-40a6-525e-b05a-2dd6edb2f19b","不必勉强","2024-12-21","定义与达意;能力与学习;选择与自由;责任与后果;成本与总账;爱与回应;财富与市场;法律与秩序;技术与工程;文明与历史;性别与身体","02;03;04;05;07;08;09;10;11;12;13;14;15;16;17;18;31;32;33"
"1079","4d064979-6145-5e8f-9967-42de6b216cdc","偷油贼","2024-12-21","选择与自由;成本与总账;爱与回应;净输出与不掠夺;劳动与组织;权力与异议;技术与工程;心理与主体","02;03;04;05;06;07;08;10;12;13;14;16;17;18;32;33"
"1080","89302e9b-5194-561d-be24-373111ca48d7","大炼钢铁","2024-12-20","事实与证据;定义与达意;选择与自由;责任与后果;边界与许可;法律与秩序","02;03;05;07;08;09;10;12;16;17;18"
"1081","4f925f05-5781-54e1-a58c-571f118fb6bd","好八戒","2024-12-20","事实与证据;定义与达意;能力与学习;选择与自由;责任与后果;成本与总账;边界与许可;照料与家庭;权力与异议;技术与工程;心理与主体;性别与身体","02;03;04;05;07;08;09;10;12;13;14;16;17;18;32;33"
"1082","e60300f7-62d3-5ebe-b03d-963c847c047b","快乐的成本","2024-12-19","事实与证据;能力与学习;选择与自由;责任与后果;成本与总账;心理与主体","02;03;07;08;09;10;12;13;14;16;17;18"
"1083","db3369fc-ee18-5ca4-a7ff-9e74dc463232","lowpoly","2024-12-19","定义与达意;能力与学习;劳动与组织;人工智能与机器","06;08;09;10;13;17;18;28;29;33"
"1084","f487299b-2c7e-5999-bc7b-cff6dcb80074","自下而上","2024-12-17","能力与学习;选择与自由;责任与后果;成本与总账;信用与信任;照料与家庭;财富与市场","02;03;04;05;06;07;08;10;12;13;14;16;18"
"1085","33fa1170-f8ab-5618-a7a4-00609f1f21bd","婚姻底气","2024-12-17","定义与达意;能力与学习;选择与自由;责任与后果;成本与总账;信用与信任;照料与家庭;劳动与组织","02;03;04;05;06;07;08;09;10;12;13;14;16;17;18"
"1086","dbe37769-6945-54ca-879f-5246f5571df0","没得沟通的问题","2024-12-16","定义与达意;能力与学习;责任与后果;成本与总账;信用与信任;爱与回应;边界与许可;照料与家庭;技术与工程","02;03;04;05;06;08;09;10;12;13;14;16;17;18;32;33"
"1087","ac8526f9-392c-53c7-8332-ca40e7c4b11f","哄哄","2024-12-16","事实与证据;定义与达意;选择与自由;责任与后果;成本与总账;信用与信任;爱与回应;净输出与不掠夺;劳动与组织;财富与市场;心理与主体","02;03;04;05;06;07;08;09;10;12;13;14;16;17;18"
"1088","f6fe9e2d-ca06-5a84-82b6-b7fe1d331120","爱的核心","2024-12-16","定义与达意;能力与学习;选择与自由;责任与后果;信用与信任;爱与回应;净输出与不掠夺;照料与家庭;劳动与组织;法律与秩序;心理与主体","02;03;04;05;06;07;08;09;10;12;13;14;16;17;18"
"1089","71f9fc4e-81f0-5f13-8727-e591fff23846","冤枉钱","2024-12-16","定义与达意;能力与学习;责任与后果;成本与总账;爱与回应;财富与市场;文明与历史;心理与主体","02;03;04;05;08;09;10;11;12;13;14;15;16;17;18;31;32;33"
"1090","f6e81e6e-146b-54e1-928f-9a43c7db5a51","缅北王","2024-12-12","事实与证据;责任与后果;成本与总账;信用与信任;爱与回应;边界与许可;法律与秩序;权力与异议","02;03;04;05;06;07;08;09;10;12;14;16;17;18"
"1091","639b0a95-1a08-56e7-97af-0ae10770ac0c","too nice","2024-12-11","能力与学习;选择与自由;责任与后果;成本与总账;爱与回应;照料与家庭;权力与异议;生态与自然","02;03;04;05;07;08;10;12;13;14;16;18;25;32"
"1092","99de15c0-3490-52d2-9142-92e16944c2e0","远小人","2024-12-10","能力与学习;选择与自由;责任与后果;成本与总账;信用与信任;边界与许可","02;03;05;06;07;08;10;12;13;16;18"
"1093","d3e5ce07-fab0-5ffd-abe6-39481518bdfd","错过的和沉没的","2024-12-10","定义与达意;责任与后果;成本与总账;信用与信任;爱与回应;照料与家庭;法律与秩序;技术与工程;心理与主体","02;03;04;05;06;07;08;09;10;12;13;14;16;17;18;32;33"
"1094","1f90cb6d-75d6-576b-b730-77c7f917ea0b","包容与忍耐","2024-12-09","定义与达意;选择与自由;责任与后果;爱与回应;心理与主体","02;03;04;05;07;08;09;10;12;14;16;17;18"
"1095","c9c5edad-45c6-5212-bd9e-64fbb848eeaa","支持的反对","2024-12-09","选择与自由;责任与后果;成本与总账;边界与许可;劳动与组织;财富与市场","02;03;05;06;07;10;12;13;16;18"
"1096","e084dbbb-1532-53ba-a121-fb101126b974","穷金","2024-12-08","事实与证据;能力与学习;责任与后果;成本与总账;照料与家庭;劳动与组织;财富与市场;心理与主体","02;03;04;05;06;08;09;10;12;13;14;16;17;18"
"1097","d54cdc0a-6dd1-5952-839c-72e770a68f15","真假客套","2024-12-08","定义与达意;选择与自由;责任与后果;净输出与不掠夺;边界与许可;财富与市场;技术与工程;心理与主体","02;03;05;07;08;09;10;12;13;14;16;17;18;32;33"
"1098","4518b30c-50ea-56db-a29c-4e8ee24343fa","肉公基","2024-12-07","能力与学习;责任与后果;成本与总账;信用与信任;法律与秩序;技术与工程;人工智能与机器;性别与身体","02;03;05;06;07;08;10;12;13;14;16;17;18;28;29;32;33"
"1099","83915304-ba39-54a5-8c4c-2c42ec5176f6","无要求抑郁","2024-12-06","事实与证据;能力与学习;选择与自由;责任与后果;成本与总账;边界与许可;照料与家庭;财富与市场;心理与主体","02;03;04;05;07;08;09;10;12;13;14;16;17;18"
"1100","fae2340d-2a6d-50d3-a6d0-755748e878ba","猫王","2024-12-06","定义与达意;选择与自由;成本与总账;净输出与不掠夺;照料与家庭;财富与市场;文明与历史","02;03;04;05;07;09;10;11;13;14;15;16;17;18;31;32;33"
"1101","fc3266c5-1bf7-5174-8658-ad47bd63e06d","大流士","2024-12-04","事实与证据;能力与学习;选择与自由;责任与后果;成本与总账;劳动与组织;技术与工程;生态与自然","02;03;06;07;08;09;10;12;13;16;17;18;25;32;33"
"1102","5503b713-e08f-597b-b11f-53be1f585170","先脱鞋","2024-12-04","事实与证据;能力与学习;选择与自由;责任与后果;财富与市场;文明与历史;民族与身份","02;03;07;08;09;10;11;12;13;15;16;17;18;27;31;32;33"
"1103","e147d638-a09c-56d3-8117-9b7ab0ab8ec9","以我之名","2024-12-03","事实与证据;定义与达意;责任与后果;信用与信任;权力与异议;技术与工程;心理与主体","02;03;06;07;08;09;10;12;13;14;17;18;32;33"
"1104","baebdaa2-4298-57df-a18f-4b914028572f","入门弓","2024-12-02","定义与达意;能力与学习;选择与自由;成本与总账;财富与市场;技术与工程;文明与历史;性别与身体","02;03;05;07;08;09;10;11;13;14;15;16;17;18;31;32;33"
"1105","fdb129c0-3ea4-5da3-9d01-2916507b27da","内向罪","2024-12-02","定义与达意;能力与学习;选择与自由;责任与后果;成本与总账;信用与信任;权力与异议;生态与自然;心理与主体","02;03;06;07;08;09;10;12;13;14;16;17;18;25;32"
"1106","3d9e7dd6-4720-561e-bed2-41849a0d36c5","从不休假","2024-12-01","能力与学习;选择与自由;成本与总账;劳动与组织;财富与市场;权力与异议;心理与主体;性别与身体","02;03;05;06;07;08;10;12;13;14;16;17;18"
"1107","bf9f7d37-942e-5efd-b212-3bbd9bfec221","暴力债","2024-11-30","定义与达意;能力与学习;选择与自由;责任与后果;成本与总账;照料与家庭;劳动与组织;技术与工程;心理与主体","02;03;04;05;06;07;08;09;10;12;13;14;16;17;18;32;33"
"1108","6a141f63-5986-5865-be77-15e3ae88df50","大概聪明","2024-11-29","事实与证据;定义与达意;能力与学习;责任与后果;成本与总账;信用与信任;边界与许可","02;03;05;06;08;09;10;12;13;16;17;18"
"1109","9d792eac-2e5d-51a5-b053-2194910b7169","有效同意","2024-11-27","事实与证据;定义与达意;选择与自由;责任与后果;信用与信任;爱与回应;边界与许可;照料与家庭;法律与秩序;技术与工程;文明与历史","02;03;04;05;06;07;08;09;10;11;12;13;14;15;16;17;18;31;32;33"
"1110","368fe60a-bef6-5d2f-b9f5-0502a356c793","釜底薪","2024-11-27","定义与达意;能力与学习;选择与自由;成本与总账;爱与回应;照料与家庭;劳动与组织;财富与市场;技术与工程;心理与主体","02;03;04;05;06;07;08;09;10;13;14;16;17;18;32;33"
"1111","93a8c31b-90f4-5e46-8731-d54c16824469","老而无恨","2024-11-24","能力与学习;选择与自由;责任与后果;信用与信任;爱与回应;边界与许可;照料与家庭;宗教与自然法","02;03;04;05;06;07;08;10;11;12;13;14;16;18"
"1112","6ec78f9f-dfe5-5ab6-8f28-9124f486d293","与朋友论","2024-11-24","事实与证据;定义与达意;能力与学习;选择与自由;责任与后果;成本与总账;爱与回应;净输出与不掠夺;心理与主体;性别与身体","02;03;04;05;07;08;09;10;12;13;14;16;17;18"
"1113","41df182e-b90c-5cf6-81d5-8eb25b5aff16","下注之前","2024-11-22","定义与达意;能力与学习;成本与总账;爱与回应;边界与许可;照料与家庭;心理与主体","03;04;05;08;09;10;12;13;14;16;17;18"
"1114","ace8e66b-880f-56a9-8d1d-b661fba97d19","得意志","2024-11-21","事实与证据;能力与学习;成本与总账;信用与信任;劳动与组织;财富与市场;技术与工程;心理与主体","03;06;08;09;10;12;13;14;17;18;32;33"
"1115","bb5e4277-487b-56a3-a1de-d3b07d912346","代客举手","2024-11-21","事实与证据;技术与工程","08;09;13;17;18;32;33"
"1116","a5fac5fb-e368-5907-82f5-879716a7083d","道路以目","2024-11-20","定义与达意;选择与自由;成本与总账;爱与回应;边界与许可;法律与秩序","02;03;04;05;07;09;10;12;14;16;17;18"
"1117","a94f371c-e27b-59ce-857d-92ac1273eefd","仁恕","2024-11-19","事实与证据;定义与达意;选择与自由;成本与总账;爱与回应;权力与异议;技术与工程;心理与主体","02;03;04;05;07;08;09;10;12;13;14;16;17;18;32;33"
"1118","4c4d64bc-bcf5-5192-9eeb-48035462b38d","纪律抓手","2024-11-18","事实与证据;定义与达意;能力与学习;选择与自由;责任与后果;信用与信任;照料与家庭;劳动与组织;权力与异议;技术与工程","02;03;04;05;06;07;08;09;10;12;13;14;16;17;18;32;33"
"1119","01e58f86-9f9e-5c6a-93ff-aa43ef064ec4","钢的兔","2024-11-18","事实与证据;定义与达意;能力与学习;选择与自由;责任与后果","02;03;07;08;09;10;12;13;16;17;18"
"1120","04c0ec5d-37e7-51d1-b142-03996e6b6a72","自证大礼包","2024-11-16","事实与证据;能力与学习;责任与后果;成本与总账;信用与信任;爱与回应;法律与秩序;技术与工程","02;03;04;05;06;07;08;09;10;12;13;14;16;17;18;32;33"
"1121","7f188e81-7a50-5cdc-8c2c-18fe718df508","金丹大道","2024-11-14","能力与学习;选择与自由;责任与后果;成本与总账;照料与家庭;心理与主体","02;03;04;05;07;08;10;12;13;14;16;17;18"
"1122","cea923f3-fcf5-5115-893b-75163b10cd6b","别乱夸","2024-11-14","事实与证据;定义与达意;能力与学习;责任与后果;信用与信任;边界与许可;照料与家庭;权力与异议;生态与自然;心理与主体;宗教与自然法","02;03;04;05;06;07;08;09;10;11;12;13;14;16;17;18;25;32"
"1123","7c1ef093-4ed5-5a74-b177-ef28f3ee85bb","我不同意","2024-11-13","定义与达意;选择与自由;责任与后果;成本与总账;边界与许可;照料与家庭;法律与秩序;宗教与自然法","02;03;04;05;07;09;10;11;12;14;16;17;18"
"1124","968622b4-60dc-5c3d-9ba7-b2c42ba81ea8","money talks","2024-11-12","责任与后果;成本与总账;信用与信任;法律与秩序;心理与主体","02;03;06;07;08;10;12;14;17;18"
"1125","028a24a5-fa60-5e12-9691-daa24aa1e02b","无可妥协","2024-11-12","事实与证据;能力与学习;选择与自由;责任与后果;成本与总账;信用与信任;法律与秩序","02;03;06;07;08;09;10;12;13;16;17;18"
"1126","70f9a755-c550-5f6e-a426-da912b4c150c","信息自由","2024-11-12","定义与达意;选择与自由;责任与后果;信用与信任;净输出与不掠夺;边界与许可;照料与家庭;财富与市场;法律与秩序;权力与异议;宗教与自然法","02;03;04;05;06;07;09;10;11;12;13;14;16;17;18"
"1127","c4e58ef5-6019-5961-ba72-ddbd4bb4ce69","好不好","2024-11-10","定义与达意;选择与自由;责任与后果;成本与总账;信用与信任;爱与回应;净输出与不掠夺;边界与许可;财富与市场;权力与异议;心理与主体","02;03;04;05;06;07;08;09;10;12;13;14;16;17;18"
"1128","0c08edbe-4f4e-515d-aa59-ad8839c7ee4e","工作冲突处置原则","2024-11-09","事实与证据;责任与后果;成本与总账;劳动与组织","02;03;06;08;09;10;12;13;17;18"
"1129","87a46d99-4c5e-509d-8c58-adf6dc2ed5fc","爱以介意为耻","2024-11-08","定义与达意;能力与学习;选择与自由;责任与后果;成本与总账;爱与回应;净输出与不掠夺;边界与许可","02;03;04;05;07;08;09;10;12;13;14;16;17;18"
"1130","f6e78069-38be-564b-9be2-d7140c1a22b0","弦歌雅意","2024-11-08","事实与证据;定义与达意;选择与自由;责任与后果;成本与总账;劳动与组织;权力与异议;文明与历史","02;03;06;07;08;09;10;11;12;13;15;16;17;18;31;32;33"
"1131","69794a0b-d40c-508f-a6c6-e9cd2378cad5","小上帝的前女友","2024-11-08","事实与证据;能力与学习;选择与自由;爱与回应;边界与许可;照料与家庭;宗教与自然法","02;04;05;07;08;09;11;12;13;14;16;17;18"
"1132","4a504d7d-2600-56bf-a766-3864cf0fecbb","A VERY EDUCATED GUESS","2024-11-08","事实与证据;定义与达意;能力与学习;选择与自由;成本与总账;爱与回应;照料与家庭","02;03;04;05;07;08;09;10;13;14;16;17;18"
"1133","375bbeb5-3d6c-5be6-a19c-c0b252263579","实习生","2024-11-07","定义与达意;选择与自由;责任与后果;成本与总账;信用与信任;爱与回应;权力与异议;文明与历史;心理与主体","02;03;04;05;06;07;08;09;10;11;12;13;14;15;16;17;18;31;32;33"
"1134","35d629b4-efc6-52ce-80f3-f9a3102b07a3","天堂有路","2024-11-07","能力与学习;选择与自由;责任与后果;成本与总账;财富与市场;法律与秩序;权力与异议","02;03;07;08;10;12;13;16;18"
"1135","ed4b265b-9367-560f-9124-702ca9c5d422","所罗门说","2024-11-06","定义与达意;能力与学习;选择与自由;责任与后果;照料与家庭;劳动与组织;权力与异议;技术与工程;文明与历史;心理与主体","02;03;04;05;06;07;08;09;10;11;12;13;14;15;16;17;18;31;32;33"
"1136","48bbddf3-845f-50be-9ac9-39754f7abcd4","举起手来，缴枪不杀","2024-11-06","选择与自由;信用与信任;爱与回应;生态与自然;心理与主体","02;03;04;05;06;07;08;12;13;14;16;17;18;25;32"
"1137","4cde93dc-b06e-5abc-82eb-82491fb4083f","you are mine","2024-11-05","定义与达意;选择与自由;责任与后果;成本与总账;爱与回应;边界与许可;劳动与组织","02;03;04;05;06;07;09;10;12;13;14;16;17;18"
"1138","610214ca-ad65-598b-8653-0f8757a1b9f6","攻城为上","2024-11-04","能力与学习;责任与后果;成本与总账;边界与许可;劳动与组织;技术与工程;文明与历史","02;03;05;06;08;10;11;12;13;15;16;17;18;31;32;33"
"1139","3e5d9324-4be2-5e58-8f1f-894bc0c2133c","私有不公","2024-11-04","事实与证据;定义与达意;能力与学习;成本与总账;爱与回应;照料与家庭;劳动与组织;财富与市场;权力与异议","03;04;05;06;07;08;09;10;12;13;14;16;17;18"
"1140","1af03944-f907-5af3-b262-521cca45216e","反便宜","2024-11-04","选择与自由;责任与后果;成本与总账;净输出与不掠夺;边界与许可;财富与市场;权力与异议","02;03;05;07;10;12;13;16;18"
"1141","3683f23d-4d5d-509e-b1b3-2db4a4513244","爱在珍珠港","2024-11-04","能力与学习;选择与自由;责任与后果;信用与信任;爱与回应;财富与市场;技术与工程;心理与主体","02;03;04;05;06;07;08;10;12;13;14;16;17;18;32;33"
"1142","5c0dd5ad-9e27-586b-ab3d-02dc72de921b","强电近地","2024-11-04","责任与后果;成本与总账;照料与家庭;文明与历史","02;03;04;05;10;11;12;13;14;15;16;18;31;32;33"
"1143","c0b27ae9-ce30-5fa3-8cd6-1b47f116bc76","谁来同情","2024-11-03","事实与证据;责任与后果;成本与总账;爱与回应;净输出与不掠夺;边界与许可;权力与异议;心理与主体","02;03;04;05;07;08;09;10;12;14;16;17;18"
"1144","0b0dc7b1-32a0-51f7-b3fa-64af33797853","真人不语","2024-11-03","定义与达意;能力与学习;选择与自由;成本与总账;边界与许可;法律与秩序;心理与主体","02;03;05;07;08;09;10;12;13;14;16;17;18"
"1145","54537c0e-3b0a-59cc-ac8c-4c31c2385e6e","漫堤之日","2024-11-03","定义与达意;成本与总账;权力与异议;性别与身体","03;05;07;09;10;12;14;16;17;18"
"1146","d49c81f1-41ac-5540-b654-eb32492ccf33","几时崩溃","2024-11-02","能力与学习;成本与总账;信用与信任;权力与异议;技术与工程;心理与主体","03;06;07;08;10;12;13;14;17;18;32;33"
"1147","857d9a0f-0188-5ee8-8be4-ecb41cd19efb","没影响","2024-11-02","选择与自由;成本与总账;信用与信任;边界与许可;劳动与组织;法律与秩序;文明与历史;性别与身体","02;03;05;06;07;10;11;12;13;14;15;16;18;31;32;33"
"1148","e652ba78-1a1f-59d4-9474-4c516a1ad4d7","什么自信","2024-11-01","责任与后果;成本与总账;信用与信任;劳动与组织;心理与主体","02;03;06;08;10;12;13;14;17;18"
"1149","e7cddc02-f86d-5271-a815-cd603d3c4335","地塔","2024-11-01","选择与自由;成本与总账;文明与历史","02;03;07;10;11;13;15;16;18;31;32;33"
"1150","394fcf45-8e2e-5b96-b85d-98be5e716e92","三自由","2024-11-01","事实与证据;定义与达意;能力与学习;选择与自由;责任与后果;成本与总账;信用与信任;边界与许可;照料与家庭;文明与历史;心理与主体","02;03;04;05;06;07;08;09;10;11;12;13;14;15;16;17;18;31;32;33"
"1151","eff96e11-a196-5e46-90ea-eb889fe10141","三竭","2024-10-31","能力与学习;选择与自由;照料与家庭;劳动与组织;财富与市场;法律与秩序;文明与历史;心理与主体","02;03;04;05;06;07;08;10;11;12;13;14;15;16;17;18;31;32;33"
"1152","40232f59-4f78-5a47-ad42-3161fc7cb669","小聪明与大智慧","2024-10-30","事实与证据;定义与达意;能力与学习;责任与后果;成本与总账;边界与许可;权力与异议","02;03;05;07;08;09;10;12;13;16;17;18"
"1153","f9f7300e-b82d-50d4-b1f3-4140eba942af","不锈钢毛巾","2024-10-30","事实与证据;能力与学习;成本与总账;边界与许可;照料与家庭","03;04;05;08;09;10;12;13;14;16;17;18"
"1154","ae06d950-af49-54bd-a4cc-7f725af68ac0","不要不要就不要","2024-10-30","事实与证据;定义与达意;责任与后果;边界与许可;权力与异议;心理与主体","02;03;05;07;08;09;10;12;14;16;17;18"
"1155","6d39db90-7106-5281-a777-89157c42dfeb","维特观鲨","2024-10-29","事实与证据;定义与达意;能力与学习;爱与回应;照料与家庭;权力与异议;技术与工程;文明与历史;心理与主体","03;04;05;07;08;09;11;12;13;14;15;16;17;18;31;32;33"
"1156","a087d75d-d9e6-5167-b22b-50ebe3999400","宽容的诅咒","2024-10-29","责任与后果;成本与总账;信用与信任;边界与许可;财富与市场;法律与秩序;技术与工程","02;03;05;06;07;10;12;13;16;17;18;32;33"
"1157","64621cbf-f51c-5d21-b33e-7cbc4f35bf4d","漏了一个","2024-10-28","事实与证据;定义与达意;能力与学习;责任与后果;劳动与组织;法律与秩序;文明与历史;民族与身份","02;03;06;07;08;09;10;11;12;13;15;17;18;27;31;32;33"
"1158","065e921e-e786-5d87-96ee-8ddeb5d443e3","void","2024-10-28","定义与达意;能力与学习;责任与后果;爱与回应;净输出与不掠夺;劳动与组织;权力与异议","02;03;04;05;06;07;08;09;10;12;13;14;16;17;18"
"1159","3584a25e-d173-578d-9fce-0d23ddcce5a8","邋遢的黄蓉","2024-10-27","定义与达意;能力与学习;选择与自由;责任与后果;成本与总账;财富与市场;技术与工程","02;03;07;08;09;10;12;13;16;17;18;32;33"
"1160","60becad6-0a84-5faa-bcec-0636b1888beb","枸杞茶，摇摇椅与兜心拳","2024-10-26","能力与学习;责任与后果;成本与总账;信用与信任;边界与许可;劳动与组织;技术与工程","02;03;05;06;08;10;12;13;16;17;18;32;33"
"1161","db5ee6a3-b2c0-57e6-8b7b-aaafcb2b364e","正义交替","2024-10-26","选择与自由;责任与后果;爱与回应;财富与市场;法律与秩序;文明与历史","02;03;04;05;07;10;11;12;13;14;15;16;18;31;32;33"
"1162","ac07e208-342a-58e1-8f1e-487898c80a15","四不值","2024-10-25","事实与证据;定义与达意;责任与后果;信用与信任","02;03;06;08;09;10;12;17;18"
"1163","4b1e17bd-d00f-5c60-b116-a268a6c4ce90","预期不良","2024-10-25","选择与自由;责任与后果;照料与家庭;劳动与组织;法律与秩序;心理与主体;性别与身体;宗教与自然法","02;03;04;05;06;07;08;10;11;12;13;14;16;17;18"
"1164","9670efd9-6345-50f1-a6b9-e0d6cba9bb03","大法庭","2024-10-25","事实与证据;能力与学习;选择与自由;成本与总账;信用与信任","02;03;06;07;08;09;10;12;13;16;17;18"
"1165","3f939369-6e92-5782-a624-212498412783","临头一死","2024-10-24","事实与证据;定义与达意;选择与自由;成本与总账;边界与许可;技术与工程","02;03;05;07;08;09;10;12;13;16;17;18;32;33"
"1166","920dcff9-358e-5877-985c-b22221682ae5","龙穴金","2024-10-24","能力与学习;选择与自由;成本与总账;爱与回应","02;03;04;05;07;08;10;13;14;16;18"
"1167","0136a838-544c-5143-a381-46e993c494ce","寒门养贵子","2024-10-24","能力与学习;选择与自由;责任与后果;成本与总账;信用与信任;净输出与不掠夺;边界与许可;照料与家庭;劳动与组织;财富与市场;权力与异议;文明与历史","02;03;04;05;06;07;08;10;11;12;13;14;15;16;18;31;32;33"
"1168","a532fab6-612a-57ef-97ee-f55719e0ef9b","理解在后","2024-10-24","事实与证据;能力与学习;选择与自由;责任与后果;成本与总账;信用与信任;爱与回应;边界与许可;照料与家庭;心理与主体","02;03;04;05;06;07;08;09;10;12;13;14;16;17;18"
"1169","376a8f11-ab74-5df9-8c78-74fb76fb93bb","左撇子","2024-10-23","能力与学习","08;13;18"
"1170","baddaf82-6a85-5665-acaf-fa7de42e5938","走出帐篷","2024-10-23","事实与证据;爱与回应","04;05;08;09;14;16;17"
"1171","fd6f3bc1-e359-5f72-8ed2-d0204b36bd7c","学的必要","2024-10-23","定义与达意;能力与学习;财富与市场;心理与主体","03;08;09;10;13;14;17;18"
"1172","b09a8314-551a-5e89-9301-1646b36d9732","渗啥透","2024-10-22","事实与证据;能力与学习;责任与后果;劳动与组织;权力与异议;文明与历史;生态与自然","02;03;06;07;08;09;10;11;12;13;15;17;18;25;31;32;33"
"1173","e86c8e74-67a4-5c7b-a341-02f3f385fcd2","寡人有疾","2024-10-22","能力与学习;责任与后果;成本与总账;信用与信任;劳动与组织;技术与工程;心理与主体","02;03;06;08;10;12;13;14;17;18;32;33"
"1174","767fc5c4-240d-52ad-b09a-a66fc7ffa4cb","ai创新","2024-10-22","定义与达意;能力与学习;责任与后果;成本与总账;劳动与组织;技术与工程;文明与历史;人工智能与机器","02;03;06;08;09;10;11;12;13;15;17;18;28;29;31;32;33"
"1175","9d1094c3-6fdf-5065-a3ec-e52c9eaed04d","指出错误权","2024-10-22","定义与达意;能力与学习;责任与后果;成本与总账;边界与许可;照料与家庭;心理与主体;性别与身体","02;03;04;05;08;09;10;12;13;14;16;17;18"
"1176","035c8cb1-174a-5ee8-9583-cb59ab7f6fdd","鼠标垫","2024-10-21","事实与证据;选择与自由","02;07;08;09;16;17;18"
"1177","d05175d3-e89d-5d49-bfe4-fa77faba2f71","听泉","2024-10-21","事实与证据;责任与后果;信用与信任;边界与许可;劳动与组织","02;03;05;06;08;09;10;12;13;16;17;18"
"1178","547861a6-17f4-574c-83c6-cfbd55131045","一二三四，二二三四","2024-10-21","选择与自由;责任与后果;成本与总账;财富与市场","02;03;07;10;12;13;16;18"
"1179","ea7d4cfe-11f0-57e4-9c59-ca495ceb8444","鬼火少年","2024-10-20","能力与学习;责任与后果;照料与家庭;劳动与组织;文明与历史;心理与主体","02;03;04;05;06;08;10;11;12;13;14;15;16;17;18;31;32;33"
"1180","cc81ce65-39dc-5f14-a29b-5ad8e52823e0","吾乃蛮夷","2024-10-20","能力与学习;选择与自由;成本与总账;信用与信任;边界与许可","02;03;05;06;07;08;10;12;13;16;18"
"1181","67a45005-0b0e-5b15-996b-b3688f63c90b","我娃不适应","2024-10-19","定义与达意;能力与学习;责任与后果;成本与总账;爱与回应;劳动与组织","02;03;04;05;06;08;09;10;12;13;14;16;17;18"
"1182","05db3efa-b6c9-57d4-b01e-438db0e5e26e","红A字","2024-10-19","事实与证据;定义与达意;选择与自由;责任与后果;成本与总账;净输出与不掠夺;法律与秩序","02;03;05;07;08;09;10;12;16;17;18"
"1183","a09ca427-888a-513b-9b61-6eaa58970984","问在猜前","2024-10-19","事实与证据;能力与学习;信用与信任","03;06;08;09;12;13;17;18"
"1184","4016fd70-8cc6-5851-8b96-ed11030136d1","男王","2024-10-19","事实与证据;选择与自由;责任与后果;爱与回应;劳动与组织;财富与市场;权力与异议;技术与工程;文明与历史;性别与身体","02;03;04;05;06;07;08;09;10;11;12;13;14;15;16;17;18;31;32;33"
"1185","3087df6a-8869-5d07-bb6a-6ea95a64bb65","尚武民族","2024-10-19","定义与达意;选择与自由;成本与总账;劳动与组织;法律与秩序;文明与历史;民族与身份;宗教与自然法","02;03;06;07;09;10;11;12;13;15;16;17;18;27;31;32;33"
"1186","2d8caf8b-3852-58fe-a46f-ad5672e6a21a","异于禽兽者","2024-10-19","定义与达意;能力与学习;责任与后果;成本与总账;边界与许可;照料与家庭;劳动与组织;权力与异议;生态与自然","02;03;04;05;06;07;08;09;10;12;13;14;16;17;18;25;32"
"1187","9edda8ed-7ca6-5702-bad0-13ff7bd1d478","理解不能","2024-10-19","定义与达意;能力与学习;选择与自由;照料与家庭;技术与工程;心理与主体","02;04;05;07;08;09;13;14;16;17;18;32;33"
"1188","9f0095ba-c171-54a9-a304-e703d35460f9","戴珍珠耳环的少女","2024-10-19","事实与证据;能力与学习;成本与总账;爱与回应;劳动与组织;技术与工程;文明与历史;心理与主体;性别与身体","03;04;05;06;08;09;10;11;13;14;15;16;17;18;31;32;33"
"1189","2c009fe5-041c-5974-9e8a-3709e20ab607","蛋挞赌王","2024-10-19","事实与证据;定义与达意;能力与学习;选择与自由;责任与后果;信用与信任;爱与回应;边界与许可;劳动与组织;财富与市场;法律与秩序;权力与异议;性别与身体","02;03;04;05;06;07;08;09;10;12;13;14;16;17;18"
"1190","daaacbcb-8c5d-521f-a71d-6c510d793bb0","大表哥","2024-10-19","事实与证据;定义与达意;能力与学习;选择与自由;成本与总账;财富与市场;文明与历史;生态与自然","02;03;07;08;09;10;11;13;15;16;17;18;25;31;32;33"
"1191","c6e13a48-c0eb-5d06-85ed-c302de34d192","公平对战","2024-10-19","能力与学习;选择与自由;净输出与不掠夺;技术与工程;人工智能与机器","02;03;05;07;08;13;16;17;18;28;29;32;33"
"1192","76b724c7-023e-536c-ae70-a558ac3e1f03","pi 3","2024-10-19","事实与证据;定义与达意;能力与学习;选择与自由;责任与后果;成本与总账;照料与家庭;民族与身份;宗教与自然法","02;03;04;05;07;08;09;10;11;12;13;14;16;17;18;27;31"
"1193","fe45e4bc-c10e-5f3c-83e5-da66710d88fa","不是你是我","2024-10-17","定义与达意;能力与学习;选择与自由;责任与后果;爱与回应;边界与许可;财富与市场;法律与秩序;权力与异议;技术与工程","02;03;04;05;07;08;09;10;12;13;14;16;17;18;32;33"
"1194","b9eac6cf-abb8-5c91-affb-dc16190572d3","天下人","2024-10-17","事实与证据;能力与学习;成本与总账;法律与秩序;文明与历史;民族与身份;心理与主体","03;07;08;09;10;11;12;13;14;15;17;18;27;31;32;33"
"1195","3a135f16-1578-5ad8-a384-28a7fd5045aa","逐水草而居","2024-10-17","能力与学习;成本与总账;劳动与组织;财富与市场;法律与秩序;技术与工程;文明与历史;生态与自然","03;06;07;08;10;11;12;13;15;17;18;25;31;32;33"
"1196","2880ac02-c11a-59d2-8e93-fb7d6e44e63b","炫耀与展示","2024-10-17","定义与达意;能力与学习;责任与后果;爱与回应;心理与主体","02;03;04;05;08;09;10;12;13;14;16;17;18"
"1197","f642dec6-1e9c-502d-96e0-e89ded063690","不如意金箍棒","2024-10-17","事实与证据;责任与后果;成本与总账;净输出与不掠夺;劳动与组织;法律与秩序;性别与身体","02;03;05;06;07;08;09;10;12;13;14;16;17;18"
"1198","01ba7cd2-5c21-5379-85c0-52d4e98dc0d5","加油","2024-10-16","定义与达意;能力与学习;选择与自由;责任与后果;成本与总账;爱与回应;边界与许可;心理与主体","02;03;04;05;07;08;09;10;12;13;14;16;17;18"
"1199","24394a0a-7e31-5d3b-bee2-fd434354ad9b","欢迎不客气","2024-10-16","定义与达意;选择与自由;责任与后果;成本与总账;信用与信任;爱与回应;边界与许可","02;03;04;05;06;07;09;10;12;14;16;17;18"
"1200","fbb43f8e-b522-5bd3-ac7e-9db16d33c702","谢罪","2024-10-16","事实与证据;定义与达意;选择与自由;责任与后果;成本与总账;爱与回应;法律与秩序;权力与异议;心理与主体","02;03;04;05;07;08;09;10;12;14;16;17;18"
"1201","5b10c323-2fe2-5bea-9bbd-616bcfd9180d","盗名","2024-10-16","事实与证据;选择与自由;责任与后果;成本与总账;净输出与不掠夺;边界与许可;法律与秩序","02;03;05;07;08;09;10;12;16;17;18"
"1202","3244aefa-c466-5779-9b25-efd3b2a5d81f","小儿无礼","2024-10-15","事实与证据;定义与达意;能力与学习;选择与自由;责任与后果;成本与总账;净输出与不掠夺;权力与异议;技术与工程;心理与主体","02;03;05;07;08;09;10;12;13;14;16;17;18;32;33"
"1203","ea88b7ec-ceac-578c-a421-e4301fe593b5","诤谏","2024-10-15","定义与达意;能力与学习;选择与自由;责任与后果;成本与总账;信用与信任;净输出与不掠夺;边界与许可;劳动与组织;法律与秩序;心理与主体","02;03;05;06;07;08;09;10;12;13;14;16;17;18"
"1204","859dda59-7ebc-56b0-b323-a598f005093f","青云窄巷","2024-10-15","事实与证据;能力与学习;责任与后果;成本与总账;照料与家庭;心理与主体","02;03;04;05;08;09;10;12;13;14;16;17;18"
"1205","150dfe8a-327d-5354-ad28-fd9bbc74fe57","神笔牛良","2024-10-14","定义与达意;能力与学习;选择与自由;责任与后果;财富与市场;心理与主体","02;03;07;08;09;10;12;13;14;16;17;18"
"1206","7b85e42d-3175-57f2-817f-13c1bbff1973","贞子","2024-10-14","定义与达意;责任与后果;信用与信任;劳动与组织;心理与主体","02;03;06;08;09;10;12;13;14;17;18"
"1207","12b3a66a-1dac-5dc5-acb1-70a340b1d086","出力不出钱","2024-10-14","能力与学习;责任与后果;成本与总账;劳动与组织;心理与主体","02;03;06;08;10;12;13;14;17;18"
"1208","f18decf7-1b73-5f6f-8ff1-3c267aaa255a","洞中仙","2024-10-13","能力与学习;选择与自由;成本与总账;宗教与自然法","02;03;07;08;10;11;13;16;18"
"1209","cddaafdf-6ea0-542c-9c16-6d3853c90d5d","害怕失去的人","2024-10-13","事实与证据;能力与学习;选择与自由;责任与后果;成本与总账;爱与回应;劳动与组织;心理与主体;宗教与自然法","02;03;04;05;06;07;08;09;10;11;12;13;14;16;17;18"
"1210","62835eb1-afbb-568f-9c83-3774e957f10c","财路通天","2024-10-12","能力与学习;责任与后果;成本与总账;劳动与组织;财富与市场;技术与工程;文明与历史;生态与自然","02;03;06;08;10;11;12;13;15;17;18;25;31;32;33"
"1211","fe3c7474-11ab-5a3d-b728-acf44c7b550c","无缝","2024-10-12","事实与证据;定义与达意;选择与自由;成本与总账;爱与回应;边界与许可;权力与异议;心理与主体","02;03;04;05;07;08;09;10;12;14;16;17;18"
"1212","8856c056-3fcc-59f7-906a-18d07fbe66e3","胡记老客","2024-10-12","能力与学习;成本与总账;财富与市场","03;08;10;13;18"
"1213","cdf96d3f-4211-5fee-ad7e-f37741d1ea22","无声惊雷","2024-10-11","成本与总账;财富与市场;技术与工程;文明与历史;心理与主体","03;08;10;11;13;14;15;17;18;31;32;33"
"1214","3a050e70-5a81-5747-bbb1-026bdd0895dc","向左转、向右转","2024-10-11","能力与学习;选择与自由;责任与后果;成本与总账;爱与回应;照料与家庭;劳动与组织;心理与主体","02;03;04;05;06;07;08;10;12;13;14;16;17;18"
"1215","725812ca-390b-5f2b-8856-d0108a03e97b","刺王","2024-10-10","事实与证据;能力与学习;责任与后果;成本与总账;信用与信任;劳动与组织;法律与秩序;权力与异议","02;03;06;07;08;09;10;12;13;17;18"
"1216","6bd40912-3199-5bfe-91b6-c51766104f73","追悔若及","2024-10-10","爱与回应;心理与主体","04;05;08;14;16;17;18"
"1217","af312fa4-88b4-52cb-b6bc-f958027a09e8","两福瑞","2024-10-10","能力与学习;责任与后果;成本与总账;信用与信任;边界与许可;劳动与组织;权力与异议;心理与主体","02;03;05;06;07;08;10;12;13;14;16;17;18"
"1218","2994cb45-44a1-533e-a72d-4abc32435574","金牛痘","2024-10-10","能力与学习;责任与后果;成本与总账;劳动与组织;财富与市场;技术与工程;心理与主体","02;03;06;08;10;12;13;14;17;18;32;33"
"1219","ef6cf2a8-fa9d-5452-9d72-eef7b101e227","大盾构机","2024-10-10","事实与证据;定义与达意;能力与学习;成本与总账;照料与家庭;法律与秩序;权力与异议;技术与工程;文明与历史;心理与主体","03;04;05;07;08;09;10;11;12;13;14;15;16;17;18;31;32;33"
"1220","9284d615-5cdf-5cc6-b771-ae7930ddc8da","大包厢","2024-10-09","事实与证据;能力与学习;选择与自由;技术与工程;文明与历史;心理与主体","02;07;08;09;11;13;14;15;16;17;18;31;32;33"
"1221","f663f7fb-bfdb-5cc5-8e0c-1178cc71c008","血洗","2024-10-08","定义与达意;能力与学习;选择与自由;法律与秩序;文明与历史;民族与身份","02;07;08;09;11;12;13;15;16;17;18;27;31;32;33"
"1222","755916df-6ce3-58f2-8d57-847ab0c35296","容错率","2024-10-08","事实与证据;定义与达意;能力与学习;成本与总账;照料与家庭;劳动与组织;法律与秩序","03;04;05;06;07;08;09;10;12;13;14;16;17;18"
"1223","6e9b86dc-b66b-5563-ab02-bf3a0746141d","zw器神教","2024-10-08","事实与证据;能力与学习;选择与自由;责任与后果;爱与回应;财富与市场;权力与异议;性别与身体","02;03;04;05;07;08;09;10;12;13;14;16;17;18"
"1224","8d71e127-efeb-5dc2-93f8-7c644ca7170c","恐惧游戏","2024-10-07","能力与学习;选择与自由;责任与后果;成本与总账;信用与信任;爱与回应;照料与家庭;文明与历史","02;03;04;05;06;07;08;10;11;12;13;14;15;16;18;31;32;33"
"1225","4f4ae14b-67ff-582f-af89-5059f45480f4","缘尽于此","2024-10-07","事实与证据;定义与达意;选择与自由;责任与后果;成本与总账;信用与信任;爱与回应;边界与许可;心理与主体","02;03;04;05;06;07;08;09;10;12;14;16;17;18"
"1226","3c2367dc-7af3-54b4-afcd-0f3060d285b3","重礼","2024-10-07","定义与达意;能力与学习;选择与自由;责任与后果;边界与许可;文明与历史","02;03;05;07;08;09;10;11;12;13;15;16;17;18;31;32;33"
"1227","8819ab7d-bea7-5276-8455-0817b5e5a2e9","关门大吉","2024-10-06","定义与达意;成本与总账;信用与信任;爱与回应;边界与许可;照料与家庭;财富与市场;法律与秩序;权力与异议;心理与主体","03;04;05;06;07;08;09;10;12;13;14;16;17;18"
"1228","c64f3c4a-dfc6-5cdf-960e-be8e9160f478","恶运","2024-10-06","事实与证据;能力与学习;选择与自由;责任与后果;照料与家庭;劳动与组织;文明与历史;心理与主体","02;03;04;05;06;07;08;09;10;11;12;13;14;15;16;17;18;31;32;33"
"1229","de5590f1-4ac7-5cc3-a65d-669adfb12bc5","拍佛像","2024-10-06","选择与自由;边界与许可;财富与市场;法律与秩序;心理与主体;宗教与自然法","02;03;05;07;08;10;11;12;13;14;16;17;18"
"1230","faf007e4-b188-5c75-bc5f-4e302250d289","八卦","2024-10-05","事实与证据;定义与达意;选择与自由;责任与后果;成本与总账;信用与信任;边界与许可;照料与家庭;劳动与组织;法律与秩序;技术与工程","02;03;04;05;06;07;08;09;10;12;13;14;16;17;18;32;33"
"1231","279d683a-3da4-5f55-a841-9b9c2f8143e3","败军之将","2024-10-05","事实与证据;能力与学习;责任与后果;成本与总账;信用与信任;劳动与组织","02;03;06;08;09;10;12;13;17;18"
"1232","a230e30b-818f-593a-b623-b90b14d86be7","zs倾述","2024-10-04","定义与达意;能力与学习;责任与后果;成本与总账;信用与信任;爱与回应;边界与许可;照料与家庭;法律与秩序;权力与异议;技术与工程","02;03;04;05;06;07;08;09;10;12;13;14;16;17;18;32;33"
"1233","142c278c-5286-5f6b-a109-d3b1387c9b4a","反杀猪盘","2024-10-04","事实与证据;选择与自由;责任与后果;成本与总账;爱与回应;边界与许可;照料与家庭;财富与市场;法律与秩序;权力与异议;文明与历史","02;03;04;05;07;08;09;10;11;12;13;14;15;16;17;18;31;32;33"
"1234","8d2e0d1f-4e23-5e19-bb57-e8bf9b70839d","降龙","2024-10-04","能力与学习;责任与后果;信用与信任;劳动与组织;法律与秩序;权力与异议;技术与工程;文明与历史;民族与身份;生态与自然","02;03;06;07;08;10;11;12;13;15;17;18;25;27;31;32;33"
"1235","84593390-0b51-5759-b0ef-fe020236121c","伤医咒","2024-10-03","事实与证据;能力与学习;选择与自由;责任与后果;成本与总账;信用与信任;照料与家庭;技术与工程;心理与主体","02;03;04;05;06;07;08;09;10;12;13;14;16;17;18;32;33"
"1236","3c8646b5-59eb-5e11-980e-15287e372110","无敌之人","2024-10-03","能力与学习;责任与后果;成本与总账;爱与回应;劳动与组织;法律与秩序;心理与主体","02;03;04;05;06;07;08;10;12;13;14;16;17;18"
"1237","8d0a678f-0ac3-5420-847f-4346d47753f4","换电关键","2024-10-02","选择与自由;劳动与组织;财富与市场;技术与工程;生态与自然","02;03;06;07;10;13;16;17;18;25;32;33"
"1238","9c7a3b1d-31f8-5f0b-a238-15d36d6125b6","天使羽毛","2024-10-02","事实与证据;选择与自由;成本与总账;爱与回应;边界与许可;权力与异议;心理与主体","02;03;04;05;07;08;09;10;12;14;16;17;18"
"1239","b7b77df8-8118-57fd-ac75-2c26d0c9708f","不喝酒","2024-10-02","事实与证据;定义与达意;能力与学习;选择与自由;责任与后果;成本与总账;信用与信任;边界与许可;性别与身体","02;03;05;06;07;08;09;10;12;13;14;16;17;18"
"1240","782e6654-dc40-5a2b-9a44-14629803be1d","东美","2024-10-02","定义与达意;能力与学习;选择与自由;责任与后果;财富与市场;技术与工程;文明与历史;民族与身份","02;03;07;08;09;10;11;12;13;15;16;17;18;27;31;32;33"
"1241","38e4a3b3-527d-58a1-ae85-840d1b37275e","风评无用","2024-10-01","事实与证据;选择与自由;信用与信任","02;03;06;07;08;09;12;16;17;18"
"1242","282d7546-faf5-5e5f-89bf-8b4acb1f12c6","驴和马","2024-10-01","选择与自由;责任与后果;信用与信任;净输出与不掠夺","02;03;05;06;07;10;12;16;18"
"1243","daae9803-7487-5bb8-ba88-3bb073fbb4e6","国家队","2024-10-01","事实与证据;定义与达意;选择与自由;成本与总账;边界与许可;财富与市场;法律与秩序;权力与异议","02;03;05;07;08;09;10;12;13;16;17;18"
"1244","a6e1594f-fb8b-5667-bc6b-e2ea029a265a","伊朗求和","2024-10-01","事实与证据;选择与自由;责任与后果;成本与总账;信用与信任;财富与市场;法律与秩序;权力与异议;技术与工程","02;03;06;07;08;09;10;12;13;16;17;18;32;33"
"1245","08278c3c-8dba-59b3-af78-01307ce2a1ae","以卵击石","2024-10-01","爱与回应;文明与历史;心理与主体","04;05;08;11;13;14;15;16;17;18;31;32;33"
"1246","68e7be7b-5f29-599b-8148-104efcd7de4e","大成至圣","2024-10-01","定义与达意;能力与学习;文明与历史","08;09;11;13;15;17;18;31;32;33"
"1247","94253f28-d667-5ac6-ab1e-63047df3c187","人传人","2024-09-30","能力与学习;成本与总账;爱与回应;技术与工程;生态与自然;人工智能与机器;心理与主体","03;04;05;08;10;13;14;16;17;18;25;28;29;32;33"
"1248","203daf5f-e974-5c9b-80b7-7b1e98584329","马虎小子","2024-09-30","定义与达意;能力与学习;责任与后果;成本与总账;信用与信任;爱与回应;照料与家庭;心理与主体","02;03;04;05;06;08;09;10;12;13;14;16;17;18"
"1249","5d1f3c9c-7df6-520f-99ce-2e2aa575f34f","政策观察","2024-09-30","能力与学习;责任与后果;成本与总账;信用与信任;劳动与组织;技术与工程;心理与主体","02;03;06;08;10;12;13;14;17;18;32;33"
"1250","193a3488-e28c-5655-8d40-ba07f04f6c57","内举不避亲","2024-09-29","能力与学习;责任与后果;成本与总账;信用与信任;劳动与组织","02;03;06;08;10;12;13;18"
"1251","84452840-fa75-5a15-a290-4003b8217bfe","血性","2024-09-29","定义与达意;责任与后果;成本与总账;文明与历史;宗教与自然法","02;03;07;09;10;11;12;13;15;17;18;31;32;33"
"1252","afe8018d-f3a4-53bb-a5b9-955e1b23de8b","敬我自己一杯","2024-09-29","定义与达意;责任与后果;爱与回应;净输出与不掠夺;财富与市场;法律与秩序","02;03;04;05;07;09;10;12;13;14;16;17;18"
"1253","82c3122f-188f-581e-bc41-380e2f7a794b","不吃素","2024-09-29","事实与证据;照料与家庭;法律与秩序;权力与异议;文明与历史","03;04;05;07;08;09;11;12;13;14;15;16;17;18;31;32;33"
"1254","ca2b40e7-4e45-58b9-8fbd-e069f06cb513","因大失小","2024-09-29","责任与后果;成本与总账;信用与信任;劳动与组织;权力与异议","02;03;06;07;10;12;13;18"
"1255","a473c710-ae93-5387-922d-64d2e432e9bb","逝者如斯夫","2024-09-29","能力与学习;成本与总账;劳动与组织;心理与主体","03;06;08;10;13;14;17;18"
"1256","b1fb817f-c6f7-5a07-b667-5921c235bbe7","噤","2024-09-28","选择与自由;责任与后果;法律与秩序","02;03;07;10;12;16;18"
"1257","ba725db6-a4a3-5d63-a45d-33eabd849398","世交","2024-09-28","定义与达意;选择与自由;责任与后果;信用与信任;净输出与不掠夺;照料与家庭","02;03;04;05;06;07;09;10;12;14;16;17;18"
"1258","26b86354-bfb5-5a38-8cc8-a93411421dd1","病患护理","2024-09-28","定义与达意;能力与学习;责任与后果;信用与信任;劳动与组织;心理与主体;性别与身体","02;03;05;06;08;09;10;12;13;14;16;17;18"
"1259","2ca3d07e-6f7d-56ea-bb63-a90b2385647d","赏金猎猪","2024-09-28","成本与总账;边界与许可;劳动与组织;权力与异议;技术与工程;文明与历史","03;05;06;07;10;11;12;13;15;16;17;18;31;32;33"
"1260","955b752f-723c-5c75-a164-49e737049b22","长期合规","2024-09-28","事实与证据;能力与学习;责任与后果;成本与总账;法律与秩序","02;03;07;08;09;10;12;13;17;18"
"1261","479cee81-86d0-503f-8b06-aec905a4ffa3","就这","2024-09-27","事实与证据;定义与达意;能力与学习;选择与自由;责任与后果;成本与总账;照料与家庭;法律与秩序;文明与历史;心理与主体","02;03;04;05;07;08;09;10;11;12;13;14;15;16;17;18;31;32;33"
"1262","0940878a-b6a1-5516-a6b3-540b658778b2","双人票","2024-09-27","能力与学习;选择与自由;责任与后果;成本与总账;爱与回应;边界与许可;照料与家庭;财富与市场;权力与异议","02;03;04;05;07;08;10;12;13;14;16;18"
"1263","64ee11c0-830a-5826-a9fb-5107cf82d7bb","防偷拍","2024-09-26","事实与证据;能力与学习;选择与自由;责任与后果;成本与总账;法律与秩序;技术与工程","02;03;07;08;09;10;12;13;16;17;18;32;33"
"1264","f1842c01-3a04-5a14-8ed5-420c6ad680c5","落汤鸡","2024-09-26","能力与学习;责任与后果;心理与主体;宗教与自然法","02;03;07;08;10;11;12;13;14;17;18"
"1265","625d025d-e6e9-5a00-a47f-f8f8992eb39b","家族史记录","2024-09-26","事实与证据;选择与自由;责任与后果;信用与信任;边界与许可;劳动与组织;文明与历史","02;03;05;06;07;08;09;10;11;12;13;15;16;17;18;31;32;33"
"1266","6d01ee36-09bc-559d-9baf-e930a1bddfb4","忍者病","2024-09-26","事实与证据;定义与达意;能力与学习;责任与后果;成本与总账;照料与家庭","02;03;04;05;08;09;10;12;13;14;16;17;18"
"1267","affe0767-5b33-562b-a0a0-2cb9a8fa4f86","雷峰夕照","2024-09-25","能力与学习;责任与后果;成本与总账;信用与信任;边界与许可;照料与家庭","02;03;04;05;06;08;10;12;13;14;16;18"
"1268","cc80ab01-2d5e-58e2-b073-14d432771240","反纪律的人","2024-09-25","事实与证据;定义与达意;选择与自由;成本与总账;爱与回应;边界与许可;劳动与组织;法律与秩序","02;03;04;05;06;07;08;09;10;12;13;14;16;17;18"
"1269","9e7fb643-0405-50e1-83a4-65f5094f074f","赏赏罚罚","2024-09-25","事实与证据;能力与学习;选择与自由;责任与后果;劳动与组织","02;03;06;07;08;09;10;12;13;16;17;18"
"1270","074c9c16-ed28-5984-8efc-603849bd725b","啥侮辱","2024-09-25","事实与证据;能力与学习;选择与自由;责任与后果;爱与回应;权力与异议;心理与主体","02;03;04;05;07;08;09;10;12;13;14;16;17;18"
"1271","cd505aa4-94a7-54a5-8d5f-366f8cafc669","垃圾食品","2024-09-24","选择与自由;文明与历史","02;07;11;13;15;16;18;31;32;33"
"1272","26ed07b1-e56e-5c29-8e05-ddb53e8d41c1","小武行","2024-09-24","定义与达意;选择与自由;责任与后果;信用与信任;财富与市场;法律与秩序;权力与异议;生态与自然","02;03;06;07;09;10;12;13;16;17;18;25;32"
"1273","213ca3d5-998c-53eb-9444-19e1c30bd89d","双语教学","2024-09-24","定义与达意;能力与学习;照料与家庭;文明与历史;民族与身份","04;05;08;09;11;12;13;14;15;16;17;18;27;31;32;33"
"1274","1e86583d-08c9-52b1-89f2-75c5feec2e99","以暴易暴","2024-09-24","事实与证据;定义与达意;能力与学习;责任与后果;成本与总账;信用与信任;财富与市场;权力与异议;文明与历史","02;03;06;07;08;09;10;11;12;13;15;17;18;31;32;33"
"1275","fd6ab492-9f41-5704-958e-42075a11c9d4","反保健品营销","2024-09-23","事实与证据;责任与后果;成本与总账;边界与许可;照料与家庭;劳动与组织;技术与工程;心理与主体","02;03;04;05;06;08;09;10;12;13;14;16;17;18;32;33"
"1276","9d5deb16-5f53-5763-b1b8-9d41b9e8e1b8","失败福寿膏","2024-09-23","事实与证据;责任与后果;成本与总账;心理与主体","02;03;08;09;10;12;14;17;18"
"1277","aaae7c62-0a3b-5e42-a03e-022a316e495f","无道人","2024-09-23","事实与证据;定义与达意;能力与学习;选择与自由;责任与后果;爱与回应;边界与许可;劳动与组织;文明与历史;心理与主体","02;03;04;05;06;07;08;09;10;11;12;13;14;15;16;17;18;31;32;33"
"1278","586249cd-9555-5dd8-9779-1bfe22bdb6b3","瞎比比","2024-09-23","定义与达意;能力与学习;选择与自由;责任与后果;成本与总账;信用与信任;边界与许可;劳动与组织;财富与市场;文明与历史;心理与主体","02;03;05;06;07;08;09;10;11;12;13;14;15;16;17;18;31;32;33"
"1279","c43ab8f6-7de2-5b9e-acb4-5c6afc78c3c4","糊涂账","2024-09-22","事实与证据;定义与达意;劳动与组织;法律与秩序;文明与历史;民族与身份","06;07;08;09;10;11;12;13;15;17;18;27;31;32;33"
"1280","26b503a7-c00c-59f8-8d90-f6847dc17927","祛恶视","2024-09-22","事实与证据;成本与总账;边界与许可;权力与异议","03;05;07;08;09;10;12;16;17;18"
"1281","a494a8bf-a0e7-5876-b12c-42d907453d88","不盈利组织","2024-09-22","事实与证据;定义与达意;能力与学习;成本与总账;边界与许可;劳动与组织;财富与市场","03;05;06;08;09;10;12;13;16;17;18"
"1282","debf7c48-0865-5f94-ae34-05be347b73f6","深入信仰","2024-09-22","事实与证据;定义与达意;能力与学习;选择与自由;爱与回应;边界与许可;文明与历史;宗教与自然法","02;04;05;07;08;09;11;12;13;14;15;16;17;18;31;32;33"
"1283","e0e409fb-1965-5508-ac49-42c6a2d7b5b0","有巢氏","2024-09-22","定义与达意;能力与学习;成本与总账;信用与信任;净输出与不掠夺;劳动与组织;财富与市场","03;05;06;08;09;10;12;13;16;17;18"
"1284","f50a62f0-9ad4-555c-8859-38689aa2db77","恐惧的疫苗","2024-09-22","事实与证据;定义与达意;能力与学习;选择与自由;责任与后果;财富与市场;心理与主体;性别与身体","02;03;05;07;08;09;10;12;13;14;16;17;18"
"1285","dd4b255b-b5ae-5956-bee5-0993c69bcace","实际产品","2024-09-22","定义与达意;能力与学习;责任与后果;成本与总账;信用与信任;边界与许可;技术与工程","02;03;05;06;08;09;10;12;13;16;17;18;32;33"
"1286","73e9edee-7d04-51a5-aec0-0ea94d554f74","为学","2024-09-21","事实与证据;定义与达意;能力与学习;爱与回应;照料与家庭;法律与秩序;技术与工程;宗教与自然法","04;05;07;08;09;11;12;13;14;16;17;18;32;33"
"1287","48ffddab-bda1-5890-8e56-beb21c9d6183","精武门","2024-09-21","能力与学习;选择与自由;责任与后果;成本与总账;法律与秩序;权力与异议;心理与主体","02;03;07;08;10;12;13;14;16;17;18"
"1288","10ae2508-6bdf-5123-9cbf-4dfd371049b5","温度的音乐","2024-09-21","能力与学习;劳动与组织;技术与工程;文明与历史;民族与身份;心理与主体;宗教与自然法","06;07;08;10;11;12;13;14;15;17;18;27;31;32;33"
"1289","475009e6-a21c-5878-956e-cc9b3b595263","真不真","2024-09-21","事实与证据;选择与自由;责任与后果;成本与总账;照料与家庭;性别与身体","02;03;04;05;07;08;09;10;12;14;16;17;18"
"1290","2a88cc8a-0746-573a-9885-9fed9f447797","滴灌","2024-09-20","事实与证据;定义与达意;能力与学习;选择与自由;责任与后果;成本与总账;信用与信任;爱与回应;照料与家庭;劳动与组织;财富与市场;法律与秩序;权力与异议;文明与历史;心理与主体","02;03;04;05;06;07;08;09;10;11;12;13;14;15;16;17;18;31;32;33"
"1291","f6654150-63a4-501c-943e-2bd636c4311e","看上去很美","2024-09-20","选择与自由;成本与总账;爱与回应;法律与秩序;文明与历史;民族与身份;心理与主体","02;03;04;05;07;08;10;11;12;13;14;15;16;17;18;27;31;32;33"
"1292","5b5fb0dd-22e9-50f8-bfb4-8d1f703c932b","露出个我","2024-09-19","事实与证据;成本与总账;法律与秩序;文明与历史;民族与身份","03;07;08;09;10;11;12;13;15;17;18;27;31;32;33"
"1293","323ec86f-782c-528b-b222-6c23f0e90381","老师的同学","2024-09-19","事实与证据;定义与达意;能力与学习;责任与后果;边界与许可;劳动与组织;文明与历史","02;03;05;06;08;09;10;11;12;13;15;16;17;18;31;32;33"
"1294","05771a13-281b-562b-8eb1-532096073249","恶人磨","2024-09-19","定义与达意;能力与学习;选择与自由;成本与总账;边界与许可;权力与异议","02;03;05;07;08;09;10;12;13;16;17;18"
"1295","aec08ba5-cba3-5645-95be-0411d92027c4","咩","2024-09-19","选择与自由;责任与后果;成本与总账;财富与市场;权力与异议","02;03;07;10;12;13;16;18"
"1296","daed94c5-cb94-5cae-b638-b7afde450877","贵妃之死","2024-09-18","事实与证据;定义与达意;能力与学习;选择与自由;责任与后果;成本与总账;劳动与组织;法律与秩序;权力与异议","02;03;06;07;08;09;10;12;13;16;17;18"
"1297","99cd9d25-0eca-5afd-a3b6-f6b93b3fcae2","真心祝福","2024-09-18","事实与证据;能力与学习;信用与信任;爱与回应;文明与历史","03;04;05;06;08;09;11;12;13;14;15;16;17;18;31;32;33"
"1298","fa480c6c-d966-540e-8ff1-9c2c489a20c2","pupil","2024-09-18","事实与证据;定义与达意;能力与学习;选择与自由;成本与总账;权力与异议","02;03;07;08;09;10;12;13;16;17;18"
"1299","d047bd11-7388-5d76-806c-f96d44f68013","尽亲尽孝","2024-09-18","选择与自由;责任与后果;成本与总账;爱与回应;净输出与不掠夺;边界与许可;照料与家庭;法律与秩序;权力与异议","02;03;04;05;07;10;12;14;16;18"
"1300","3e565c39-af7c-523b-b48e-5809f77f4322","最终负责人综合症","2024-09-17","定义与达意;责任与后果;边界与许可;照料与家庭;劳动与组织;法律与秩序;权力与异议;心理与主体","02;03;04;05;06;07;08;09;10;12;13;14;16;17;18"
"1301","2decd147-7c0b-5087-a5a5-69233b5e98e1","天眼查","2024-09-16","技术与工程;文明与历史","11;13;15;17;18;31;32;33"
"1302","d979dfc8-4cc6-5471-966d-dab2c8af7e78","遥不可及","2024-09-16","能力与学习;选择与自由;责任与后果;成本与总账;信用与信任;净输出与不掠夺;边界与许可;劳动与组织;法律与秩序;权力与异议;心理与主体","02;03;05;06;07;08;10;12;13;14;16;17;18"
"1303","31b6d412-1a33-5c0a-8a7d-4fc51bcde7a5","吸引力法则","2024-09-15","事实与证据;能力与学习;选择与自由;成本与总账;爱与回应;心理与主体","02;03;04;05;07;08;09;10;13;14;16;17;18"
"1304","8170bee8-4f3a-57a9-900a-b95db34cada4","先吃亏","2024-09-15","能力与学习;责任与后果;成本与总账;边界与许可","02;03;05;08;10;12;13;16;18"
"1305","baf536a1-e267-593c-bff9-0f0a0b84043e","闭上鸟嘴","2024-09-15","事实与证据;信用与信任;爱与回应;照料与家庭;心理与主体","03;04;05;06;08;09;12;14;16;17;18"
"1306","37c05697-3061-526d-b08a-f06f54946498","饭难吃","2024-09-15","事实与证据;能力与学习;责任与后果;爱与回应;边界与许可;照料与家庭;法律与秩序;权力与异议;宗教与自然法","02;03;04;05;07;08;09;10;11;12;13;14;16;17;18"
"1307","30c134fc-fdd9-5c6a-8b73-967d69db586b","两手硬","2024-09-15","事实与证据;能力与学习;选择与自由;责任与后果;成本与总账;信用与信任;爱与回应;边界与许可;法律与秩序;权力与异议;心理与主体","02;03;04;05;06;07;08;09;10;12;13;14;16;17;18"
"1308","bb587262-5180-5104-9515-77d71e4586c9","马顿","2024-09-15","事实与证据;能力与学习;责任与后果;成本与总账;法律与秩序;权力与异议;技术与工程;文明与历史;心理与主体","02;03;07;08;09;10;11;12;13;14;15;17;18;31;32;33"
"1309","d60f14af-095b-5c1c-8ddb-65b97894e53d","婉拒","2024-09-15","定义与达意;选择与自由;财富与市场","02;03;07;09;10;13;16;17;18"
"1310","6181f612-ae83-5830-807f-495064f66407","避玄如避嫌","2024-09-15","能力与学习;选择与自由;责任与后果;信用与信任;心理与主体","02;03;06;07;08;10;12;13;14;16;17;18"
"1311","d4454a25-b62d-587c-b6f6-93b7ddf72693","偷花自己的钱","2024-09-14","事实与证据;能力与学习;选择与自由;责任与后果;成本与总账;信用与信任;边界与许可;照料与家庭;财富与市场;法律与秩序;权力与异议","02;03;04;05;06;07;08;09;10;12;13;14;16;17;18"
"1312","c4a33aaf-447f-5c6c-995c-eda873d34088","胡作非为","2024-09-14","事实与证据;责任与后果;成本与总账;爱与回应;边界与许可;照料与家庭;法律与秩序","02;03;04;05;07;08;09;10;12;14;16;17;18"
"1313","d1e37c64-c0d2-5e23-9ef2-10451c2e4a6c","向后看","2024-09-14","事实与证据;定义与达意;能力与学习;选择与自由;责任与后果;照料与家庭;文明与历史","02;03;04;05;07;08;09;10;11;12;13;14;15;16;17;18;31;32;33"
"1314","8407d2cc-6653-5a11-b185-44630c82011a","监守者难辞其咎","2024-09-14","事实与证据;责任与后果;成本与总账;边界与许可;财富与市场;技术与工程;心理与主体","02;03;05;08;09;10;12;13;14;16;17;18;32;33"
"1315","7f639063-2ced-5931-a30b-cb3d49fac82f","早期干预","2024-09-13","定义与达意;能力与学习;责任与后果;照料与家庭;权力与异议;心理与主体;性别与身体","02;03;04;05;07;08;09;10;12;13;14;16;17;18"
"1316","b8eaad53-cd0e-5fb9-b434-1fd2ed27b728","逆行超车","2024-09-12","事实与证据;责任与后果;成本与总账;照料与家庭;法律与秩序","02;03;04;05;07;08;09;10;12;14;16;17;18"
"1317","2a2c7c3d-3686-513a-8ec8-4b9c8dd71738","参北斗","2024-09-12","能力与学习;选择与自由;成本与总账;劳动与组织;技术与工程;心理与主体","02;03;06;07;08;10;13;14;16;17;18;32;33"
"1318","32a999b8-d70c-5cc4-bb51-78e3cf03bd7a","聪明正直","2024-09-12","能力与学习;成本与总账;法律与秩序;文明与历史","03;07;08;10;11;12;13;15;18;31;32;33"
"1319","5179cec5-c9c9-5670-8017-8e7bd57d857e","鬼故事","2024-09-12","事实与证据;能力与学习;责任与后果;成本与总账;边界与许可;照料与家庭;劳动与组织;财富与市场;权力与异议;心理与主体","02;03;04;05;06;07;08;09;10;12;13;14;16;17;18"
"1320","e5a57f59-d7f9-5aeb-a250-14c8264e57c3","倒卷珠帘","2024-09-11","事实与证据;能力与学习;责任与后果;成本与总账;信用与信任;劳动与组织;技术与工程","02;03;06;08;09;10;12;13;17;18;32;33"
"1321","3736ff62-f733-5794-b7cd-0bbed4ad93a5","厌物","2024-09-11","信用与信任;法律与秩序;宗教与自然法","03;06;07;11;12;18"
"1322","519a931e-7d45-5b33-874a-a3900aa4761e","家和万事兴","2024-09-10","能力与学习;选择与自由;成本与总账;边界与许可;照料与家庭;劳动与组织;财富与市场;法律与秩序;权力与异议;心理与主体","02;03;04;05;06;07;08;10;12;13;14;16;17;18"
"1323","14e4cb7a-49a8-5e00-b01d-c06f2cfff479","以和为贵","2024-09-10","定义与达意;成本与总账;财富与市场;法律与秩序;技术与工程;文明与历史;生态与自然","03;07;09;10;11;12;13;15;17;18;25;31;32;33"
"1324","863857c9-3734-59b0-9d7b-bd00b889dcad","李四闭嘴","2024-09-10","事实与证据;定义与达意;能力与学习;选择与自由;边界与许可;权力与异议","02;03;05;07;08;09;12;13;16;17;18"
"1325","dc44d8c0-34af-5683-ad4c-ea9bbb2dbdef","性感与女王","2024-09-10","定义与达意;能力与学习;劳动与组织;财富与市场;权力与异议;技术与工程;性别与身体","03;05;06;07;08;09;10;12;13;14;16;17;18;32;33"
"1326","bd490318-0c04-599d-917b-f2316a553dcd","现实问题","2024-09-10","事实与证据;定义与达意;选择与自由;责任与后果;爱与回应;边界与许可;法律与秩序;技术与工程;宗教与自然法","02;03;04;05;07;08;09;10;11;12;13;14;16;17;18;32;33"
"1327","8e07532d-ede8-5b5a-9f0d-5a0a34d9f17e","十分热情","2024-09-10","能力与学习;选择与自由;责任与后果;成本与总账;信用与信任;爱与回应;净输出与不掠夺;边界与许可;照料与家庭","02;03;04;05;06;07;08;10;12;13;14;16;18"
"1328","117e09e7-2256-507f-9869-c04927dc36af","未成年驱动器","2024-09-09","事实与证据;定义与达意;能力与学习;责任与后果;成本与总账;边界与许可;劳动与组织;法律与秩序;权力与异议;技术与工程;文明与历史;心理与主体;性别与身体","02;03;05;06;07;08;09;10;11;12;13;14;15;16;17;18;31;32;33"
"1329","06307cfd-0a99-5d5d-8a3d-86681093c3b8","出头鸟","2024-09-09","事实与证据;定义与达意;选择与自由;责任与后果;信用与信任;爱与回应;照料与家庭;劳动与组织;权力与异议","02;03;04;05;06;07;08;09;10;12;13;14;16;17;18"
"1330","c4a69dfe-c6c4-5e5e-abe8-877e1142407a","共情能力","2024-09-09","定义与达意;能力与学习;选择与自由;责任与后果;爱与回应;边界与许可;心理与主体;性别与身体","02;03;04;05;07;08;09;10;12;13;14;16;17;18"
"1331","52223443-33d7-5ad7-8000-2d7a71c54302","体育问题","2024-09-08","能力与学习;劳动与组织;法律与秩序;技术与工程;生态与自然","06;07;08;10;12;13;17;18;25;32;33"
"1332","b1950e66-57a2-5bda-aecf-76ac70f605eb","完整规定","2024-09-08","事实与证据;选择与自由;爱与回应;边界与许可;权力与异议;性别与身体;宗教与自然法","02;03;04;05;07;08;09;11;12;14;16;17;18"
"1333","262b530b-6c2f-5920-b8b1-219ed8460007","小狐狸","2024-09-08","定义与达意;能力与学习;选择与自由;责任与后果;成本与总账;信用与信任;净输出与不掠夺;照料与家庭;劳动与组织;财富与市场;法律与秩序;心理与主体;性别与身体","02;03;04;05;06;07;08;09;10;12;13;14;16;17;18"
"1334","d10a0e4c-4d47-517a-9f0b-8ab8fcc3902c","一招制敌","2024-09-07","能力与学习;心理与主体","08;13;14;17;18"
"1335","43bd5bfe-7837-51af-a1a5-cc93c3ab8b57","铁布衫","2024-09-07","事实与证据;定义与达意;能力与学习;责任与后果;成本与总账;法律与秩序;权力与异议;技术与工程;文明与历史","02;03;07;08;09;10;11;12;13;15;17;18;31;32;33"
"1336","423bb80a-1424-508a-9b37-7715329708f2","礼貌的意义","2024-09-06","能力与学习;选择与自由;责任与后果;成本与总账;权力与异议;技术与工程;生态与自然","02;03;07;08;10;12;13;16;17;18;25;32;33"
"1337","7cb9b096-39ba-59a3-b9e5-fd6296e0034f","群氓","2024-09-05","事实与证据;能力与学习;责任与后果;成本与总账;信用与信任;边界与许可;照料与家庭;劳动与组织;财富与市场;法律与秩序;权力与异议","02;03;04;05;06;07;08;09;10;12;13;14;16;17;18"
"1338","4060af7a-873f-570a-a80a-4b9a771ce134","欢迎扯平","2024-09-05","选择与自由;责任与后果;成本与总账;信用与信任;净输出与不掠夺;边界与许可;财富与市场;权力与异议;心理与主体","02;03;05;06;07;08;10;12;13;14;16;17;18"
"1339","2276b158-3dee-51fb-86ec-8ba340deea2a","宠儿出路","2024-09-05","定义与达意;能力与学习;责任与后果;信用与信任;爱与回应;权力与异议;文明与历史;宗教与自然法","02;03;04;05;06;07;08;09;10;11;12;13;14;15;16;17;18;31;32;33"
"1340","fc06ea55-164b-5111-87c2-d7b5b34af1dd","数学启蒙","2024-09-04","能力与学习;选择与自由;边界与许可","02;05;07;08;12;13;16;18"
"1341","134777bf-8cf5-56d7-bc47-ce6646ad293c","教训的逻辑","2024-09-04","能力与学习;责任与后果;成本与总账;心理与主体","02;03;08;10;12;13;14;17;18"
"1342","33782e4a-6f9e-5d92-8a82-c9d39670844b","气质的配方","2024-09-04","能力与学习;心理与主体","08;13;14;17;18"
"1343","4201c9b1-35d8-5484-84df-b5634d7f33f6","来事儿","2024-09-03","定义与达意;能力与学习;劳动与组织;心理与主体","06;08;09;10;13;14;17;18"
"1344","237002b1-d9ee-59a8-9c0d-196f964ff961","所谓国富民穷","2024-09-03","定义与达意;能力与学习;成本与总账;财富与市场;法律与秩序;权力与异议","03;07;08;09;10;12;13;17;18"
"1345","413af330-fdbd-5ee0-b6ea-40af728fded1","儿童阅读","2024-09-02","定义与达意;能力与学习;选择与自由;法律与秩序","02;07;08;09;12;13;16;17;18"
"1346","ddcdc643-2705-5ba7-bfd2-3b5568f6922b","扬汤止沸","2024-09-02","事实与证据;定义与达意;能力与学习;责任与后果;成本与总账;边界与许可;照料与家庭;财富与市场","02;03;04;05;08;09;10;12;13;14;16;17;18"
"1347","67ac7821-f41e-5ff9-8bf1-543622ecebd6","选边站","2024-09-02","事实与证据;能力与学习;选择与自由;权力与异议;文明与历史;心理与主体;性别与身体","02;03;05;07;08;09;11;12;13;14;15;16;17;18;31;32;33"
"1348","22208ad9-82b7-5be3-b0f2-17d4faf9ae7d","花呗仙人","2024-09-02","成本与总账;财富与市场;心理与主体","03;08;10;13;14;17;18"
"1349","7f8618cb-7848-5ad4-b1b4-e05f0e124f26","你拍一，我拍一","2024-09-01","事实与证据;能力与学习;责任与后果;成本与总账;边界与许可;法律与秩序;权力与异议","02;03;05;07;08;09;10;12;13;16;17;18"
"1350","1f3a632b-decf-5cf3-bef2-6943fe84478c","馅饼云","2024-08-31","事实与证据;成本与总账;信用与信任;技术与工程;心理与主体","03;06;08;09;10;12;13;14;17;18;32;33"
"1351","48ee19df-67bc-5172-a9ad-a9275701f203","快活似神仙","2024-08-31","能力与学习;选择与自由;责任与后果;成本与总账;照料与家庭;劳动与组织;技术与工程;文明与历史;人工智能与机器;心理与主体","02;03;04;05;06;07;08;10;11;12;13;14;15;16;17;18;28;29;31;32;33"
"1352","21593864-66c9-5812-ab4a-fe2023307119","圣木耳","2024-08-31","事实与证据;能力与学习;责任与后果;成本与总账;信用与信任;边界与许可;财富与市场;技术与工程;文明与历史;心理与主体","02;03;05;06;08;09;10;11;12;13;14;15;16;17;18;31;32;33"
"1353","5ee11a26-89b1-5293-b168-468e96e31c3e","论妥协","2024-08-31","能力与学习;选择与自由;成本与总账;爱与回应;边界与许可;劳动与组织;法律与秩序;权力与异议;宗教与自然法","02;03;04;05;06;07;08;10;11;12;13;14;16;18"
"1354","a0155f03-69f1-5f7e-a929-4a2767a1f665","房产税之外","2024-08-30","选择与自由;成本与总账;财富与市场;技术与工程;文明与历史;心理与主体","02;03;07;08;10;11;13;14;15;16;17;18;31;32;33"
"1355","fc854ef8-41cc-5c48-97e8-7ba8ef0cde0a","帮亲","2024-08-30","事实与证据;定义与达意;能力与学习;信用与信任;边界与许可;法律与秩序;文明与历史","03;05;06;07;08;09;11;12;13;15;16;17;18;31;32;33"
"1356","1ecce437-e8e1-5f60-be41-9c4ea6b14458","真想要","2024-08-30","定义与达意;能力与学习;选择与自由;责任与后果;成本与总账;信用与信任;净输出与不掠夺;劳动与组织;财富与市场;权力与异议;心理与主体","02;03;05;06;07;08;09;10;12;13;14;16;17;18"
"1357","1643fb18-9a9c-5f0c-aa19-3e14e55ba064","生育恐怖主义","2024-08-29","定义与达意;能力与学习;选择与自由;照料与家庭;法律与秩序","02;04;05;07;08;09;12;13;14;16;17;18"
"1358","27c657b1-09db-57e8-a40b-672a4a27181b","0-1-2-3","2024-08-29","事实与证据;成本与总账;劳动与组织;技术与工程","03;06;08;09;10;13;17;18;32;33"
"1359","146dea8a-0ed9-5a06-a439-a6f783c1abde","反着卖","2024-08-28","定义与达意;能力与学习;责任与后果;成本与总账;信用与信任;边界与许可;劳动与组织;权力与异议","02;03;05;06;07;08;09;10;12;13;16;17;18"
"1360","4b7b51ab-f319-53bc-a66b-c36c5939f847","淤泥里的火花塞","2024-08-28","选择与自由;责任与后果;成本与总账;信用与信任;边界与许可;技术与工程;文明与历史","02;03;05;06;07;10;11;12;13;15;16;17;18;31;32;33"
"1361","f6a3679a-8b8c-5bb6-a4c4-638f2e2cf1a5","预警","2024-08-28","责任与后果;成本与总账;信用与信任;劳动与组织;心理与主体","02;03;06;08;10;12;13;14;17;18"
"1362","4c588ab3-9a95-5707-a1c6-78e709a41747","小联盟","2024-08-27","能力与学习;选择与自由;责任与后果;成本与总账;边界与许可;照料与家庭;权力与异议;心理与主体","02;03;04;05;07;08;10;12;13;14;16;17;18"
"1363","b41728e2-5953-58ca-b781-22dea32d0f7e","第三术式","2024-08-26","定义与达意;能力与学习;选择与自由;责任与后果;成本与总账;财富与市场;法律与秩序;心理与主体","02;03;07;08;09;10;12;13;14;16;17;18"
"1364","4a3bfd9f-56a1-5609-a79e-ae09f82d5dea","丢盔弃甲","2024-08-26","定义与达意;选择与自由;责任与后果;成本与总账;信用与信任;照料与家庭;法律与秩序;技术与工程","02;03;04;05;06;07;09;10;12;13;14;16;17;18;32;33"
"1365","ecd51337-cf09-595d-b7c3-1f160fd5bd5e","好木匠","2024-08-26","事实与证据;定义与达意;选择与自由;责任与后果;成本与总账;财富与市场;法律与秩序","02;03;07;08;09;10;12;13;16;17;18"
"1366","82b1a785-ea5d-5729-a701-649dabd655e8","加重情节","2024-08-25","能力与学习;选择与自由;责任与后果;成本与总账;照料与家庭;法律与秩序;心理与主体","02;03;04;05;07;08;10;12;13;14;16;17;18"
"1367","8ddbef7b-4c40-5766-ada3-52335be104eb","取死之道","2024-08-25","责任与后果;成本与总账;爱与回应;边界与许可;照料与家庭;财富与市场;文明与历史","02;03;04;05;10;11;12;13;14;15;16;18;31;32;33"
"1368","c602348f-fd67-5a0a-bf55-86e7c6b4dd9f","逆行人生","2024-08-24","事实与证据;定义与达意;能力与学习;成本与总账;劳动与组织;心理与主体;性别与身体","03;05;06;08;09;10;13;14;16;17;18"
"1369","c89d973a-d7cf-5e89-a64e-2f81b03ee188","无效教育","2024-08-24","能力与学习;信用与信任;照料与家庭;心理与主体","03;04;05;06;08;12;13;14;16;17;18"
"1370","bd434b9c-2fe2-52fb-ac90-950110686568","边境杀手","2024-08-23","定义与达意;能力与学习;选择与自由;责任与后果;净输出与不掠夺;照料与家庭;法律与秩序;技术与工程;性别与身体;宗教与自然法","02;03;04;05;07;08;09;10;11;12;13;14;16;17;18;32;33"
"1371","ecf1a1f3-de57-51e4-b558-9ec21c0f09c6","自我估值","2024-08-22","事实与证据;能力与学习;成本与总账;财富与市场;心理与主体","03;08;09;10;13;14;17;18"
"1372","099403b8-bb5b-51e0-8d87-36ddf8b14a5a","反黑组","2024-08-22","选择与自由;责任与后果;成本与总账;爱与回应;边界与许可;法律与秩序;文明与历史;心理与主体","02;03;04;05;07;08;10;11;12;13;14;15;16;17;18;31;32;33"
"1373","ee695800-3c9e-58f3-91ee-ae2c233725b8","半纹龙","2024-08-21","能力与学习;边界与许可;照料与家庭;权力与异议","03;04;05;07;08;12;13;14;16;18"
"1374","e13f9f3a-06d8-5098-a82e-3ff15927421e","10000-10000","2024-08-21","事实与证据;定义与达意;选择与自由;爱与回应;边界与许可;权力与异议;心理与主体","02;03;04;05;07;08;09;12;14;16;17;18"
"1375","a487a6c9-1114-584a-92e2-6003d8bf5bcd","就三天","2024-08-21","定义与达意;能力与学习;选择与自由;责任与后果;成本与总账;劳动与组织;技术与工程;文明与历史","02;03;06;07;08;09;10;11;12;13;15;16;17;18;31;32;33"
"1376","c95c78c8-b369-503c-8e91-3716a999ce2d","抱什么歉","2024-08-20","能力与学习;选择与自由;责任与后果;成本与总账;边界与许可;劳动与组织;技术与工程;文明与历史;性别与身体;宗教与自然法","02;03;05;06;07;08;10;11;12;13;14;15;16;17;18;31;32;33"
"1377","ded7e029-5d21-5865-b43f-4a4089a06160","浮萍大赛","2024-08-20","能力与学习;选择与自由;责任与后果;成本与总账;技术与工程;文明与历史","02;03;07;08;10;11;12;13;15;16;17;18;31;32;33"
"1378","1653c848-112d-5c1d-9663-388e696757a1","淡定","2024-08-19","能力与学习;选择与自由;成本与总账;照料与家庭;财富与市场;权力与异议;文明与历史;宗教与自然法","02;03;04;05;07;08;10;11;12;13;14;15;16;18;31;32;33"
"1379","7e1db1f0-87e1-5c5b-ba72-593bfea299fb","乃告父母","2024-08-19","能力与学习;责任与后果;成本与总账;爱与回应;照料与家庭;权力与异议;性别与身体","02;03;04;05;07;08;10;12;13;14;16;18"
"1380","95d4c8ef-c800-5643-ba1d-dcc4f9220dce","凡尔赛","2024-08-18","事实与证据;能力与学习;选择与自由;成本与总账;信用与信任;劳动与组织;技术与工程;心理与主体","02;03;06;07;08;09;10;12;13;14;16;17;18;32;33"
"1381","c8b9d495-94a6-5c22-9dd7-770512e3e82e","LV沙袋","2024-08-17","定义与达意;能力与学习;责任与后果;成本与总账;财富与市场;文明与历史","02;03;08;09;10;11;12;13;15;17;18;31;32;33"
"1382","6399c2c1-7219-5681-bbc9-c9210cdd661f","止争","2024-08-17","能力与学习;选择与自由;责任与后果;成本与总账;信用与信任;爱与回应;照料与家庭;法律与秩序;权力与异议","02;03;04;05;06;07;08;10;12;13;14;16;18"
"1383","e1414182-ac9d-5b73-8989-94c27975ee0e","周末安排","2024-08-17","能力与学习;责任与后果;成本与总账;边界与许可;心理与主体","02;03;05;08;10;12;13;14;16;17;18"
"1384","b962ece7-2906-5410-8ce4-0f32db8a1014","幸福币","2024-08-16","定义与达意;成本与总账;照料与家庭;财富与市场;权力与异议;心理与主体;宗教与自然法","03;04;05;07;08;09;10;11;12;13;14;16;17;18"
"1385","134d07a9-1798-55e8-827e-4881fa3978eb","许仙社会","2024-08-16","能力与学习;责任与后果;成本与总账;信用与信任;爱与回应;边界与许可;劳动与组织;法律与秩序;权力与异议;文明与历史;性别与身体","02;03;04;05;06;07;08;10;11;12;13;14;15;16;18;31;32;33"
"1386","545cea71-489e-5292-9080-e05c4e40052e","回潮","2024-08-16","事实与证据;能力与学习;责任与后果;成本与总账;爱与回应;法律与秩序;技术与工程;文明与历史","02;03;04;05;07;08;09;10;11;12;13;14;15;16;17;18;31;32;33"
"1387","92d52ba7-4dbf-5985-82d1-4dffd7a0fe55","未保护动物","2024-08-15","责任与后果;成本与总账;财富与市场;法律与秩序;生态与自然","02;03;07;10;12;13;18;25;32"
"1388","defa96aa-07e2-586f-a675-05858f3368cd","多余的刺头","2024-08-14","能力与学习;责任与后果;信用与信任;劳动与组织;法律与秩序;权力与异议","02;03;06;07;08;10;12;13;18"
"1389","4ab294c1-232a-5c0e-83a5-8c1c3897c824","自脱罗网","2024-08-14","定义与达意;能力与学习;选择与自由;责任与后果;成本与总账;边界与许可;照料与家庭;权力与异议;心理与主体","02;03;04;05;07;08;09;10;12;13;14;16;17;18"
"1390","8d1d184d-3ae3-502c-9b34-d3a7eed0f599","戒慎恐惧","2024-08-14","定义与达意;责任与后果;成本与总账;爱与回应;边界与许可","02;03;04;05;09;10;12;14;16;17;18"
"1391","d9c5c187-6050-5929-a683-e281c8137942","魂不附体","2024-08-14","定义与达意;选择与自由;责任与后果;爱与回应;技术与工程;心理与主体","02;03;04;05;07;08;09;10;12;13;14;16;17;18;32;33"
"1392","8dcebf44-702d-5190-8271-2c14811b3a2f","女权的历史趋势","2024-08-14","事实与证据;选择与自由;责任与后果;成本与总账;净输出与不掠夺;照料与家庭;劳动与组织;法律与秩序;技术与工程;文明与历史;民族与身份;人工智能与机器;心理与主体;性别与身体","02;03;04;05;06;07;08;09;10;11;12;13;14;15;16;17;18;27;28;29;31;32;33"
"1393","14cbccd7-8627-55cd-9a61-5d0aa992f3e7","牢骚","2024-08-13","定义与达意;能力与学习;选择与自由;责任与后果;爱与回应;财富与市场;心理与主体;性别与身体","02;03;04;05;07;08;09;10;12;13;14;16;17;18"
"1394","2a94cfaa-12c5-5c3c-8b26-93071ace1cfa","大砍刀","2024-08-13","能力与学习;选择与自由;成本与总账;劳动与组织;技术与工程;生态与自然","02;03;06;07;08;10;13;16;17;18;25;32;33"
"1395","65385f42-699f-5d80-85c2-cd2dec821124","有钱要花","2024-08-12","能力与学习;选择与自由;成本与总账;劳动与组织;财富与市场;技术与工程;心理与主体;性别与身体","02;03;05;06;07;08;10;13;14;16;17;18;32;33"
"1396","eb584847-1191-530e-a769-3db59a6f6b09","爱的智商税","2024-08-12","定义与达意;选择与自由;责任与后果;成本与总账;爱与回应;净输出与不掠夺;财富与市场;心理与主体","02;03;04;05;07;08;09;10;12;13;14;16;17;18"
"1397","f6db1a3a-1842-5763-aa8a-d5c0870ae021","捞女","2024-08-12","事实与证据;定义与达意;能力与学习;选择与自由;责任与后果;成本与总账;爱与回应;财富与市场","02;03;04;05;07;08;09;10;12;13;14;16;17;18"
"1398","f2391064-6c22-5ce7-89d0-8887f6b5b6ce","激流勇退","2024-08-11","能力与学习;选择与自由;成本与总账;爱与回应;边界与许可;财富与市场;法律与秩序;文明与历史;性别与身体","02;03;04;05;07;08;10;11;12;13;14;15;16;18;31;32;33"
"1399","6a1c9f04-6343-5879-8ee2-fb53ad960c06","一意孤行的慈善","2024-08-10","能力与学习;责任与后果;成本与总账;边界与许可;劳动与组织;法律与秩序;文明与历史;民族与身份","02;03;05;06;07;08;10;11;12;13;15;16;18;27;31;32;33"
"1400","ede58b01-598e-56b4-aaa5-4c4c44b2776a","考军校","2024-08-10","定义与达意;能力与学习;选择与自由;照料与家庭;技术与工程;文明与历史;心理与主体","02;04;05;07;08;09;11;13;14;15;16;17;18;31;32;33"
"1401","3827ac33-b79d-5aa7-9b08-1e03aeb1b7f8","事业为重","2024-08-08","能力与学习;选择与自由;责任与后果;爱与回应;照料与家庭;劳动与组织;财富与市场;心理与主体","02;03;04;05;06;07;08;10;12;13;14;16;17;18"
"1402","fa334950-a865-54b8-8f43-6f5da060b7be","强者道歉","2024-08-08","选择与自由;责任与后果;信用与信任;爱与回应;净输出与不掠夺;财富与市场;权力与异议","02;03;04;05;06;07;10;12;13;14;16;18"
"1403","5bf7556f-51a4-5c06-8575-37b17a747fef","高贵和优越","2024-08-08","定义与达意;能力与学习;选择与自由;责任与后果;财富与市场;民族与身份;宗教与自然法","02;03;07;08;09;10;11;12;13;16;17;18;27;31"
"1404","90fe032a-f766-5b5e-82f9-dea7f9fe1e6f","废寝忘食","2024-08-06","责任与后果;成本与总账;劳动与组织","02;03;06;10;12;13;18"
"1405","ee91b820-c601-54fb-8a3e-567590b822a7","过得好好","2024-08-05","能力与学习;成本与总账;边界与许可;财富与市场;权力与异议","03;05;07;08;10;12;13;16;18"
"1406","e7bb83ff-a777-5227-ac97-66899f120e40","居家自废","2024-08-05","事实与证据;定义与达意;能力与学习;选择与自由;责任与后果;成本与总账;照料与家庭;劳动与组织;权力与异议;生态与自然","02;03;04;05;06;07;08;09;10;12;13;14;16;17;18;25;32"
"1407","d4a883e2-acee-58ca-89d1-de568d5a4b94","谈钱伤感情","2024-08-05","事实与证据;选择与自由;成本与总账;边界与许可;财富与市场","02;03;05;07;08;09;10;12;13;16;17;18"
"1408","9d0f167e-0de7-5f9b-8089-0fd0a113e487","威慑与威胁","2024-08-04","定义与达意;能力与学习;责任与后果;成本与总账;法律与秩序;心理与主体","02;03;07;08;09;10;12;13;14;17;18"
"1409","324f2489-2c9e-5a84-95bf-cacee7ea9ad7","透支户","2024-08-04","事实与证据;定义与达意;责任与后果;信用与信任;爱与回应;净输出与不掠夺;法律与秩序;心理与主体","02;03;04;05;06;07;08;09;10;12;14;16;17;18"
"1410","f3104f64-9be9-5421-b721-f1dd30783dfd","稳定收入","2024-08-04","定义与达意;能力与学习;责任与后果;成本与总账;信用与信任;照料与家庭;劳动与组织;财富与市场;技术与工程;文明与历史;生态与自然;心理与主体","02;03;04;05;06;08;09;10;11;12;13;14;15;16;17;18;25;31;32;33"
"1411","339b3ea8-125c-5f2c-a3a0-5e3fb3fd4545","天妒","2024-08-04","能力与学习;选择与自由;责任与后果;成本与总账;财富与市场;生态与自然;心理与主体;性别与身体;宗教与自然法","02;03;05;07;08;10;11;12;13;14;16;17;18;25;32"
"1412","d205640d-065d-58fa-b452-694a4fde9114","多了一道五花肉","2024-08-04","事实与证据;选择与自由;成本与总账;法律与秩序;权力与异议","02;03;07;08;09;10;12;16;17;18"
"1413","3712ca3d-2dbb-54b9-91cf-b1e10935b670","体育大国","2024-08-03","事实与证据;成本与总账;边界与许可;财富与市场;文明与历史;心理与主体;性别与身体;宗教与自然法","03;05;07;08;09;10;11;12;13;14;15;16;17;18;31;32;33"
"1414","8b8da85a-5879-586e-ac18-6f724611eaa9","前途上限","2024-08-03","能力与学习;选择与自由;责任与后果;成本与总账;劳动与组织;财富与市场;权力与异议;技术与工程","02;03;06;07;08;10;12;13;16;17;18;32;33"
"1415","e9be7c89-e4cf-51e2-a588-8bddeb1c28d9","永垂不朽","2024-08-02","定义与达意;能力与学习;成本与总账;信用与信任;劳动与组织;权力与异议;文明与历史","03;06;07;08;09;10;11;12;13;15;17;18;31;32;33"
"1416","695b4998-a935-5426-968c-c092f438217d","客户、服务员和导师","2024-08-02","定义与达意;能力与学习;选择与自由;成本与总账;爱与回应;心理与主体","02;03;04;05;07;08;09;10;13;14;16;17;18"
"1417","10b23e64-acc1-5497-8449-5d1c7323329c","恶名远扬","2024-08-02","能力与学习;成本与总账;信用与信任;财富与市场;法律与秩序","03;06;07;08;10;12;13;18"
"1418","48d2ed94-5287-573c-8a41-0a5c6dec8358","成熟度指标","2024-08-01","定义与达意;能力与学习;选择与自由;成本与总账;信用与信任;心理与主体","02;03;06;07;08;09;10;12;13;14;16;17;18"
"1419","a9f669a2-14d1-539d-988e-236933eb8c70","老实板凳","2024-07-31","能力与学习;选择与自由;责任与后果;成本与总账;信用与信任;劳动与组织","02;03;06;07;08;10;12;13;16;18"
"1420","f1518922-7716-582d-918f-03c4d18dde3e","自我中心","2024-07-31","定义与达意;选择与自由;责任与后果;成本与总账;爱与回应;边界与许可","02;03;04;05;07;09;10;12;14;16;17;18"
"1421","df26769a-1adf-5fd1-b22f-3b625418c70a","副武器","2024-07-31","事实与证据;定义与达意;能力与学习;成本与总账;爱与回应;财富与市场","03;04;05;08;09;10;13;14;16;17;18"
"1422","148a22e8-6aca-5edb-94c3-a2166624e257","真诚的不老实","2024-07-31","定义与达意;能力与学习;选择与自由;责任与后果;成本与总账;信用与信任;边界与许可;心理与主体","02;03;05;06;07;08;09;10;12;13;14;16;17;18"
"1423","2da5affb-8676-5e3a-ba04-0967e27b981d","无路可退","2024-07-31","选择与自由;责任与后果;成本与总账;信用与信任;爱与回应;照料与家庭;心理与主体","02;03;04;05;06;07;08;10;12;14;16;17;18"
"1424","5b64d047-66c0-52fe-8f67-96996fdc2e1f","走钢丝的食神","2024-07-30","定义与达意;能力与学习;选择与自由;责任与后果;成本与总账;劳动与组织;财富与市场","02;03;06;07;08;09;10;12;13;16;17;18"
"1425","af71814b-e928-51d4-8e65-4664e4e0ae8b","长不大的社会","2024-07-30","能力与学习;责任与后果;信用与信任;爱与回应;照料与家庭;文明与历史;心理与主体","02;03;04;05;06;08;10;11;12;13;14;15;16;17;18;31;32;33"
"1426","f6a011e8-8479-5bbc-819f-db0af102141f","突围","2024-07-30","选择与自由;责任与后果;成本与总账;爱与回应;民族与身份","02;03;04;05;07;10;12;14;16;18;27;31"
"1427","33ba4dd9-d4ff-5c63-982c-2a94bc19d3cc","不受采访","2024-07-29","事实与证据;定义与达意;能力与学习;选择与自由;责任与后果;成本与总账;信用与信任;边界与许可;法律与秩序;权力与异议","02;03;05;06;07;08;09;10;12;13;16;17;18"
"1428","ed93a692-b4e3-56ae-9e87-6d7cd0e55066","智慧的价值","2024-07-29","定义与达意;能力与学习;选择与自由;责任与后果;成本与总账;边界与许可;文明与历史","02;03;05;07;08;09;10;11;12;13;15;16;17;18;31;32;33"
"1429","48a28463-60f3-56d1-98b1-6564b2367308","情义有价","2024-07-29","事实与证据;能力与学习;选择与自由;责任与后果;成本与总账;爱与回应;财富与市场","02;03;04;05;07;08;09;10;12;13;14;16;17;18"
"1430","5d0a775e-f2e9-5c56-b3ac-f3519ecd0146","madness","2024-07-29","定义与达意;选择与自由;成本与总账;信用与信任;权力与异议;技术与工程;文明与历史","02;03;06;07;09;10;11;12;13;15;16;17;18;31;32;33"
"1431","cc63a391-fb8b-58d6-9ee2-b319b00816bd","问得不耐烦","2024-07-29","事实与证据;定义与达意;责任与后果;劳动与组织","02;03;06;08;09;10;12;13;17;18"
"1432","34b082e8-40ea-5c44-967b-1636cbe6b753","两面鼓","2024-07-28","定义与达意;能力与学习;选择与自由;责任与后果;成本与总账;边界与许可;劳动与组织;文明与历史","02;03;05;06;07;08;09;10;11;12;13;15;16;17;18;31;32;33"
"1433","73480585-a79a-52b8-9c54-b4b19dd22eb0","坏得特别好","2024-07-27","定义与达意;能力与学习;成本与总账;信用与信任;爱与回应;劳动与组织;财富与市场;法律与秩序;技术与工程;文明与历史","03;04;05;06;07;08;09;10;11;12;13;14;15;16;17;18;31;32;33"
"1434","049b680c-0c4f-5d2d-91cb-1ea5d2f4c428","等风来","2024-07-26","能力与学习;成本与总账;劳动与组织;权力与异议;技术与工程;性别与身体","03;05;06;07;08;10;12;13;14;16;17;18;32;33"
"1435","ddd75aad-66b1-5754-8ee7-9cf5058ebfb0","最佳印象","2024-07-25","能力与学习;信用与信任;爱与回应;权力与异议;心理与主体","03;04;05;06;07;08;12;13;14;16;17;18"
"1436","fed2a3e2-7f66-5ffd-ad64-3f08191c8ca0","我的世界","2024-07-25","定义与达意;能力与学习;选择与自由;责任与后果;成本与总账;边界与许可;劳动与组织","02;03;05;06;07;08;09;10;12;13;16;17;18"
"1437","b9e9a30b-3850-5204-bf27-0a5cb25df6a5","世界越来越难","2024-07-25","能力与学习;责任与后果;成本与总账;财富与市场;技术与工程","02;03;08;10;12;13;17;18;32;33"
"1438","01e7200d-239e-5ef9-8b6a-58ca1ca82f97","盗火线","2024-07-25","事实与证据;选择与自由;责任与后果;爱与回应;净输出与不掠夺;法律与秩序","02;03;04;05;07;08;09;10;12;14;16;17;18"
"1439","20fa771b-31c9-5a63-9804-7447eef127e6","笨鸟先飞","2024-07-24","能力与学习;选择与自由;成本与总账;信用与信任;净输出与不掠夺","02;03;05;06;07;08;10;12;13;16;18"
"1440","ff684b3c-3022-53f1-8b8b-95194840dd38","变态","2024-07-24","定义与达意;成本与总账;爱与回应;法律与秩序","03;04;05;07;09;10;12;14;16;17;18"
"1441","63fe77ab-cf7d-5b29-97db-0fab8e6ac2f1","割地求和","2024-07-24","定义与达意;能力与学习;成本与总账;净输出与不掠夺;边界与许可;劳动与组织;法律与秩序","03;05;06;07;08;09;10;12;13;16;17;18"
"1442","801f20e6-6ad6-51a3-81c4-9b521ada7798","我是学生","2024-07-24","选择与自由;成本与总账;照料与家庭;心理与主体","02;03;04;05;07;08;10;14;16;17;18"
"1443","bda7d426-10ab-53ec-a200-1d7a0227fd69","美式基础教育","2024-07-23","能力与学习;选择与自由;成本与总账;劳动与组织;法律与秩序;权力与异议;民族与身份","02;03;06;07;08;10;12;13;16;18;27;31"
"1444","4395dc76-4826-5778-824d-82c5f0de8350","完美航空","2024-07-23","能力与学习;选择与自由;责任与后果;成本与总账;劳动与组织","02;03;06;07;08;10;12;13;16;18"
"1445","ed3b3285-5e3f-5fce-ad0d-ed63ccc4e1d4","本性善变","2024-07-23","定义与达意;选择与自由;技术与工程","02;07;09;13;16;17;18;32;33"
"1446","cc432346-82c2-536c-bb75-07dd30cddc4c","有似我者","2024-07-23","能力与学习;责任与后果;成本与总账;爱与回应;净输出与不掠夺;劳动与组织;技术与工程;心理与主体;性别与身体","02;03;04;05;06;08;10;12;13;14;16;17;18;32;33"
"1447","073568ea-eae9-52ef-861e-484476c0190c","红拂夜奔","2024-07-22","定义与达意;选择与自由;责任与后果;照料与家庭","02;03;04;05;07;09;10;12;14;16;17;18"
"1448","96d4ec6b-de8d-5360-b119-426b6d47b614","不理想的判决","2024-07-22","事实与证据;定义与达意;爱与回应;边界与许可;法律与秩序;权力与异议;心理与主体","03;04;05;07;08;09;12;14;16;17;18"
"1449","8ca0261e-ae14-5be3-bdfc-a55c82eed4e8","牙关紧咬","2024-07-21","事实与证据;定义与达意;能力与学习;选择与自由;责任与后果;信用与信任;边界与许可;照料与家庭;法律与秩序;心理与主体","02;03;04;05;06;07;08;09;10;12;13;14;16;17;18"
"1450","619477f4-e5a2-59a6-b9d3-be63246ea2c2","跨伦理合作","2024-07-21","责任与后果;成本与总账;信用与信任;边界与许可;照料与家庭;财富与市场","02;03;04;05;06;10;12;13;14;16;18"
"1451","a1ce6dfb-b163-5962-baab-dc147bb9027f","少年立志","2024-07-20","能力与学习;责任与后果;成本与总账;信用与信任;技术与工程;心理与主体","02;03;06;08;10;12;13;14;17;18;32;33"
"1452","9f9bba60-c970-56f6-b5f0-bb569c2848df","吵架","2024-07-20","定义与达意;能力与学习;责任与后果;爱与回应;照料与家庭","02;03;04;05;08;09;10;12;13;14;16;17;18"
"1453","f661c1bf-c40a-57eb-bb61-eba15bc7b955","散为星尘","2024-07-19","定义与达意;信用与信任;爱与回应","03;04;05;06;09;12;14;16;17;18"
"1454","8f27311e-673a-59c3-ba6f-adf7d7f06aeb","染色之前","2024-07-18","能力与学习;责任与后果;成本与总账;爱与回应;照料与家庭;劳动与组织;财富与市场","02;03;04;05;06;08;10;12;13;14;16;18"
"1455","c07662b2-d6fe-5c9b-8175-1cdfc6bcf466","不好骗","2024-07-18","能力与学习;责任与后果;成本与总账;信用与信任;心理与主体","02;03;06;08;10;12;13;14;17;18"
"1456","2bd2fa32-21db-5b6e-a0cc-e9ae2cb8a4ae","除了睡觉","2024-07-18","能力与学习;信用与信任;心理与主体;性别与身体;宗教与自然法","03;05;06;07;08;11;12;13;14;16;17;18"
"1457","e296bdf4-5ca3-5088-93b9-1afa64bc9d30","有重量的自由","2024-07-17","能力与学习;选择与自由;责任与后果;成本与总账;爱与回应;照料与家庭;劳动与组织;财富与市场;权力与异议","02;03;04;05;06;07;08;10;12;13;14;16;18"
"1458","a4b9a6f3-6e4f-5b21-a5db-8c234bef081d","四门功课","2024-07-17","定义与达意;能力与学习;责任与后果;劳动与组织","02;03;06;08;09;10;12;13;17;18"
"1459","beb74d7a-f0c1-5847-9a72-73e21127ffbd","身边的深刻","2024-07-17","定义与达意;责任与后果;成本与总账;照料与家庭;权力与异议;技术与工程","02;03;04;05;07;09;10;12;13;14;16;17;18;32;33"
"1460","12455df5-3ef1-5a12-a339-bd1fd884cd44","斗兽","2024-07-16","事实与证据;选择与自由;责任与后果;成本与总账;爱与回应;边界与许可;法律与秩序;权力与异议;性别与身体","02;03;04;05;07;08;09;10;12;14;16;17;18"
"1461","b35c5734-2f19-5fed-b046-6835b8b22ae6","分居在前","2024-07-16","选择与自由;爱与回应;边界与许可;照料与家庭;心理与主体","02;04;05;07;08;12;14;16;17;18"
"1462","16042688-91a3-58c1-a4dc-a2221bc6b9ee","不配的天神","2024-07-16","定义与达意;能力与学习;选择与自由;责任与后果;爱与回应","02;03;04;05;07;08;09;10;12;13;14;16;17;18"
"1463","ab6c4aca-a120-5478-ab36-af87f9578b03","无私怨","2024-07-16","爱与回应;净输出与不掠夺;劳动与组织;民族与身份","03;04;05;06;10;12;13;14;16;18;27;31"
"1464","964e28d0-6792-5976-9b5e-33acc904def3","该死的张三","2024-07-15","定义与达意;能力与学习;选择与自由;责任与后果;爱与回应;照料与家庭;权力与异议;技术与工程","02;03;04;05;07;08;09;10;12;13;14;16;17;18;32;33"
"1465","1fb52afe-314c-5490-9458-14912a0c647e","一纵一枉","2024-07-15","事实与证据;能力与学习;选择与自由;成本与总账;心理与主体","02;03;07;08;09;10;13;14;16;17;18"
"1466","9de92083-3816-503c-bfb1-c3c737586357","高级回怼","2024-07-15","定义与达意;能力与学习;选择与自由;责任与后果;成本与总账;爱与回应;劳动与组织;权力与异议;技术与工程;心理与主体","02;03;04;05;06;07;08;09;10;12;13;14;16;17;18;32;33"
"1467","9ec818f2-fca4-5b66-8efc-56a389e9f12c","慢热问题","2024-07-15","能力与学习;选择与自由;责任与后果;成本与总账;爱与回应;心理与主体","02;03;04;05;07;08;10;12;13;14;16;17;18"
"1468","485ffc0b-159c-5e8e-8e0e-617391022ef9","摊牌","2024-07-15","事实与证据;能力与学习;选择与自由;责任与后果;成本与总账;爱与回应;边界与许可;照料与家庭;法律与秩序;权力与异议;心理与主体","02;03;04;05;07;08;09;10;12;13;14;16;17;18"
"1469","e3ed3983-c0a1-532e-a2b6-1759ba4261bb","饶人魔法","2024-07-14","事实与证据;成本与总账;信用与信任;边界与许可;劳动与组织","03;05;06;08;09;10;12;13;16;17;18"
"1470","6c2a2e7d-58e9-54ac-b872-556fcd359739","爱无侥幸","2024-07-14","定义与达意;能力与学习;选择与自由;责任与后果;爱与回应;边界与许可;心理与主体","02;03;04;05;07;08;09;10;12;13;14;16;17;18"
"1471","1aa4e99a-03fc-5f76-b863-92c55697a294","Caesar Gets Away","2024-07-14","事实与证据;能力与学习;选择与自由;责任与后果;成本与总账;边界与许可;权力与异议;技术与工程","02;03;05;07;08;09;10;12;13;16;17;18;32;33"
"1472","bedf95db-3a64-53c9-9f42-3e4a8fb49466","非常突然","2024-07-13","定义与达意;责任与后果;爱与回应;边界与许可;心理与主体","02;03;04;05;08;09;10;12;14;16;17;18"
"1473","647680b8-7d7a-5420-a49a-99b8ab31884b","及格主义","2024-07-13","能力与学习;选择与自由;责任与后果;成本与总账;爱与回应;劳动与组织;心理与主体","02;03;04;05;06;07;08;10;12;13;14;16;17;18"
"1474","fedadbd7-2954-5679-ba74-564b76c57363","生育抑郁","2024-07-12","选择与自由;责任与后果;成本与总账;信用与信任;爱与回应;边界与许可;照料与家庭;财富与市场;法律与秩序;技术与工程;文明与历史;心理与主体;性别与身体","02;03;04;05;06;07;08;10;11;12;13;14;15;16;17;18;31;32;33"
"1475","18b01445-6ff0-5286-965f-3f61b4edc413","帮助明星","2024-07-12","能力与学习;成本与总账;爱与回应;边界与许可;劳动与组织;财富与市场;法律与秩序","03;04;05;06;07;08;10;12;13;14;16;18"
"1476","7b1e50b9-eaef-5d1a-a140-5f775608e90c","权利的游戏","2024-07-11","定义与达意;能力与学习;选择与自由;责任与后果;成本与总账;边界与许可;照料与家庭;法律与秩序","02;03;04;05;07;08;09;10;12;13;14;16;17;18"
"1477","4317e268-6a1a-5c58-a3df-51ff7c71c5f8","不可战胜的手工艺","2024-07-11","事实与证据;定义与达意;能力与学习;选择与自由;责任与后果;技术与工程;文明与历史","02;03;07;08;09;10;11;12;13;15;16;17;18;31;32;33"
"1478","7ed41d31-80e8-5271-a9e4-28fb09f71d48","隐瞒债务","2024-07-11","事实与证据;责任与后果;成本与总账;照料与家庭;法律与秩序","02;03;04;05;07;08;09;10;12;14;16;17;18"
"1479","4ce249c1-9502-5163-a6be-9fe8c2c029a6","绕道而行","2024-07-09","事实与证据;选择与自由;成本与总账;照料与家庭;法律与秩序;心理与主体","02;03;04;05;07;08;09;10;12;14;16;17;18"
"1480","d08b3c8b-a3a8-567d-874e-b774e0a7be53","长兄如父","2024-07-09","能力与学习;责任与后果;成本与总账;爱与回应;照料与家庭;劳动与组织;法律与秩序;权力与异议;文明与历史","02;03;04;05;06;07;08;10;11;12;13;14;15;16;18;31;32;33"
"1481","dcb66d9d-4d98-55ab-a95a-b8c54a9f1f4a","无能信仰","2024-07-09","能力与学习;选择与自由;责任与后果;成本与总账;照料与家庭;权力与异议;心理与主体;宗教与自然法","02;03;04;05;07;08;10;11;12;13;14;16;17;18"
"1482","e8563f66-b7ed-518e-8bdf-9978734054e8","性教育的门槛","2024-07-08","定义与达意;能力与学习;选择与自由;责任与后果;成本与总账;信用与信任;爱与回应;净输出与不掠夺;边界与许可;照料与家庭;心理与主体","02;03;04;05;06;07;08;09;10;12;13;14;16;17;18"
"1483","e81fa546-fc51-5870-a66d-a82032164422","洁癖","2024-07-08","选择与自由;成本与总账;信用与信任;劳动与组织;文明与历史;人工智能与机器","02;03;06;07;10;11;12;13;15;16;18;28;29;31;32;33"
"1484","8040603d-2cd3-53ef-a22f-c633e3f69c82","无需强大","2024-07-08","定义与达意;责任与后果;信用与信任;爱与回应;边界与许可;照料与家庭;权力与异议","02;03;04;05;06;07;09;10;12;14;16;17;18"
"1485","2702982e-d0ee-5380-99d5-05ba3af76193","临终抚慰","2024-07-07","事实与证据;定义与达意;能力与学习;选择与自由;责任与后果;信用与信任;爱与回应;照料与家庭;权力与异议;心理与主体;宗教与自然法","02;03;04;05;06;07;08;09;10;11;12;13;14;16;17;18"
"1486","3c578072-8c70-544b-b22d-55f2fb2b7a7a","自由的实现","2024-07-07","能力与学习;选择与自由;责任与后果;成本与总账","02;03;07;08;10;12;13;16;18"
"1487","59f2e4b7-0a3e-57b0-adc5-1f580bcb8ecd","少年沉迷","2024-07-07","成本与总账;心理与主体;性别与身体","03;05;08;10;14;16;17;18"
"1488","8f46b7ed-1b5e-5225-aa29-9052c825bf18","one last chance","2024-07-07","事实与证据;责任与后果;成本与总账;信用与信任;边界与许可;法律与秩序;权力与异议;技术与工程","02;03;05;06;07;08;09;10;12;13;16;17;18;32;33"
"1489","33d69ccd-d68b-5046-bcdb-6eaf949dfda2","良好沟通","2024-07-06","定义与达意;责任与后果;成本与总账;权力与异议;心理与主体","02;03;07;08;09;10;12;14;17;18"
"1490","862cbdfc-7f45-5521-bda6-acf9d72b7aed","悲怆第一乐章","2024-07-05","能力与学习;成本与总账;信用与信任;爱与回应;边界与许可;照料与家庭;劳动与组织;技术与工程;心理与主体","03;04;05;06;08;10;12;13;14;16;17;18;32;33"
"1491","b0bf86fd-6254-5e29-b919-932ecd79b078","慢工","2024-07-05","选择与自由;成本与总账;信用与信任;边界与许可;劳动与组织","02;03;05;06;07;10;12;13;16;18"
"1492","a7a6a790-b237-59c7-8e84-781d8bcb8715","金毒","2024-07-04","能力与学习;成本与总账;信用与信任;照料与家庭;财富与市场;技术与工程;文明与历史;心理与主体","03;04;05;06;08;10;11;12;13;14;15;16;17;18;31;32;33"
"1493","2a9f6b51-ca6d-5876-8ce0-fd9b3f16e7b0","一两金镯","2024-07-04","能力与学习;责任与后果;成本与总账;信用与信任;爱与回应;净输出与不掠夺;边界与许可;照料与家庭;技术与工程","02;03;04;05;06;08;10;12;13;14;16;17;18;32;33"
"1494","2475348b-ca59-5639-9033-cf03037e96cb","我要生气","2024-07-04","定义与达意;净输出与不掠夺;边界与许可;照料与家庭;权力与异议;技术与工程;心理与主体","03;04;05;07;08;09;12;13;14;16;17;18;32;33"
"1495","8b377155-ea6d-5abb-bfc6-53c328714e13","暗怕","2024-07-03","能力与学习;选择与自由;成本与总账;信用与信任;照料与家庭;财富与市场;权力与异议;心理与主体","02;03;04;05;06;07;08;10;12;13;14;16;17;18"
"1496","1ce3e182-9d76-5163-8f2f-4a4673aeb035","不忙解释","2024-07-03","事实与证据;选择与自由;责任与后果;成本与总账;边界与许可;劳动与组织;财富与市场;法律与秩序;权力与异议;技术与工程","02;03;05;06;07;08;09;10;12;13;16;17;18;32;33"
"1497","a35e1aee-8fb6-51ae-98c3-23899208f64d","你爱你","2024-07-03","定义与达意;能力与学习;责任与后果;成本与总账;净输出与不掠夺;边界与许可","02;03;05;08;09;10;12;13;16;17;18"
"1498","fa62eedb-9b01-5e5c-8a58-8d0b94802bbb","好熟人","2024-07-03","事实与证据;定义与达意;选择与自由;责任与后果;爱与回应;边界与许可;技术与工程","02;03;04;05;07;08;09;10;12;13;14;16;17;18;32;33"
"1499","935702aa-d286-50ce-bb0a-0f1be4687b88","器官的组合","2024-07-02","定义与达意;责任与后果;成本与总账;财富与市场;法律与秩序;权力与异议;心理与主体;性别与身体","02;03;05;07;08;09;10;12;13;14;16;17;18"
"1500","48a00355-be74-5f79-9997-69210e8725ae","搬到加沙","2024-07-02","能力与学习;责任与后果;成本与总账;边界与许可;照料与家庭;劳动与组织;法律与秩序;权力与异议;技术与工程;文明与历史","02;03;04;05;06;07;08;10;11;12;13;14;15;16;17;18;31;32;33"
"1501","0f1eef9c-844a-51cf-b63e-26a68727b956","没有简单","2024-07-02","事实与证据;定义与达意;能力与学习;技术与工程","08;09;13;17;18;32;33"
"1502","60f43d6b-b93f-5f14-aecb-682eec1d5a19","由华入美","2024-07-01","能力与学习;选择与自由;爱与回应;财富与市场;法律与秩序;技术与工程;文明与历史;民族与身份","02;03;04;05;07;08;10;11;12;13;14;15;16;17;18;27;31;32;33"
"1503","b295cfc2-5454-5c7e-ac2a-fd666132cfd8","冷静期间","2024-07-01","事实与证据;定义与达意;选择与自由;责任与后果;爱与回应;照料与家庭;劳动与组织;法律与秩序;权力与异议;心理与主体","02;03;04;05;06;07;08;09;10;12;13;14;16;17;18"
"1504","fd0ae326-5b06-542e-a2ad-896bcf4b1a4c","哈尔佛","2024-07-01","定义与达意;能力与学习;责任与后果;成本与总账;权力与异议","02;03;07;08;09;10;12;13;17;18"
"1505","3ff64662-fa85-5c81-adb7-d824fe4d6c5f","温柔的魔鬼","2024-07-01","能力与学习;选择与自由;责任与后果;边界与许可;法律与秩序;权力与异议;文明与历史","02;03;05;07;08;10;11;12;13;15;16;18;31;32;33"
"1506","3cb82871-2a8b-50de-9c7b-f3d6879db26a","天凉好个秋","2024-07-01","事实与证据;定义与达意;能力与学习;财富与市场","03;08;09;10;13;17;18"
"1507","3802b774-de75-53df-adec-d76dc9e7938d","the F grade","2024-06-30","信用与信任;爱与回应;照料与家庭;财富与市场","03;04;05;06;10;12;13;14;16;18"
"1508","bed38c2e-a10f-5ae2-99a3-26cdbd0f4795","王不见王","2024-06-30","定义与达意;选择与自由;责任与后果;爱与回应;边界与许可;照料与家庭;技术与工程;文明与历史","02;03;04;05;07;09;10;11;12;13;14;15;16;17;18;31;32;33"
"1509","9bc5a2cd-cb67-5631-b227-29c5862aa1d4","不表而白","2024-06-29","定义与达意;能力与学习;责任与后果;爱与回应;边界与许可","02;03;04;05;08;09;10;12;13;14;16;17;18"
"1510","8b595a0d-27b2-5943-8c8f-d9f6b43e243f","炼血成丹","2024-06-29","选择与自由;责任与后果;成本与总账;爱与回应;照料与家庭;心理与主体","02;03;04;05;07;08;10;12;14;16;17;18"
"1511","7cc7bb5e-0402-5415-8591-ee8c8eee44d7","纯手搓","2024-06-28","事实与证据;能力与学习;爱与回应;净输出与不掠夺;心理与主体","03;04;05;08;09;13;14;16;17;18"
"1512","e3e4a169-f053-5be0-ab0b-1794e432d1d2","满身大汗","2024-06-28","责任与后果;成本与总账;法律与秩序;权力与异议;技术与工程","02;03;07;10;12;13;17;18;32;33"
"1513","1cf4e432-b82d-5792-963c-95ba175549cf","重量级棋王","2024-06-28","能力与学习;责任与后果;信用与信任","02;03;06;08;10;12;13;18"
"1514","4e978b7b-b145-59de-bc86-2286685fdf1f","不和","2024-06-26","责任与后果;成本与总账;爱与回应;心理与主体","02;03;04;05;08;10;12;14;16;17;18"
"1515","0f981c62-b4d2-52c5-9d8d-69dadf81dcae","大棒pro","2024-06-25","事实与证据;能力与学习;选择与自由;责任与后果;劳动与组织","02;03;06;07;08;09;10;12;13;16;17;18"
"1516","6b549588-738e-5535-87ad-b9f434ec297e","失恋的意义","2024-06-25","定义与达意;能力与学习;选择与自由;责任与后果;爱与回应","02;03;04;05;07;08;09;10;12;13;14;16;17;18"
"1517","8296a400-0090-5cb5-bd1b-8a34fba51572","地动仪","2024-06-25","事实与证据;能力与学习;责任与后果;爱与回应;劳动与组织;技术与工程;文明与历史;民族与身份;心理与主体","02;03;04;05;06;08;09;10;11;12;13;14;15;16;17;18;27;31;32;33"
"1518","63ddf8cd-5af7-5862-8110-3ab9f5ee3812","圣人无名","2024-06-25","定义与达意;能力与学习","08;09;13;17;18"
"1519","545c8e0a-f9fc-5d5b-95e5-1586d33fca59","一直受伤","2024-06-24","定义与达意;能力与学习;成本与总账;权力与异议","03;07;08;09;10;12;13;17;18"
"1520","212f8bd5-ad3d-5f1f-9d61-1deb9547b35f","矛盾的赌注","2024-06-24","能力与学习;责任与后果;信用与信任;爱与回应","02;03;04;05;06;08;10;12;13;14;16;18"
"1521","2032e4cb-4b93-5429-ad8a-6629b5552e97","六根雪糕","2024-06-24","定义与达意;能力与学习;责任与后果;成本与总账;信用与信任;照料与家庭","02;03;04;05;06;08;09;10;12;13;14;16;17;18"
"1522","7ed0e0b0-1019-5348-a68e-691f6ee408ed","好照片","2024-06-22","定义与达意;能力与学习;选择与自由;责任与后果;成本与总账;边界与许可;财富与市场;技术与工程;文明与历史","02;03;05;07;08;09;10;11;12;13;15;16;17;18;31;32;33"
"1523","ff8645b0-604e-5ecb-a427-6af38d7c4fc4","夫唯不争","2024-06-22","能力与学习;选择与自由;成本与总账;爱与回应;净输出与不掠夺;照料与家庭;心理与主体;性别与身体","02;03;04;05;07;08;10;13;14;16;17;18"
"1524","418dc88d-e188-587d-aa80-2fdc7e7e7027","一万粉","2024-06-18","定义与达意;能力与学习","08;09;13;17;18"
"1525","468ffe10-54bd-5424-bed1-83cd712b504d","对赌","2024-06-18","事实与证据;定义与达意;选择与自由;责任与后果;成本与总账;信用与信任;爱与回应;净输出与不掠夺;边界与许可;权力与异议","02;03;04;05;06;07;08;09;10;12;14;16;17;18"
"1526","b24ad973-6d1c-549d-87ca-e4596d1a9445","序号","2024-06-18","信用与信任;文明与历史;心理与主体","03;06;08;11;12;13;14;15;17;18;31;32;33"
"1527","0981e83a-98a2-5edb-bd79-caeacfb5a74f","否","2024-06-17","定义与达意;选择与自由;责任与后果;信用与信任","02;03;06;07;09;10;12;16;17;18"
"1528","383a9961-27d0-5bf5-a041-e67d0b0e6e12","钻头","2024-06-17","选择与自由;成本与总账;爱与回应;劳动与组织;财富与市场","02;03;04;05;06;07;10;13;14;16;18"
"1529","152b80b3-b133-5a56-92ab-0e7ee0b20aa0","四个兜","2024-06-16","选择与自由;责任与后果;法律与秩序;技术与工程;性别与身体","02;03;05;07;10;12;13;14;16;17;18;32;33"
"1530","7af994c1-5ed8-571d-ae5a-c518f2570856","太空裁缝","2024-06-15","事实与证据;定义与达意;能力与学习;责任与后果;信用与信任;爱与回应;边界与许可;照料与家庭;法律与秩序;性别与身体","02;03;04;05;06;07;08;09;10;12;13;14;16;17;18"
"1531","a42d45c2-41ed-59c8-b53e-6ff893c33e91","勉强无益","2024-06-14","责任与后果;成本与总账;净输出与不掠夺;边界与许可;照料与家庭;法律与秩序;心理与主体","02;03;04;05;07;08;10;12;14;16;17;18"
"1532","56859b65-3e8c-5d45-89cd-d04e8ebdb345","三角石","2024-06-14","事实与证据;能力与学习;选择与自由;责任与后果;照料与家庭;心理与主体;性别与身体","02;03;04;05;07;08;09;10;12;13;14;16;17;18"
"1533","70763aa7-32b7-54cc-9247-58ac006187e5","迷途知返","2024-06-14","事实与证据;能力与学习;责任与后果;劳动与组织;技术与工程;文明与历史;性别与身体","02;03;05;06;08;09;10;11;12;13;14;15;16;17;18;31;32;33"
"1534","9abd8382-27bd-5f41-94a7-befd2987b4fe","解决问题的态度","2024-06-13","选择与自由;责任与后果;边界与许可;法律与秩序;权力与异议;心理与主体","02;03;05;07;08;10;12;14;16;17;18"
"1535","1bd47858-8630-50b3-8231-78d03c5e1cd8","铁腕的资格","2024-06-13","事实与证据;定义与达意;选择与自由;责任与后果;成本与总账;爱与回应;法律与秩序;权力与异议","02;03;04;05;07;08;09;10;12;14;16;17;18"
"1536","a6bb0488-a5a8-55e8-b96f-7ce2fd175078","只见鸳鸯不见仙","2024-06-13","定义与达意;能力与学习;责任与后果;爱与回应;照料与家庭","02;03;04;05;08;09;10;12;13;14;16;17;18"
"1537","d0babf65-5119-53a4-979b-62900486711b","落后时代","2024-06-13","定义与达意;选择与自由;成本与总账;技术与工程;文明与历史;心理与主体","02;03;07;08;09;10;11;13;14;15;16;17;18;31;32;33"
"1538","f2666ad8-8104-5a2f-9fee-870e85bff295","老无聊","2024-06-12","定义与达意;选择与自由;爱与回应;边界与许可;照料与家庭;技术与工程;性别与身体","02;04;05;07;09;12;13;14;16;17;18;32;33"
"1539","55e882ee-2a12-512d-9730-1d75096b1b51","火鸡狂欢节","2024-06-12","能力与学习;责任与后果;爱与回应;照料与家庭;财富与市场;权力与异议;性别与身体","02;03;04;05;07;08;10;12;13;14;16;18"
"1540","0c116953-6e46-5a71-95b8-276f809f1d8c","挣钱的知识","2024-06-12","能力与学习;选择与自由;责任与后果;成本与总账;边界与许可;财富与市场;心理与主体;性别与身体","02;03;05;07;08;10;12;13;14;16;17;18"
"1541","ddc10e52-921a-5bb6-a44b-9d8205eace18","谢师","2024-06-12","事实与证据;能力与学习;责任与后果;成本与总账;爱与回应;照料与家庭","02;03;04;05;08;09;10;12;13;14;16;17;18"
"1542","e5e15ce2-dc16-50d2-a02b-33018d0a21aa","陪伴时长","2024-06-10","定义与达意;责任与后果;成本与总账;爱与回应;净输出与不掠夺;权力与异议","02;03;04;05;07;09;10;12;14;16;17;18"
"1543","d95e078a-f0f3-5aef-8be2-f3dbb6150c1c","最佳事业","2024-06-10","定义与达意;能力与学习;选择与自由;成本与总账;边界与许可;劳动与组织;财富与市场","02;03;05;06;07;08;09;10;12;13;16;17;18"
"1544","bffd2045-9cfe-576f-9710-2570f1531b8d","今日无大事","2024-06-08","成本与总账;边界与许可;性别与身体","03;05;10;12;14;16;18"
"1545","d121bef4-3a15-576c-9742-f63b451de1b4","催化剂","2024-06-08","定义与达意;能力与学习;选择与自由;成本与总账;信用与信任;爱与回应;净输出与不掠夺;心理与主体","02;03;04;05;06;07;08;09;10;12;13;14;16;17;18"
"1546","4e61bca7-5ed7-5231-9201-0a472fcef1c7","来者犹可鉴","2024-06-07","定义与达意;能力与学习;选择与自由;责任与后果;财富与市场;法律与秩序","02;03;07;08;09;10;12;13;16;17;18"
"1547","ea7dd942-d9c3-5ff8-8c2e-0cd8767e5d54","临终关怀","2024-06-07","能力与学习;技术与工程;文明与历史;心理与主体","08;11;13;14;15;17;18;31;32;33"
"1548","98a4e584-e382-58f7-bac5-3cadf54aa7ab","无界","2024-06-06","选择与自由;责任与后果;爱与回应;边界与许可;权力与异议","02;03;04;05;07;10;12;14;16;18"
"1549","714be1f7-6ec6-568e-ba66-b891090e255d","浅水区","2024-06-06","定义与达意;能力与学习;选择与自由;责任与后果;成本与总账;净输出与不掠夺;财富与市场","02;03;05;07;08;09;10;12;13;16;17;18"
"1550","499ce03c-e809-5ad7-9e9a-483ee1abca00","音频防弹衣","2024-06-06","能力与学习;选择与自由;责任与后果;成本与总账;技术与工程","02;03;07;08;10;12;13;16;17;18;32;33"
"1551","dc1f971c-f638-5654-a3bb-55d5e8d93cb4","建议合理的生活","2024-06-05","成本与总账;边界与许可;照料与家庭;法律与秩序;技术与工程;文明与历史","03;04;05;07;10;11;12;13;14;15;16;17;18;31;32;33"
"1552","77b5039d-9216-54d9-bbfc-53f89d993681","不配得","2024-06-05","事实与证据;能力与学习;责任与后果;成本与总账;信用与信任;财富与市场;心理与主体","02;03;06;08;09;10;12;13;14;17;18"
"1553","5518187d-9a2f-5ad2-9aeb-9c5ba3ff343c","维生素M","2024-06-05","事实与证据;定义与达意;能力与学习;责任与后果;爱与回应;照料与家庭","02;03;04;05;08;09;10;12;13;14;16;17;18"
"1554","9431ae64-eb29-507e-adab-b48408b558f0","舒适禁区","2024-06-04","能力与学习;选择与自由;成本与总账","02;03;07;08;10;13;16;18"
"1555","bc3e4fcc-d641-5665-9a27-e751c9e03298","傻强","2024-06-04","能力与学习;责任与后果;成本与总账;劳动与组织","02;03;06;08;10;12;13;18"
"1556","c073359f-ce17-59ba-9026-dfef7edf8ca4","素问","2024-06-03","事实与证据;定义与达意;选择与自由;责任与后果;成本与总账;信用与信任;爱与回应;净输出与不掠夺;边界与许可;劳动与组织","02;03;04;05;06;07;08;09;10;12;13;14;16;17;18"
"1557","16126b72-a5b9-5349-b824-e1bb45a63ac8","好错","2024-06-03","定义与达意;能力与学习;选择与自由;责任与后果;成本与总账;边界与许可;劳动与组织","02;03;05;06;07;08;09;10;12;13;16;17;18"
"1558","23cec62a-1ed0-59ec-9a7b-38a6e49af3c5","新手计划","2024-06-02","能力与学习;责任与后果;成本与总账;劳动与组织;权力与异议","02;03;06;07;08;10;12;13;18"
"1559","a1794043-1259-5bbf-b603-ffa5e2853c6a","对事的差距","2024-06-01","能力与学习;成本与总账;劳动与组织;财富与市场","03;06;08;10;13;18"
"1560","8ef132e8-7431-593a-8ad9-b0e8d294b298","孙教爷","2024-06-01","事实与证据;选择与自由;责任与后果;成本与总账;劳动与组织;财富与市场;文明与历史","02;03;06;07;08;09;10;11;12;13;15;16;17;18;31;32;33"
"1561","a204d7a8-52d3-51dd-9c5e-1d93c3de51c3","羞于启齿","2024-05-31","定义与达意;责任与后果;成本与总账;边界与许可;照料与家庭;财富与市场;心理与主体","02;03;04;05;08;09;10;12;13;14;16;17;18"
"1562","14353fa8-b8d2-5926-8a33-ae98e699301b","读史","2024-05-31","能力与学习;选择与自由;责任与后果;成本与总账;信用与信任;法律与秩序;权力与异议;文明与历史;生态与自然;心理与主体","02;03;06;07;08;10;11;12;13;14;15;16;17;18;25;31;32;33"
"1563","97ebdb1a-4f86-53d5-8b6e-7b73afe7330e","包容与纵容","2024-05-29","事实与证据;能力与学习;选择与自由;责任与后果;成本与总账;爱与回应;照料与家庭;法律与秩序;心理与主体","02;03;04;05;07;08;09;10;12;13;14;16;17;18"
"1564","b48b5492-f366-5b83-af60-21b8be5df0b9","魔法防御使","2024-05-28","能力与学习;选择与自由;成本与总账;信用与信任;爱与回应;权力与异议","02;03;04;05;06;07;08;10;12;13;14;16;18"
"1565","7c19a976-087f-5167-9d0e-23c1b80f67ad","关于应对子女抑郁的一种系统方法","2024-05-28","事实与证据;能力与学习;爱与回应;边界与许可;照料与家庭;劳动与组织;权力与异议;文明与历史;心理与主体","03;04;05;06;07;08;09;10;11;12;13;14;15;16;17;18;31;32;33"
"1566","31ec3d06-7f2c-5e6a-a390-1ac0c235c4c3","爱的弱肉强食","2024-05-26","能力与学习;选择与自由;成本与总账;信用与信任;爱与回应;劳动与组织;法律与秩序;权力与异议","02;03;04;05;06;07;08;10;12;13;14;16;18"
"1567","fbd468be-ee71-5bb0-b7a0-f6fc496eab75","拾金不昧","2024-05-25","定义与达意;能力与学习;照料与家庭;文明与历史;心理与主体","04;05;08;09;11;13;14;15;16;17;18;31;32;33"
"1568","f7ae1fde-5130-5265-8a26-dab5f155ce30","半截人参","2024-05-25","事实与证据;定义与达意;责任与后果;成本与总账;照料与家庭;技术与工程;心理与主体;性别与身体","02;03;04;05;08;09;10;12;13;14;16;17;18;32;33"
"1569","60da7701-9ebf-5439-ab24-31201316ded7","认真","2024-05-24","定义与达意;能力与学习;责任与后果;成本与总账;边界与许可;劳动与组织;心理与主体","02;03;05;06;08;09;10;12;13;14;16;17;18"
"1570","55093310-bf2c-5e01-81fe-17b8d7535ca0","最亲与最好","2024-05-24","事实与证据;定义与达意;成本与总账;信用与信任;爱与回应;边界与许可;法律与秩序;文明与历史","03;04;05;06;07;08;09;10;11;12;13;14;15;16;17;18;31;32;33"
"1571","4576a59a-77fa-55f1-b2da-1f332a1df08b","不一而足","2024-05-23","事实与证据;选择与自由;责任与后果;成本与总账;权力与异议;宗教与自然法","02;03;07;08;09;10;11;12;16;17;18"
"1572","00807a51-8582-5268-a9ef-6959d50f5ef0","绸缪忧天","2024-05-21","事实与证据;能力与学习;责任与后果;成本与总账;心理与主体;宗教与自然法","02;03;07;08;09;10;11;12;13;14;17;18"
"1573","82b4a79a-6678-528c-ac70-491fe1f4fed7","强权和公义","2024-05-21","能力与学习;成本与总账;爱与回应;劳动与组织;法律与秩序;权力与异议;文明与历史","03;04;05;06;07;08;10;11;12;13;14;15;16;18;31;32;33"
"1574","d2954173-f34f-50c3-8cc3-26b6ec619d9b","值得付费","2024-05-21","能力与学习;责任与后果;成本与总账;信用与信任;边界与许可;财富与市场","02;03;05;06;08;10;12;13;16;18"
"1575","34178a8d-5903-55e9-82f6-27db9893ce4f","量力不行","2024-05-21","能力与学习;责任与后果;成本与总账;信用与信任;权力与异议;生态与自然;人工智能与机器","02;03;06;07;08;10;12;13;18;25;28;29;32;33"
"1576","e1d23149-482c-547e-9fb2-2f8390dc619f","行业调研","2024-05-21","能力与学习;选择与自由;信用与信任;技术与工程;生态与自然;性别与身体","02;03;05;06;07;08;12;13;14;16;17;18;25;32;33"
"1577","a78d0b4c-f8f8-5dc4-a06b-e8e07666d268","全职猎人","2024-05-20","定义与达意;能力与学习;责任与后果;成本与总账;信用与信任;爱与回应;净输出与不掠夺;照料与家庭;法律与秩序;心理与主体;性别与身体","02;03;04;05;06;07;08;09;10;12;13;14;16;17;18"
"1578","d4c36dc4-888e-525b-865f-4a04294832ad","表黑","2024-05-19","定义与达意;能力与学习;信用与信任;爱与回应;照料与家庭","03;04;05;06;08;09;12;13;14;16;17;18"
"1579","e6cd2e77-18f3-5456-a86b-e962feee1d21","两小无猜","2024-05-19","事实与证据;信用与信任;爱与回应;劳动与组织;心理与主体","03;04;05;06;08;09;10;12;13;14;16;17;18"
"1580","ade23b29-3b53-5897-8a8a-25eb8d5a11d2","逃避鉴定","2024-05-18","事实与证据;定义与达意;责任与后果;成本与总账;劳动与组织;技术与工程;心理与主体","02;03;06;08;09;10;12;13;14;17;18;32;33"
"1581","666f6b9a-c4b6-5e84-a0d1-8ef8638a22e1","琐碎事尔","2024-05-18","能力与学习;责任与后果;成本与总账;爱与回应;劳动与组织","02;03;04;05;06;08;10;12;13;14;16;18"
"1582","8efa0022-a2d3-52aa-ab8c-1cd53e03a076","自尊者自信","2024-05-17","定义与达意;责任与后果;信用与信任;爱与回应;心理与主体","02;03;04;05;06;08;09;10;12;14;16;17;18"
"1583","985b8188-308b-569a-9b04-ed842c275d64","味精炒鸡精","2024-05-17","定义与达意;爱与回应;边界与许可;财富与市场","03;04;05;09;10;12;13;14;16;17;18"
"1584","70f6ba0a-f794-554e-a50b-9aaf4f1f0631","愚蠢之为物也","2024-05-16","事实与证据;定义与达意;心理与主体","08;09;14;17;18"
"1585","1d861a6f-fd62-5044-a10a-88d1fdb47c7b","先谈后定","2024-05-16","定义与达意;能力与学习;责任与后果;成本与总账;信用与信任;爱与回应;边界与许可;照料与家庭;权力与异议;心理与主体","02;03;04;05;06;07;08;09;10;12;13;14;16;17;18"
"1586","ced67905-1877-5d8d-9b1b-3fa319c1ce7f","镜中的小丑","2024-05-15","能力与学习;责任与后果;成本与总账;财富与市场","02;03;08;10;12;13;18"
"1587","221e3712-72bb-599f-9ae2-eab59ce8f6ed","后悔酱","2024-05-14","事实与证据;定义与达意;能力与学习;成本与总账;财富与市场;权力与异议;心理与主体","03;07;08;09;10;12;13;14;17;18"
"1588","139acda0-ec10-5337-b913-71dc37b83613","坐脸虫","2024-05-14","选择与自由;爱与回应;照料与家庭;技术与工程;性别与身体","02;04;05;07;13;14;16;17;18;32;33"
"1589","d149fd04-0006-5df7-b2dc-74cfc25e5707","从何而来","2024-05-13","事实与证据;成本与总账;信用与信任;权力与异议","03;06;07;08;09;10;12;17;18"
"1590","110d5551-cb81-51a2-bbed-a4e3dc71f7ea","挖机","2024-05-13","责任与后果;成本与总账;边界与许可;劳动与组织;财富与市场;法律与秩序;技术与工程","02;03;05;06;07;10;12;13;16;17;18;32;33"
"1591","ee729b84-c8c9-5a78-a6ec-0a96b7575dc6","wait and see","2024-05-13","选择与自由;成本与总账;边界与许可;财富与市场;权力与异议;文明与历史;生态与自然","02;03;05;07;10;11;12;13;15;16;18;25;31;32;33"
"1592","844ca336-901d-50a5-a296-6ccd675723cf","文盲速成","2024-05-12","事实与证据;能力与学习;技术与工程;文明与历史","08;09;11;13;15;17;18;31;32;33"
"1593","a942c908-a060-5ad6-956f-912ebad39efc","拒绝窥探","2024-05-09","事实与证据;定义与达意;选择与自由;爱与回应;边界与许可","02;04;05;07;08;09;12;14;16;17;18"
"1594","d6beba75-b6f0-5554-b065-71e553925df2","游骑","2024-05-09","定义与达意;选择与自由;成本与总账;信用与信任;财富与市场;民族与身份","02;03;06;07;09;10;12;13;16;17;18;27;31"
"1595","5d409e8f-8d40-5d28-b8d1-ea5085bca3cb","哭债","2024-05-09","责任与后果;爱与回应;照料与家庭;技术与工程;文明与历史;心理与主体","02;03;04;05;08;10;11;12;13;14;15;16;17;18;31;32;33"
"1596","4e7f117f-d6be-5278-b421-26c113d042b6","新闻节目","2024-05-09","选择与自由;生态与自然","02;07;13;16;18;25;32"
"1597","921c5b55-f2aa-54b3-a8d9-2c8d7e13368c","金坷垃","2024-05-08","定义与达意;能力与学习;选择与自由;责任与后果;爱与回应;技术与工程;心理与主体","02;03;04;05;07;08;09;10;12;13;14;16;17;18;32;33"
"1598","5d7f3b17-5f21-5218-b936-4623e949c029","不知天地","2024-05-06","事实与证据;能力与学习;心理与主体","08;09;13;14;17;18"
"1599","e96119d5-c6cd-591c-aeb3-3c9848156797","石头记","2024-05-06","成本与总账;劳动与组织;技术与工程;生态与自然;人工智能与机器","03;06;10;13;17;18;25;28;29;32;33"
"1600","d6df0c64-b28a-53fa-a2c0-59b34b8e0dda","无悲无喜乃止息","2024-05-06","定义与达意;选择与自由;责任与后果;爱与回应;劳动与组织;心理与主体","02;03;04;05;06;07;08;09;10;12;13;14;16;17;18"
"1601","582a5685-4a43-583b-8c09-6badde2313a6","十连抽","2024-05-06","事实与证据;能力与学习;选择与自由;责任与后果;成本与总账;心理与主体","02;03;07;08;09;10;12;13;14;16;17;18"
"1602","0db27234-3f9b-52e8-a594-f5e3de3e9d39","眼神灵动","2024-05-06","责任与后果;生态与自然","02;03;10;12;13;18;25;32"
"1603","9ec58fb7-a428-5aed-bfff-0e79514346d3","成全与被成全","2024-05-05","事实与证据;定义与达意;能力与学习;选择与自由;爱与回应;净输出与不掠夺;边界与许可;文明与历史;心理与主体;性别与身体","02;03;04;05;07;08;09;11;12;13;14;15;16;17;18;31;32;33"
"1604","f02ad404-30c0-564f-aea3-0cd19306da1c","食有正时","2024-05-05","能力与学习;选择与自由;技术与工程;文明与历史","02;07;08;11;13;15;16;17;18;31;32;33"
"1605","e289fb8f-4980-544a-bba2-307c4f00baac","夜叉","2024-05-04","事实与证据;选择与自由;责任与后果;成本与总账;爱与回应;法律与秩序;文明与历史;生态与自然","02;03;04;05;07;08;09;10;11;12;13;14;15;16;17;18;25;31;32;33"
"1606","177e6441-ef3e-5cb4-bec7-2a2ef6f2b000","两种脆弱","2024-05-04","能力与学习;选择与自由;责任与后果;成本与总账;心理与主体","02;03;07;08;10;12;13;14;16;17;18"
"1607","8fe9451a-912d-54a8-801f-93da0b4a0e23","危机之上","2024-05-03","能力与学习;选择与自由;责任与后果;爱与回应;劳动与组织;民族与身份;心理与主体","02;03;04;05;06;07;08;10;12;13;14;16;17;18;27;31"
"1608","fb9a0c38-ce26-5746-8b43-db8ec6a0a1bc","辞源","2024-05-03","事实与证据;定义与达意;能力与学习;责任与后果;成本与总账;照料与家庭;技术与工程;文明与历史","02;03;04;05;08;09;10;11;12;13;14;15;16;17;18;31;32;33"
"1609","127aa60d-0990-55a8-ad99-7cdd14b765af","独立原理","2024-05-03","能力与学习;选择与自由;责任与后果;成本与总账;财富与市场;权力与异议","02;03;07;08;10;12;13;16;18"
"1610","ed175d6c-5b2e-5b8b-a2ed-a5e5203e4f21","输出力初步","2024-05-03","事实与证据;能力与学习;选择与自由;信用与信任;照料与家庭;劳动与组织","02;03;04;05;06;07;08;09;10;12;13;14;16;17;18"
"1611","122bf46d-e06b-5fc6-bfc5-816b68308078","一年疫苗","2024-05-02","定义与达意;选择与自由;责任与后果;成本与总账;劳动与组织;文明与历史","02;03;06;07;09;10;11;12;13;15;16;17;18;31;32;33"
"1612","3c69de12-ae82-52ef-b0f5-e5051e524944","有本事不用","2024-05-02","事实与证据;选择与自由;责任与后果;财富与市场;法律与秩序","02;03;07;08;09;10;12;13;16;17;18"
"1613","4841e310-ed32-5d7b-a64b-9c0be5cd2b96","内向缺陷","2024-05-01","能力与学习;选择与自由;责任与后果;劳动与组织;心理与主体","02;03;06;07;08;10;12;13;14;16;17;18"
"1614","3a040250-0112-5cce-8cff-8692b2f9184b","第一稀缺","2024-05-01","事实与证据;能力与学习;选择与自由;责任与后果;成本与总账;边界与许可;财富与市场;权力与异议","02;03;05;07;08;09;10;12;13;16;17;18"
"1615","dafbd16a-9b9d-543b-9f6e-68e01e55daa0","喜怒不形于色","2024-04-29","定义与达意;能力与学习;选择与自由;责任与后果;爱与回应;净输出与不掠夺;边界与许可;照料与家庭;劳动与组织;法律与秩序;权力与异议;技术与工程;心理与主体","02;03;04;05;06;07;08;09;10;12;13;14;16;17;18;32;33"
"1616","1c750a3d-82b1-5b07-a5b9-081b1c781296","核动力学习","2024-04-29","能力与学习;选择与自由;成本与总账;技术与工程;心理与主体","02;03;07;08;10;13;14;16;17;18;32;33"
"1617","0314a647-95fe-554c-b8da-7ebb99179080","朝韩文化","2024-04-27","定义与达意;能力与学习;照料与家庭;法律与秩序;技术与工程;文明与历史;民族与身份","04;05;07;08;09;11;12;13;14;15;16;17;18;27;31;32;33"
"1618","1f2df416-d8f5-5ec2-b75a-0dbee48bec4d","自给的爱","2024-04-27","能力与学习;选择与自由;责任与后果;成本与总账;信用与信任;爱与回应;照料与家庭","02;03;04;05;06;07;08;10;12;13;14;16;18"
"1619","6ff9a877-2a69-5c0f-bb18-71a977b32455","不成人形","2024-04-27","定义与达意;选择与自由;责任与后果;成本与总账;财富与市场;法律与秩序;宗教与自然法","02;03;07;09;10;11;12;13;16;17;18"
"1620","61b71b90-4310-528f-82d4-aa837d4ef71d","zz理论","2024-04-26","事实与证据;能力与学习;责任与后果;信用与信任;爱与回应;劳动与组织;法律与秩序;权力与异议;技术与工程;文明与历史","02;03;04;05;06;07;08;09;10;11;12;13;14;15;16;17;18;31;32;33"
"1621","79a0e5c3-d268-5292-ac4d-30338beb983a","有言在先","2024-04-26","事实与证据;定义与达意;责任与后果;信用与信任;边界与许可;劳动与组织;财富与市场;法律与秩序","02;03;05;06;07;08;09;10;12;13;16;17;18"
"1622","b8fb7ab5-b9da-5ac7-a791-88429eff93de","乱发脾气","2024-04-26","定义与达意;能力与学习;责任与后果;信用与信任","02;03;06;08;09;10;12;13;17;18"
"1623","b223322d-9a73-5ee6-8bc2-327f664b08dd","最先的关系","2024-04-25","事实与证据;能力与学习;选择与自由;心理与主体","02;07;08;09;13;14;16;17;18"
"1624","efc59617-3016-5780-86fc-31d4106a06c0","倦怠","2024-04-25","能力与学习;责任与后果;成本与总账;爱与回应;劳动与组织;技术与工程","02;03;04;05;06;08;10;12;13;14;16;17;18;32;33"
"1625","b6c8ab98-21b5-5a55-993a-a75ddac6f60d","自由的印花税","2024-04-24","能力与学习;选择与自由;责任与后果;成本与总账;信用与信任;边界与许可;照料与家庭;心理与主体","02;03;04;05;06;07;08;10;12;13;14;16;17;18"
"1626","fb781ffd-8397-54d2-abbd-ad001665350b","不依赖","2024-04-22","能力与学习;选择与自由;责任与后果;成本与总账;劳动与组织;财富与市场;法律与秩序;技术与工程","02;03;06;07;08;10;12;13;16;17;18;32;33"
"1627","17b86473-06c5-5196-aa31-733119b32089","学以致用","2024-04-21","事实与证据;能力与学习;选择与自由;责任与后果;成本与总账;边界与许可;劳动与组织;技术与工程","02;03;05;06;07;08;09;10;12;13;16;17;18;32;33"
"1628","1e7410ed-09a2-5a04-a2e1-484b7b8c6085","镇妖塔","2024-04-21","事实与证据;定义与达意;能力与学习;选择与自由;责任与后果;爱与回应;法律与秩序;文明与历史;民族与身份","02;03;04;05;07;08;09;10;11;12;13;14;15;16;17;18;27;31;32;33"
"1629","a68f5223-6a3b-5607-b713-93a3b3e276d5","凸 蚓 凸","2024-04-21","选择与自由;生态与自然","02;07;13;16;18;25;32"
"1630","e641f3af-54e0-57f7-894c-f44ac75f49f1","童真","2024-04-20","定义与达意;能力与学习;责任与后果;成本与总账;信用与信任;心理与主体","02;03;06;08;09;10;12;13;14;17;18"
"1631","6e51af4e-e61d-5807-bed6-a13f46b578d3","忏与悔","2024-04-20","责任与后果;技术与工程;心理与主体","02;03;08;10;12;13;14;17;18;32;33"
"1632","3935cab8-35cf-558a-9ff6-c90f25a4be31","拈花","2024-04-20","能力与学习;选择与自由;成本与总账;爱与回应;劳动与组织;技术与工程;性别与身体;宗教与自然法","02;03;04;05;06;07;08;10;11;13;14;16;17;18;32;33"
"1633","f5818ca5-35ad-5b8e-9c65-02d209a7331e","汇率狂砭","2024-04-19","能力与学习;责任与后果;成本与总账;财富与市场;法律与秩序;权力与异议","02;03;07;08;10;12;13;18"
"1634","7711e750-a5a1-5121-8416-2ebe8e2b8cb0","AAL IZZ WELL","2024-04-18","事实与证据;定义与达意;选择与自由;心理与主体","02;07;08;09;14;16;17;18"
"1635","4031fd56-3ca9-5eb4-b688-1359649c349a","遇袒则忧","2024-04-18","事实与证据;责任与后果;成本与总账;爱与回应;法律与秩序;权力与异议","02;03;04;05;07;08;09;10;12;14;16;17;18"
"1636","8354802b-0a97-593b-b770-92c95305019b","天意不可违","2024-04-17","定义与达意;选择与自由;责任与后果;成本与总账;边界与许可;劳动与组织;文明与历史;心理与主体;宗教与自然法","02;03;05;06;07;08;09;10;11;12;13;14;15;16;17;18;31;32;33"
"1637","cf4a0dea-8fa1-5d7f-a323-ccdb7a43f1d4","鲜","2024-04-17","选择与自由;成本与总账;信用与信任;财富与市场","02;03;06;07;10;12;13;16;18"
"1638","fd1785b0-7254-5793-94da-1a4d26274547","水母阴姬","2024-04-16","能力与学习;选择与自由;成本与总账;边界与许可;权力与异议","02;03;05;07;08;10;12;13;16;18"
"1639","54af5c2a-7be2-502e-b290-f3ba462d5b0e","贪官","2024-04-16","事实与证据;能力与学习;责任与后果;成本与总账;爱与回应;边界与许可;劳动与组织;法律与秩序;技术与工程;文明与历史","02;03;04;05;06;07;08;09;10;11;12;13;14;15;16;17;18;31;32;33"
"1640","06d255c1-dfa7-5039-a7b4-041900dbf7d3","部队火锅","2024-04-15","事实与证据;定义与达意;责任与后果;成本与总账;信用与信任;法律与秩序;民族与身份","02;03;06;07;08;09;10;12;17;18;27;31"
"1641","954ffe5b-7ff4-5c4b-a542-79889582dc26","凶宅","2024-04-15","选择与自由;责任与后果;成本与总账","02;03;07;10;12;16;18"
"1642","eb54037b-b83a-5120-ba84-51586284bcf7","罡","2024-04-15","定义与达意;能力与学习;责任与后果;成本与总账;边界与许可;法律与秩序","02;03;05;07;08;09;10;12;13;16;17;18"
"1643","70258919-862e-5831-a05e-3d3a025be9ef","实而虚之","2024-04-14","事实与证据;能力与学习;责任与后果;成本与总账;边界与许可;法律与秩序;技术与工程","02;03;05;07;08;09;10;12;13;16;17;18;32;33"
"1644","e6338b45-aee6-5622-8810-d5706e6ff183","居高临下","2024-04-13","事实与证据;选择与自由;边界与许可;法律与秩序;文明与历史;心理与主体","02;05;07;08;09;11;12;13;14;15;16;17;18;31;32;33"
"1645","32c5ee4f-9547-5de0-9dc9-67b2dbb04d51","谁不像","2024-04-13","能力与学习;文明与历史;心理与主体","08;11;13;14;15;17;18;31;32;33"
"1646","6f22abda-4fd0-53d5-b8a5-96b2df447735","泉","2024-04-13","事实与证据;定义与达意;成本与总账;财富与市场;文明与历史;宗教与自然法","03;07;08;09;10;11;13;15;17;18;31;32;33"
"1647","7d34f5fc-aed4-5777-90f9-460e80fa8ed6","南极北斗","2024-04-13","定义与达意;能力与学习;责任与后果;信用与信任;财富与市场;法律与秩序;权力与异议;文明与历史","02;03;06;07;08;09;10;11;12;13;15;17;18;31;32;33"
"1648","d7aa6909-d97f-5fe9-a971-fffd8bce70fc","失能","2024-04-12","能力与学习;成本与总账;财富与市场;法律与秩序;技术与工程","03;07;08;10;12;13;17;18;32;33"
"1649","bd43b789-d25a-5632-b975-9828fbb18b9b","坦克停车场","2024-04-11","选择与自由;法律与秩序;文明与历史","02;07;11;12;13;15;16;18;31;32;33"
"1650","470eb4f1-f9cf-5860-9b3a-93134cafe576","婚内财产","2024-04-11","选择与自由;责任与后果;成本与总账;信用与信任;爱与回应;边界与许可;照料与家庭;法律与秩序","02;03;04;05;06;07;10;12;14;16;18"
"1651","daba5824-8395-593c-a904-7b9d1c86c577","树立什么权威","2024-04-11","事实与证据;选择与自由;责任与后果;成本与总账;信用与信任;劳动与组织;法律与秩序;权力与异议;技术与工程","02;03;06;07;08;09;10;12;13;16;17;18;32;33"
"1652","5ce4cee8-a182-536a-a9e1-e301f8d9eb07","两只小小鸟","2024-04-07","选择与自由;责任与后果;边界与许可;法律与秩序","02;03;05;07;10;12;16;18"
"1653","a0be1fb2-1a13-5a96-9485-3c9c962bdad9","出淤泥","2024-04-07","能力与学习;选择与自由;责任与后果;权力与异议;心理与主体","02;03;07;08;10;12;13;14;16;17;18"
"1654","ea539261-bd1d-5bc1-8dbe-e7eb5b258493","羁绊源","2024-04-05","定义与达意;选择与自由;信用与信任;爱与回应;照料与家庭;劳动与组织;宗教与自然法","02;03;04;05;06;07;09;10;11;12;13;14;16;17;18"
"1655","dded6340-0683-586d-9ecc-01ba7080237f","叶不知秋","2024-04-05","事实与证据;定义与达意;能力与学习;选择与自由;责任与后果;成本与总账;信用与信任;照料与家庭;性别与身体","02;03;04;05;06;07;08;09;10;12;13;14;16;17;18"
"1656","92970f66-cf02-5019-83be-d35e6c267dec","投鞭断流","2024-04-04","事实与证据;能力与学习;选择与自由;责任与后果;成本与总账;劳动与组织;权力与异议","02;03;06;07;08;09;10;12;13;16;17;18"
"1657","24ec30df-de1d-52ad-9c05-4db1e303787f","决疑","2024-04-03","责任与后果;成本与总账;信用与信任;法律与秩序;生态与自然;心理与主体","02;03;06;07;08;10;12;13;14;17;18;25;32"
"1658","f25829ec-b7fe-55be-bef2-5c53dd2aaee3","消费反腐","2024-04-02","事实与证据;定义与达意;能力与学习;责任与后果;成本与总账;信用与信任;劳动与组织;财富与市场;法律与秩序;性别与身体","02;03;05;06;07;08;09;10;12;13;14;16;17;18"
"1659","de77aa48-e729-5c00-8cde-886f3264da47","半躺的无名氏","2024-04-02","定义与达意;责任与后果;爱与回应;边界与许可;劳动与组织;心理与主体;性别与身体","02;03;04;05;06;08;09;10;12;13;14;16;17;18"
"1660","77ab9071-0359-563d-bece-b7be80717cc1","朋友之交","2024-04-01","能力与学习;责任与后果;成本与总账;信用与信任;边界与许可;劳动与组织;财富与市场;权力与异议;技术与工程;文明与历史","02;03;05;06;07;08;10;11;12;13;15;16;17;18;31;32;33"
"1661","0c7e2a65-6b39-5a35-922b-997cb4d75b5d","美女如云","2024-04-01","事实与证据;责任与后果;边界与许可;权力与异议","02;03;05;07;08;09;10;12;16;17;18"
"1662","7bdba839-fafe-52e4-b466-24d9f04e9dd1","低头看路","2024-03-31","能力与学习;选择与自由;责任与后果;成本与总账;劳动与组织;财富与市场;技术与工程;文明与历史;心理与主体","02;03;06;07;08;10;11;12;13;14;15;16;17;18;31;32;33"
"1663","a7ecd7e2-547e-521b-a4f7-a000609b717e","负责的收益","2024-03-31","选择与自由;责任与后果;成本与总账;照料与家庭;劳动与组织;财富与市场","02;03;04;05;06;07;10;12;13;14;16;18"
"1664","f06a64e5-ab93-5ef7-ab11-3a8152ac518a","人生合伙人","2024-03-31","定义与达意;成本与总账;爱与回应;照料与家庭;心理与主体","03;04;05;08;09;10;14;16;17;18"
"1665","f3150d93-5f78-52c3-824f-c60e6cd15db9","仁不仁","2024-03-31","定义与达意;选择与自由;成本与总账;边界与许可;宗教与自然法","02;03;05;07;09;10;11;12;16;17;18"
"1666","17fd6e1c-0cf5-5f4d-bc3c-58dfa4fdd081","电合成氨","2024-03-30","成本与总账;法律与秩序;技术与工程;生态与自然","03;07;10;12;13;17;18;25;32;33"
"1667","be3dedc0-5161-5bd2-b4e0-28cf1ed72b1e","白目人","2024-03-30","事实与证据;定义与达意;能力与学习;选择与自由;责任与后果","02;03;07;08;09;10;12;13;16;17;18"
"1668","7fce0d5e-f069-5cbc-a487-f9a33bd5cafe","黑得发亮","2024-03-29","责任与后果;成本与总账;劳动与组织;权力与异议","02;03;06;07;10;12;13;18"
"1669","d07965f5-b60f-5a09-b91d-c9894cdd7de9","小摊牌","2024-03-29","事实与证据;定义与达意;选择与自由;责任与后果;信用与信任;照料与家庭;法律与秩序","02;03;04;05;06;07;08;09;10;12;14;16;17;18"
"1670","8aab801e-6e15-5492-873b-31e5a55825b0","出院","2024-03-28","选择与自由;责任与后果;成本与总账;劳动与组织;法律与秩序","02;03;06;07;10;12;13;16;18"
"1671","4d723331-ed23-5bc7-bbed-b2d43deab7aa","腾蛇","2024-03-28","能力与学习;边界与许可;技术与工程;文明与历史;生态与自然;人工智能与机器;性别与身体;宗教与自然法","05;07;08;11;12;13;14;15;16;17;18;25;28;29;31;32;33"
"1672","a4592165-2993-599f-802b-b5f612cdea07","笨功夫","2024-03-28","能力与学习;成本与总账;劳动与组织;文明与历史;民族与身份","03;06;08;10;11;12;13;15;18;27;31;32;33"
"1673","94ca1d90-a167-56fd-9970-14bd3d992491","如露亦如电","2024-03-27","成本与总账;信用与信任;财富与市场;技术与工程;文明与历史;人工智能与机器;宗教与自然法","03;06;07;10;11;12;13;15;17;18;28;29;31;32;33"
"1674","f67c9dc5-6439-540a-8d4b-d84eccbd119a","成性论","2024-03-26","事实与证据;能力与学习;选择与自由;成本与总账;信用与信任;劳动与组织;法律与秩序;民族与身份;心理与主体;性别与身体","02;03;05;06;07;08;09;10;12;13;14;16;17;18;27;31"
"1675","2b67383c-b897-52db-8cc5-58c8677770fb","好事多磨","2024-03-25","能力与学习;责任与后果;成本与总账;法律与秩序;技术与工程;文明与历史;心理与主体","02;03;07;08;10;11;12;13;14;15;17;18;31;32;33"
"1676","d11c7fdc-48f3-5ab5-a0d1-ba02f8733265","纯电保姆车","2024-03-25","定义与达意;责任与后果;信用与信任;边界与许可;财富与市场;技术与工程","02;03;05;06;09;10;12;13;16;17;18;32;33"
"1677","1f22e7e3-a1c6-569b-bfc3-2e0e69b59b7f","喝可乐的冲锋队","2024-03-25","事实与证据;定义与达意;责任与后果;成本与总账;法律与秩序;权力与异议;文明与历史","02;03;07;08;09;10;11;12;13;15;17;18;31;32;33"
"1678","205d878e-edff-599c-a32e-39f17b246c52","意见权","2024-03-25","定义与达意;选择与自由;责任与后果;成本与总账;信用与信任;爱与回应;边界与许可;权力与异议","02;03;04;05;06;07;09;10;12;14;16;17;18"
"1679","8d07c5c0-2bb4-5c5b-9a24-80acfe649537","东食西宿","2024-03-24","能力与学习;选择与自由;责任与后果;成本与总账;信用与信任;劳动与组织","02;03;06;07;08;10;12;13;16;18"
"1680","f51af34c-f886-5615-802f-e755fb3e0716","有希望","2024-03-24","能力与学习;选择与自由;责任与后果;法律与秩序;权力与异议;技术与工程;文明与历史;心理与主体","02;03;07;08;10;11;12;13;14;15;16;17;18;31;32;33"
"1681","03bd80d4-ec7c-5f58-ab43-8a884283dd2d","没用的眼泪","2024-03-23","能力与学习;选择与自由;信用与信任;爱与回应;照料与家庭;劳动与组织;心理与主体","02;03;04;05;06;07;08;10;12;13;14;16;17;18"
"1682","02485817-7730-5b5d-94d6-b434b6f5e681","金钱爆","2024-03-22","定义与达意;能力与学习;选择与自由;责任与后果;成本与总账;信用与信任;边界与许可;照料与家庭;劳动与组织;法律与秩序;心理与主体","02;03;04;05;06;07;08;09;10;12;13;14;16;17;18"
"1683","40ebfaaf-9fac-5f2a-8fa0-ea161ea34d8d","行业纵览","2024-03-21","能力与学习;成本与总账;照料与家庭;法律与秩序;技术与工程","03;04;05;07;08;10;12;13;14;16;17;18;32;33"
"1684","829ecdfc-075f-58de-9f00-1ff2ff4bb599","富国plus","2024-03-21","事实与证据;成本与总账;照料与家庭;财富与市场;法律与秩序","03;04;05;07;08;09;10;12;13;14;16;17;18"
"1685","805b8335-6e05-5809-84cf-cd3da931733d","最佳徒手圆","2024-03-20","权力与异议","03;07;12;18"
"1686","51415d99-86d0-5431-864e-4afffb3195b5","祖坟青烟","2024-03-19","能力与学习;责任与后果;财富与市场;法律与秩序;技术与工程;文明与历史","02;03;07;08;10;11;12;13;15;17;18;31;32;33"
"1687","c1380a6f-707f-504f-a104-d2ee12400caf","典守者难辞其咎","2024-03-19","事实与证据;能力与学习;责任与后果;成本与总账;边界与许可;照料与家庭;劳动与组织","02;03;04;05;06;08;09;10;12;13;14;16;17;18"
"1688","8be80072-b42a-569b-9b77-f4ca432b3fea","面子","2024-03-19","定义与达意;能力与学习;成本与总账;信用与信任;劳动与组织;财富与市场","03;06;08;09;10;12;13;17;18"
"1689","bb7dfad0-b9d5-504d-a616-18092d1b314f","第一口奶","2024-03-18","事实与证据;能力与学习;选择与自由;责任与后果;爱与回应;边界与许可;照料与家庭;权力与异议;技术与工程;心理与主体;宗教与自然法","02;03;04;05;07;08;09;10;11;12;13;14;16;17;18;32;33"
"1690","024e5ea2-11c0-5644-9017-35f7f9db6f5d","孤独的孔明","2024-03-18","事实与证据;定义与达意;能力与学习;选择与自由;责任与后果;成本与总账;信用与信任;财富与市场;权力与异议;技术与工程;文明与历史;心理与主体","02;03;06;07;08;09;10;11;12;13;14;15;16;17;18;31;32;33"
"1691","74b74cce-2b85-5b17-b517-646aa85c2f4b","上流社会","2024-03-17","定义与达意;能力与学习;责任与后果;成本与总账;信用与信任;财富与市场;权力与异议","02;03;06;07;08;09;10;12;13;17;18"
"1692","e2216b54-3c18-5bc7-8220-68882dd2563f","跛刘禅","2024-03-17","定义与达意;能力与学习;选择与自由;责任与后果;成本与总账;信用与信任;心理与主体","02;03;06;07;08;09;10;12;13;14;16;17;18"
"1693","d43c2178-9c63-563f-a9e6-5fcf36127846","自责陷阱","2024-03-16","能力与学习;选择与自由;责任与后果;信用与信任;边界与许可;法律与秩序;权力与异议;技术与工程;心理与主体","02;03;05;06;07;08;10;12;13;14;16;17;18;32;33"
"1694","9d77ad2b-f2d5-5238-9083-922656679ee4","瑜不掩瑕","2024-03-15","事实与证据;成本与总账;爱与回应;财富与市场;权力与异议;文明与历史","03;04;05;07;08;09;10;11;12;13;14;15;16;17;18;31;32;33"
"1695","a82c92a8-db78-505e-b7c6-e447d41d5c5c","滴滴","2024-03-15","能力与学习;责任与后果;成本与总账;信用与信任;劳动与组织;权力与异议;技术与工程","02;03;06;07;08;10;12;13;17;18;32;33"
"1696","e75d65d2-55a7-5d8f-be9b-080982d4262c","MUST BE MY WAY","2024-03-14","能力与学习;选择与自由;责任与后果;成本与总账;财富与市场;宗教与自然法","02;03;07;08;10;11;12;13;16;18"
"1697","3dcb6e5c-21b0-5609-b02a-4acb373cadd6","通向和好的路","2024-03-14","选择与自由;责任与后果;成本与总账;信用与信任;心理与主体","02;03;06;07;08;10;12;14;16;17;18"
"1698","2c93d1b8-094a-549e-bca2-600b2f279ee1","FAIR AND SQUARE","2024-03-14","能力与学习;选择与自由;成本与总账;权力与异议;文明与历史","02;03;07;08;10;11;12;13;15;16;18;31;32;33"
"1699","3da8564b-b62a-5e2c-bd9b-f0d0067f06ea","没有错","2024-03-14","定义与达意;能力与学习;成本与总账;边界与许可","03;05;08;09;10;12;13;16;17;18"
"1700","1013ab5e-044e-5e2f-93c0-74fa73f181ac","未战先胜","2024-03-14","选择与自由;技术与工程","02;07;13;16;17;18;32;33"
"1701","5af12600-8940-5fe3-8831-96c4c4ae285d","你来我来","2024-03-13","选择与自由;责任与后果;成本与总账;信用与信任;财富与市场;权力与异议;技术与工程","02;03;06;07;10;12;13;16;17;18;32;33"
"1702","256b1fa2-77a1-56e0-adf5-a67fb7ed1c0b","无保密自觉","2024-03-13","能力与学习;选择与自由;责任与后果;信用与信任;爱与回应;边界与许可;劳动与组织","02;03;04;05;06;07;08;10;12;13;14;16;18"
"1703","da02a7b3-c03a-5d18-81ee-7c7fd64649e4","Gaze","2024-03-12","事实与证据;定义与达意;选择与自由;成本与总账;信用与信任;性别与身体","02;03;05;06;07;08;09;10;12;14;16;17;18"
"1704","73515d41-a785-592f-b38b-526c5064bae1","红顶商人","2024-03-12","选择与自由;成本与总账;爱与回应;照料与家庭;劳动与组织;财富与市场;文明与历史;生态与自然","02;03;04;05;06;07;10;11;13;14;15;16;18;25;31;32;33"
"1705","61e39a9c-c1cc-577d-9bac-992886a60865","本分","2024-03-12","定义与达意;能力与学习;责任与后果;成本与总账;信用与信任;财富与市场;文明与历史;心理与主体;宗教与自然法","02;03;06;07;08;09;10;11;12;13;14;15;17;18;31;32;33"
"1706","1001503b-46f1-5fa7-b39d-287155f277ed","战略定力","2024-03-11","定义与达意;能力与学习;选择与自由;成本与总账;心理与主体;性别与身体","02;03;05;07;08;09;10;13;14;16;17;18"
"1707","1fe58a1b-fb9b-59f4-a4b0-1d27bdefcd57","狠狠的读","2024-03-11","定义与达意;能力与学习;劳动与组织;法律与秩序;技术与工程;心理与主体","06;07;08;09;10;12;13;14;17;18;32;33"
"1708","711147e3-5382-596d-ae5c-30ea52c7cbcf","北方狼族","2024-03-11","能力与学习;责任与后果;成本与总账;财富与市场;文明与历史;心理与主体;宗教与自然法","02;03;07;08;10;11;12;13;14;15;17;18;31;32;33"
"1709","466816a7-1c50-56e2-978c-290071bd9f62","999007","2024-03-11","能力与学习;选择与自由;财富与市场;文明与历史","02;03;07;08;10;11;13;15;16;18;31;32;33"
"1710","97cb0b46-e46b-511e-a545-b03b9db56f1c","父慈子孝","2024-03-10","定义与达意;能力与学习;责任与后果;成本与总账;信用与信任;边界与许可;照料与家庭;文明与历史","02;03;04;05;06;08;09;10;11;12;13;14;15;16;17;18;31;32;33"
"1711","01faf33a-9ab0-5503-9426-13eb2cfa8922","克制真爱","2024-03-10","定义与达意;选择与自由;责任与后果;成本与总账;信用与信任;爱与回应;边界与许可;照料与家庭;心理与主体","02;03;04;05;06;07;08;09;10;12;14;16;17;18"
"1712","a04364e5-6744-551b-ae50-9db7074b7442","威慑教育","2024-03-09","定义与达意;能力与学习;责任与后果;成本与总账;信用与信任;边界与许可;照料与家庭;技术与工程;心理与主体","02;03;04;05;06;08;09;10;12;13;14;16;17;18;32;33"
"1713","f7061924-2e18-57c1-ab15-dfec537bad8c","不动心","2024-03-09","事实与证据;能力与学习;责任与后果;成本与总账;边界与许可;性别与身体","02;03;05;08;09;10;12;13;14;16;17;18"
"1714","48ca9ace-03e3-5e03-b484-c6eab089f7ce","看不见的喷火龙","2024-03-09","定义与达意;能力与学习;选择与自由;责任与后果;成本与总账;信用与信任;爱与回应;心理与主体;性别与身体","02;03;04;05;06;07;08;09;10;12;13;14;16;17;18"
"1715","e0fdf0ee-1f67-5860-8fcd-ebec276b7a93","God Father","2024-03-09","定义与达意;能力与学习;选择与自由;责任与后果;爱与回应","02;03;04;05;07;08;09;10;12;13;14;16;17;18"
"1716","f47560b1-f973-587c-8e58-c6bb2cf6b682","多事","2024-03-09","定义与达意;选择与自由;成本与总账;文明与历史","02;03;07;09;10;11;13;15;16;17;18;31;32;33"
"1717","c0c44504-0a7a-580a-8904-49f2fc9eec3a","消费陷阱","2024-03-08","事实与证据;选择与自由;责任与后果;财富与市场;法律与秩序","02;03;07;08;09;10;12;13;16;17;18"
"1718","3efc94c7-8626-5648-8ef5-285fb7357c3a","好作业","2024-03-08","事实与证据;能力与学习;责任与后果;照料与家庭;法律与秩序;心理与主体","02;03;04;05;07;08;09;10;12;13;14;16;17;18"
"1719","ca8556a3-0f53-5144-b4ff-ebda585749ae","藏品","2024-03-08","责任与后果;成本与总账;信用与信任;财富与市场;法律与秩序;权力与异议;文明与历史","02;03;06;07;10;11;12;13;15;18;31;32;33"
"1720","0ccca944-15c2-5f92-8772-90c57f40fb86","大数定理","2024-03-07","能力与学习;法律与秩序;技术与工程","07;08;12;13;17;18;32;33"
"1721","4505bf36-2dee-54d4-8f5a-293d56a8864e","王霸相继","2024-03-07","能力与学习;责任与后果;成本与总账;照料与家庭;劳动与组织;财富与市场;文明与历史;心理与主体;宗教与自然法","02;03;04;05;06;07;08;10;11;12;13;14;15;16;17;18;31;32;33"
"1722","7a7ae8f2-915f-5cef-af29-f13bbf4a2a7f","铁腕","2024-03-07","事实与证据;选择与自由;责任与后果;爱与回应;净输出与不掠夺;边界与许可;照料与家庭;法律与秩序;权力与异议;心理与主体;宗教与自然法","02;03;04;05;07;08;09;10;11;12;14;16;17;18"
"1723","d7ae93d8-0b66-50fb-9358-e30edfcf31b1","过三关","2024-03-07","定义与达意;选择与自由;责任与后果;成本与总账;净输出与不掠夺;边界与许可;劳动与组织","02;03;05;06;07;09;10;12;13;16;17;18"
"1724","30ce77e5-07ab-53fe-97d8-304a3bcab76a","投降问题","2024-03-05","事实与证据;能力与学习;选择与自由;责任与后果;成本与总账;信用与信任;劳动与组织;法律与秩序;文明与历史","02;03;06;07;08;09;10;11;12;13;15;16;17;18;31;32;33"
"1725","bfff928f-a280-5f51-bf40-60c5dfc26cc3","龙的传人","2024-03-05","能力与学习;成本与总账;生态与自然","03;08;10;13;18;25;32"
"1726","1c58ac25-0779-587c-b072-541229067e90","汉语天下","2024-03-05","定义与达意;能力与学习;选择与自由;劳动与组织;财富与市场;法律与秩序;文明与历史","02;03;06;07;08;09;10;11;12;13;15;16;17;18;31;32;33"
"1727","84ddbd0d-bd90-598a-97b2-5f07a00a8b43","富天使","2024-03-05","能力与学习;选择与自由;责任与后果;成本与总账","02;03;07;08;10;12;13;16;18"
"1728","ade09427-54c5-5338-9116-a655d2b041dd","政治端粒","2024-03-04","能力与学习;选择与自由;责任与后果;成本与总账;信用与信任;劳动与组织;权力与异议","02;03;06;07;08;10;12;13;16;18"
"1729","c2c4937a-4e28-575c-9f16-85ee7c5193a2","除三害","2024-03-04","定义与达意;选择与自由;责任与后果;成本与总账;爱与回应;劳动与组织;财富与市场;文明与历史;宗教与自然法","02;03;04;05;06;07;09;10;11;12;13;14;15;16;17;18;31;32;33"
"1730","0e16eafb-fadb-5e76-8fa2-812655ef5318","女士优先","2024-03-03","选择与自由;责任与后果;成本与总账;信用与信任;文明与历史;性别与身体;宗教与自然法","02;03;05;06;07;10;11;12;13;14;15;16;18;31;32;33"
"1731","d0797a73-21e9-505d-bce8-4d4c47eda5b2","暖气片","2024-03-03","定义与达意;能力与学习;选择与自由;责任与后果;成本与总账;爱与回应;边界与许可;权力与异议;心理与主体;宗教与自然法","02;03;04;05;07;08;09;10;11;12;13;14;16;17;18"
"1732","6da6bef4-5c7b-565a-a12d-1c24c83ace99","地球梦","2024-03-02","选择与自由;责任与后果;成本与总账;财富与市场;法律与秩序;技术与工程","02;03;07;10;12;13;16;17;18;32;33"
"1733","58dc7401-8a21-5877-9b9e-61b53a9b56c0","未出恶声","2024-03-02","定义与达意;选择与自由;责任与后果;爱与回应;边界与许可;法律与秩序","02;03;04;05;07;09;10;12;14;16;17;18"
"1734","020d2c13-a6dc-5fbb-85cf-2dc6b4056cdc","招蝉","2024-03-02","事实与证据;定义与达意;责任与后果;成本与总账;信用与信任;技术与工程","02;03;06;08;09;10;12;13;17;18;32;33"
"1735","8f02f745-f4a5-56b0-aa45-e898a5e60422","好光棍","2024-03-02","能力与学习;选择与自由;责任与后果;成本与总账;照料与家庭","02;03;04;05;07;08;10;12;13;14;16;18"
"1736","2ef94453-6db1-522e-94e9-f1f7718422c3","未曾开始","2024-03-01","定义与达意;选择与自由;责任与后果;信用与信任;爱与回应;边界与许可;民族与身份","02;03;04;05;06;07;09;10;12;14;16;17;18;27;31"
"1737","90495102-e293-551c-9e14-0f4685724542","地狱骑士","2024-02-29","能力与学习;责任与后果;成本与总账;权力与异议;性别与身体","02;03;05;07;08;10;12;13;14;16;18"
"1738","3d075945-ab46-5460-9039-c9eddd1d96fe","Island Hopper","2024-02-29","事实与证据;能力与学习;成本与总账;财富与市场;法律与秩序;技术与工程","03;07;08;09;10;12;13;17;18;32;33"
"1739","a300a8e7-141d-55f2-8c9e-213292de4737","参天","2024-02-28","能力与学习;责任与后果;爱与回应;边界与许可;照料与家庭;劳动与组织;技术与工程;文明与历史","02;03;04;05;06;08;10;11;12;13;14;15;16;17;18;31;32;33"
"1740","b24ed7c7-35f4-5739-8f9b-fb771399d7c0","惩戒的资格","2024-02-28","事实与证据;能力与学习;责任与后果;成本与总账;信用与信任;照料与家庭","02;03;04;05;06;08;09;10;12;13;14;16;17;18"
"1741","970dae9c-f508-5a13-86c7-65c6e0c2e731","一体两面","2024-02-28","责任与后果;成本与总账;信用与信任;劳动与组织;法律与秩序","02;03;06;07;10;12;13;18"
"1742","cafee8a3-1c3d-531e-9cae-7893737897b9","房东太太","2024-02-28","责任与后果;成本与总账;边界与许可;照料与家庭;劳动与组织;性别与身体","02;03;04;05;06;10;12;13;14;16;18"
"1743","08ea947b-1005-5736-92dd-0ea2378297b7","如祭","2024-02-28","责任与后果;成本与总账;劳动与组织","02;03;06;10;12;13;18"
"1744","e02124e6-c145-51cd-a403-d4b0e8f6ca87","国际主义","2024-02-27","定义与达意;选择与自由;责任与后果;爱与回应;法律与秩序;文明与历史;民族与身份;宗教与自然法","02;03;04;05;07;09;10;11;12;13;14;15;16;17;18;27;31;32;33"
"1745","370e1525-15d3-57f9-83bf-4082416c7935","Aaron","2024-02-27","照料与家庭;文明与历史;宗教与自然法","04;05;07;11;13;14;15;16;31;32;33"
"1746","7cb33585-4b1e-5de8-939d-44293eb842fc","七折假钞","2024-02-27","责任与后果;成本与总账;净输出与不掠夺;财富与市场","02;03;05;10;12;13;16;18"
"1747","78bf7e72-dda4-5a10-94d1-31146357af0f","附庸风雅","2024-02-26","定义与达意;选择与自由;责任与后果;爱与回应;文明与历史","02;03;04;05;07;09;10;11;12;13;14;15;16;17;18;31;32;33"
"1748","f3077c85-c7d2-5a9b-bfc8-3d2a6fd461ff","言外之意","2024-02-26","定义与达意;能力与学习;责任与后果;边界与许可;法律与秩序;民族与身份","02;03;05;07;08;09;10;12;13;16;17;18;27;31"
"1749","1c50814e-7850-5f78-8a67-cdb70d3daddc","时间轴平移","2024-02-26","事实与证据;责任与后果;技术与工程;心理与主体","02;03;08;09;10;12;13;14;17;18;32;33"
"1750","6491fc69-88fb-53f0-a54c-a8540f532e1c","县里人","2024-02-24","能力与学习;成本与总账;劳动与组织;财富与市场;技术与工程","03;06;08;10;13;17;18;32;33"
"1751","9d92960e-d71d-5f93-a80b-40c01e02af5d","n年一遇","2024-02-24","定义与达意;能力与学习;成本与总账;信用与信任;边界与许可;心理与主体;性别与身体","03;05;06;08;09;10;12;13;14;16;17;18"
"1752","842bb41f-f2bd-5ee7-8940-5fcc0250601a","出门右转","2024-02-23","选择与自由;责任与后果;信用与信任;爱与回应","02;03;04;05;06;07;10;12;14;16;18"
"1753","f665267b-2668-51bb-8618-9ccbd6ff304b","合理的艺术","2024-02-23","能力与学习;劳动与组织;文明与历史","06;08;10;11;13;15;18;31;32;33"
"1754","47ac7631-ff0f-5896-a14e-f4c7de5f118e","象牙手镯","2024-02-23","事实与证据;成本与总账;财富与市场","03;08;09;10;13;17;18"
"1755","d52a8ba1-a3c7-5b41-8545-2b9bbb9097f5","显而不贵","2024-02-23","事实与证据;能力与学习;信用与信任;爱与回应;照料与家庭;财富与市场;法律与秩序;技术与工程;文明与历史","03;04;05;06;07;08;09;10;11;12;13;14;15;16;17;18;31;32;33"
"1756","218c667a-937f-51c3-9a58-f258c50ba32b","纯不勇","2024-02-23","定义与达意;能力与学习;选择与自由;责任与后果;成本与总账;边界与许可;性别与身体","02;03;05;07;08;09;10;12;13;14;16;17;18"
"1757","14f70c63-e594-5559-a6c8-a3d3079be3fb","如血","2024-02-23","责任与后果;成本与总账;爱与回应;心理与主体","02;03;04;05;08;10;12;14;16;17;18"
"1758","0e7fcf87-b84b-5fe7-acd9-fd392b9f353c","钢铁是怎样炼成的","2024-02-22","定义与达意;能力与学习;选择与自由;责任与后果;边界与许可;照料与家庭;权力与异议;心理与主体;性别与身体","02;03;04;05;07;08;09;10;12;13;14;16;17;18"
"1759","9050b084-77e3-5059-9453-7ce9d4244531","儒道","2024-02-21","能力与学习;成本与总账;法律与秩序;权力与异议;文明与历史","03;07;08;10;11;12;13;15;18;31;32;33"
"1760","7b0ae3a0-4857-5552-bc5a-a6c78eda8a3e","房屋管理员","2024-02-21","事实与证据;技术与工程","08;09;13;17;18;32;33"
"1761","de66058f-d643-53cc-8cd3-2892cc40d2b7","花绣","2024-02-21","定义与达意;选择与自由;责任与后果;成本与总账;爱与回应;技术与工程","02;03;04;05;07;09;10;12;13;14;16;17;18;32;33"
"1762","1c6be2bd-5948-5107-b45c-7f0231d771a9","叛徒的代价","2024-02-21","事实与证据;能力与学习;选择与自由;成本与总账;劳动与组织;法律与秩序;权力与异议;文明与历史;心理与主体","02;03;06;07;08;09;10;11;12;13;14;15;16;17;18;31;32;33"
"1763","ddb5203e-fe9e-5d86-89be-72275663d9ef","悟空的爱","2024-02-21","定义与达意;选择与自由;责任与后果;信用与信任;爱与回应;边界与许可;心理与主体","02;03;04;05;06;07;08;09;10;12;14;16;17;18"
"1764","2a6d152f-695e-59bd-ab9a-5dc622bb490c","骰子","2024-02-20","选择与自由;爱与回应;净输出与不掠夺;心理与主体","02;03;04;05;07;08;14;16;17;18"
"1765","758c4cd2-a857-53f2-8771-54e95a2a7958","防骚扰","2024-02-19","事实与证据;责任与后果;成本与总账;心理与主体","02;03;08;09;10;12;14;17;18"
"1766","fb5763f5-3d2c-5d93-9d6d-3defd03e4a66","你先","2024-02-19","能力与学习;责任与后果;成本与总账;劳动与组织;财富与市场;法律与秩序;权力与异议;技术与工程;人工智能与机器","02;03;06;07;08;10;12;13;17;18;28;29;32;33"
"1767","f2a25262-a2e1-5c3a-ab89-2fb5fce4e51e","流言蜚语","2024-02-18","事实与证据;责任与后果;成本与总账;净输出与不掠夺;边界与许可;劳动与组织;技术与工程","02;03;05;06;08;09;10;12;13;16;17;18;32;33"
"1768","7cef3dda-1282-5948-9564-5279440875d5","默认隐藏","2024-02-18","选择与自由;责任与后果;成本与总账;边界与许可;法律与秩序;权力与异议;技术与工程;性别与身体","02;03;05;07;10;12;13;14;16;17;18;32;33"
"1769","6b7b3522-b1b7-57ee-8cd7-e05aa5f0bc79","AB胶","2024-02-17","定义与达意;责任与后果;技术与工程;文明与历史;心理与主体","02;03;08;09;10;11;12;13;14;15;17;18;31;32;33"
"1770","829c9989-9a0a-5000-9bad-7770879ec9bc","穴居人","2024-02-17","定义与达意;能力与学习;责任与后果;边界与许可;照料与家庭;权力与异议;性别与身体","02;03;04;05;07;08;09;10;12;13;14;16;17;18"
"1771","effbf168-f0d7-507b-9055-5254afb94d7a","红毯先生","2024-02-17","定义与达意;责任与后果;成本与总账;财富与市场;法律与秩序","02;03;07;09;10;12;13;17;18"
"1772","dc62fdb6-b884-5326-b741-d0e5ee245635","忠诚的卧底","2024-02-17","选择与自由;成本与总账","02;03;07;10;16;18"
"1773","7e6d6aec-e73c-569d-97d9-6709bfd525c0","自愿者自由","2024-02-16","事实与证据;选择与自由;成本与总账;爱与回应;边界与许可;照料与家庭;法律与秩序;权力与异议;文明与历史","02;03;04;05;07;08;09;10;11;12;13;14;15;16;17;18;31;32;33"
"1774","00c63111-072f-5596-a74a-bca2d067e145","荣宝斋","2024-02-16","能力与学习;责任与后果;成本与总账;信用与信任;爱与回应;净输出与不掠夺;财富与市场;文明与历史","02;03;04;05;06;08;10;11;12;13;14;15;16;18;31;32;33"
"1775","f50711fa-fbcf-5b18-b2d3-6d0875faa87a","多语种剧情","2024-02-15","事实与证据;选择与自由;责任与后果;财富与市场","02;03;07;08;09;10;12;13;16;17;18"
"1776","d815aca8-698b-5bbf-a429-39e49a2df775","来不来","2024-02-15","选择与自由;成本与总账;信用与信任;权力与异议","02;03;06;07;10;12;16;18"
"1777","b3d9b767-65e4-5572-b3f6-ddb2d24097a1","王家的秘密","2024-02-14","选择与自由;责任与后果;信用与信任;爱与回应;净输出与不掠夺;财富与市场;心理与主体","02;03;04;05;06;07;08;10;12;13;14;16;17;18"
"1778","24ff3331-d42d-595c-b479-23063e8659b8","我不问，你不说","2024-02-13","选择与自由;责任与后果;成本与总账;信用与信任;爱与回应;边界与许可","02;03;04;05;06;07;10;12;14;16;18"
"1779","108ce1d9-cec6-5692-8e67-def6a1e7e820","大钱大官","2024-02-13","能力与学习;选择与自由;责任与后果;爱与回应;照料与家庭;财富与市场;权力与异议;心理与主体","02;03;04;05;07;08;10;12;13;14;16;17;18"
"1780","b2e93445-8858-5500-be38-83f1ea10d4ac","老法师","2024-02-13","能力与学习;责任与后果;信用与信任;法律与秩序;权力与异议;技术与工程;性别与身体","02;03;05;06;07;08;10;12;13;14;16;17;18;32;33"
"1781","48b0bb4c-98ec-5c20-918d-df43c894dd1c","不脆弱义务","2024-02-13","选择与自由;责任与后果;爱与回应;边界与许可;法律与秩序","02;03;04;05;07;10;12;14;16;18"
"1782","c1401a58-bb72-5fec-aac9-2dafe50683c2","张记包子","2024-02-12","事实与证据;定义与达意;能力与学习;选择与自由;责任与后果;成本与总账;照料与家庭;劳动与组织;财富与市场;心理与主体","02;03;04;05;06;07;08;09;10;12;13;14;16;17;18"
"1783","0f5d4861-3906-50db-928c-3d62b870a2b4","睡者为王","2024-02-10","选择与自由;责任与后果;心理与主体","02;03;07;08;10;12;14;16;17;18"
"1784","21496c63-89e3-53f5-a895-773dd7c0cde5","打断腿","2024-02-10","事实与证据;定义与达意;选择与自由;成本与总账;权力与异议;文明与历史;心理与主体;性别与身体","02;03;05;07;08;09;10;11;12;13;14;15;16;17;18;31;32;33"
"1785","593f8b9a-8468-54ca-a58b-7294822c8b63","手心打手背","2024-02-09","定义与达意;能力与学习;责任与后果;成本与总账;财富与市场","02;03;08;09;10;12;13;17;18"
"1786","a1f598f6-b9df-5f13-b7f5-61db2391107d","傻博士","2024-02-09","定义与达意;能力与学习;责任与后果;劳动与组织;技术与工程;心理与主体","02;03;06;08;09;10;12;13;14;17;18;32;33"
"1787","963a3480-ff6d-5fef-8dc5-2a6f48250b01","万家乐","2024-02-09","责任与后果;成本与总账;照料与家庭","02;03;04;05;10;12;14;16;18"
"1788","4bf98f96-a1c3-513b-9992-1241f2654321","淋雨","2024-02-09","事实与证据;能力与学习;边界与许可;心理与主体","05;08;09;12;13;14;16;17;18"
"1789","025010c9-a259-5d28-9ac2-4ac0fbca138a","邪不压正","2024-02-09","选择与自由;财富与市场;技术与工程;文明与历史","02;03;07;10;11;13;15;16;17;18;31;32;33"
"1790","9a51fc8d-4671-5dd3-821f-720bfd45e4b4","半星之敌","2024-02-08","事实与证据;责任与后果;法律与秩序;权力与异议;文明与历史;心理与主体","02;03;07;08;09;10;11;12;13;14;15;17;18;31;32;33"
"1791","26fccf78-e439-57af-b325-4dfb4e8bf1a6","道歉机会","2024-02-08","事实与证据;选择与自由;责任与后果;爱与回应;净输出与不掠夺;边界与许可;技术与工程","02;03;04;05;07;08;09;10;12;13;14;16;17;18;32;33"
"1792","b5f8f36c-ff9b-5d49-a65b-00fb1f7f23cf","普亭","2024-02-08","事实与证据;定义与达意;能力与学习;文明与历史","08;09;11;13;15;17;18;31;32;33"
"1793","dec0d2fc-d21a-588d-bc04-21b92f78868d","树知道","2024-02-08","能力与学习;边界与许可;文明与历史;生态与自然","05;08;11;12;13;15;16;18;25;31;32;33"
"1794","8a0d450a-ae56-5b30-ad48-acd0f9ec84f0","孔雀","2024-02-08","定义与达意;选择与自由;责任与后果;净输出与不掠夺;文明与历史;宗教与自然法","02;03;05;07;09;10;11;12;13;15;16;17;18;31;32;33"
"1795","db2227c8-2548-5110-a59f-75c1d38aad31","三鞠躬","2024-02-08","责任与后果;成本与总账;爱与回应;心理与主体;性别与身体","02;03;04;05;08;10;12;14;16;17;18"
"1796","3961df4f-9ad2-5f71-8eb3-fc037239170e","学霸","2024-02-07","能力与学习;责任与后果;成本与总账;财富与市场;技术与工程;文明与历史","02;03;08;10;11;12;13;15;17;18;31;32;33"
"1797","75e602ea-bd6d-53ce-9824-b6de6256975e","上白班的杰克","2024-02-07","事实与证据;选择与自由;责任与后果;成本与总账;法律与秩序;性别与身体","02;03;05;07;08;09;10;12;14;16;17;18"
"1798","e7f4d0c7-730f-5efd-846f-8ac540a40e26","反对，反对，再反对","2024-02-07","能力与学习;责任与后果;成本与总账;信用与信任;爱与回应;照料与家庭;劳动与组织;财富与市场;心理与主体","02;03;04;05;06;08;10;12;13;14;16;17;18"
"1799","0f192301-b6ec-5fe7-8565-b7db39b36c5d","经纪人","2024-02-05","定义与达意;能力与学习;选择与自由;责任与后果;成本与总账;劳动与组织;财富与市场;心理与主体","02;03;06;07;08;09;10;12;13;14;16;17;18"
"1800","ea0e0adb-7817-5b97-90d4-cd515520d0b4","镜子","2024-02-04","选择与自由;责任与后果;技术与工程;性别与身体","02;03;05;07;10;12;13;14;16;17;18;32;33"
"1801","01cc5e71-1aae-5677-8463-41640aeaa77c","盈利背离","2024-02-04","成本与总账;劳动与组织;财富与市场;技术与工程","03;06;10;13;17;18;32;33"
"1802","1e9a2d73-76de-5cbf-a63a-d14d2b6ba77b","大排场","2024-02-04","定义与达意;能力与学习;信用与信任;爱与回应;财富与市场;法律与秩序;权力与异议","03;04;05;06;07;08;09;10;12;13;14;16;17;18"
"1803","f2ce6676-3f8c-59fb-b482-fa6ee90a9854","宁十勿一","2024-02-03","能力与学习;责任与后果;成本与总账;信用与信任;净输出与不掠夺;照料与家庭;法律与秩序;心理与主体","02;03;04;05;06;07;08;10;12;13;14;16;17;18"
"1804","488fb63c-6722-528e-9db2-a96a50ad1899","专业开源","2024-02-03","定义与达意;选择与自由;责任与后果;成本与总账;爱与回应;照料与家庭;劳动与组织;财富与市场;生态与自然","02;03;04;05;06;07;09;10;12;13;14;16;17;18;25;32"
"1805","c9686772-04db-5c0a-8d1a-85ca7bb2c4b1","扫兴","2024-02-02","定义与达意;能力与学习;选择与自由;责任与后果;信用与信任;爱与回应;照料与家庭;财富与市场;技术与工程","02;03;04;05;06;07;08;09;10;12;13;14;16;17;18;32;33"
"1806","c2c29675-e07e-5471-b137-07bbd421dea2","高铁俱乐部","2024-02-01","能力与学习;责任与后果;成本与总账;财富与市场;法律与秩序;权力与异议;技术与工程","02;03;07;08;10;12;13;17;18;32;33"
"1807","f1446e25-3cc8-5823-917f-4fe1991a4e72","犯属","2024-01-30","事实与证据;定义与达意;能力与学习;选择与自由;责任与后果;成本与总账;信用与信任;边界与许可;照料与家庭;劳动与组织;财富与市场;法律与秩序;心理与主体","02;03;04;05;06;07;08;09;10;12;13;14;16;17;18"
"1808","75c9ecf1-8a00-53ec-ae3c-840b4e605145","性倒钩","2024-01-30","定义与达意;选择与自由;责任与后果;成本与总账;爱与回应;法律与秩序;性别与身体","02;03;04;05;07;09;10;12;14;16;17;18"
"1809","1983552d-2f63-5297-971c-fa393e9d5d1d","不讲究","2024-01-30","事实与证据;能力与学习;选择与自由;成本与总账;边界与许可;文明与历史;生态与自然;心理与主体","02;03;05;07;08;09;10;11;12;13;14;15;16;17;18;25;31;32;33"
"1810","e3b4ba88-67b8-5949-84c7-01ea1994c121","不损人","2024-01-29","事实与证据;定义与达意;选择与自由;责任与后果;成本与总账;信用与信任;边界与许可;照料与家庭;宗教与自然法","02;03;04;05;06;07;08;09;10;11;12;14;16;17;18"
"1811","21606c4b-2a40-560a-a760-1146b3c6bc16","春雷","2024-01-29","责任与后果;劳动与组织;财富与市场;权力与异议;技术与工程;生态与自然","02;03;06;07;10;12;13;17;18;25;32;33"
"1812","0136c22b-903e-5f63-b352-06cec20e67c2","扁舟","2024-01-29","事实与证据;选择与自由;责任与后果;成本与总账;爱与回应;边界与许可;照料与家庭;法律与秩序;心理与主体","02;03;04;05;07;08;09;10;12;14;16;17;18"
"1813","7f48392e-e760-5de0-bb4b-eb942decec3c","鸡娃仙子","2024-01-28","成本与总账;财富与市场;技术与工程;文明与历史","03;10;11;13;15;17;18;31;32;33"
"1814","335d23ed-6d1a-598c-8324-645e0a7b52a2","鲜廉寡耻","2024-01-27","事实与证据;能力与学习;选择与自由;文明与历史","02;07;08;09;11;13;15;16;17;18;31;32;33"
"1815","44eed4ed-9dce-5242-b20e-42f7bd5770a3","新支柱产业","2024-01-26","能力与学习;财富与市场;法律与秩序;技术与工程","03;07;08;10;12;13;17;18;32;33"
"1816","8896d126-ae7d-5c53-9487-3f28bc173626","工匠精神","2024-01-25","能力与学习;责任与后果;劳动与组织;文明与历史;民族与身份;心理与主体","02;03;06;08;10;11;12;13;14;15;17;18;27;31;32;33"
"1817","c09731c6-fc7d-5aaf-90a4-8be66fe3c22b","全自动生产线","2024-01-25","能力与学习;选择与自由;成本与总账;信用与信任;净输出与不掠夺;劳动与组织;技术与工程;文明与历史;人工智能与机器","02;03;05;06;07;08;10;11;12;13;15;16;17;18;28;29;31;32;33"
"1818","427f9c21-8b4a-5a75-9ea3-65429d3ea152","道喜","2024-01-24","事实与证据;定义与达意;能力与学习;责任与后果;爱与回应;净输出与不掠夺;照料与家庭","02;03;04;05;08;09;10;12;13;14;16;17;18"
"1819","76036c56-50bc-5e62-b949-2727af7b8226","标王","2024-01-23","定义与达意;能力与学习;选择与自由;责任与后果;成本与总账;技术与工程;心理与主体","02;03;07;08;09;10;12;13;14;16;17;18;32;33"
"1820","cd208847-a71f-56c3-80c3-5b1fad498c8d","勉强","2024-01-23","选择与自由;成本与总账;爱与回应;劳动与组织;技术与工程","02;03;04;05;06;07;10;13;14;16;17;18;32;33"
"1821","3ce7c0e8-3dc6-5355-bc38-49c4de88bfa3","香槟大厅","2024-01-23","定义与达意;能力与学习;选择与自由;成本与总账;边界与许可","02;03;05;07;08;09;10;12;13;16;17;18"
"1822","76637a5d-8fd5-5f07-b9e8-951adb1d4e8a","松烟","2024-01-22","事实与证据;文明与历史","08;09;11;13;15;17;31;32;33"
"1823","b3561d82-ce0d-5881-a062-dd9c7024ba49","跌打酒","2024-01-21","选择与自由;责任与后果;照料与家庭;财富与市场;技术与工程;心理与主体","02;03;04;05;07;08;10;12;13;14;16;17;18;32;33"
"1824","8f0ff3e0-cfe1-5cc0-8986-41217ded3fa6","龙门教","2024-01-21","能力与学习;选择与自由;爱与回应;财富与市场;文明与历史;民族与身份;心理与主体","02;03;04;05;07;08;10;11;12;13;14;15;16;17;18;27;31;32;33"
"1825","aa4eb633-1119-5fea-8c17-d40902505f6c","万金油","2024-01-20","成本与总账","03;10;18"
"1826","c715ef53-1e09-5c58-94ba-6c7ba4134fb5","强人所难","2024-01-19","能力与学习;选择与自由;责任与后果;成本与总账;信用与信任;照料与家庭;法律与秩序","02;03;04;05;06;07;08;10;12;13;14;16;18"
"1827","c2db6711-52f9-5b08-ac47-8b80c0d62034","缅甸停战","2024-01-18","事实与证据;能力与学习;选择与自由;净输出与不掠夺;文明与历史","02;03;05;07;08;09;11;13;15;16;17;18;31;32;33"
"1828","20df36bd-cf07-55c7-a4d2-ee7cb142daf2","自减重","2024-01-17","责任与后果;照料与家庭","02;03;04;05;10;12;14;16;18"
"1829","a14e4232-d5a7-5187-ab2b-51d40604089d","面向交接工作","2024-01-16","定义与达意;责任与后果;成本与总账;信用与信任;爱与回应;劳动与组织","02;03;04;05;06;09;10;12;13;14;16;17;18"
"1830","a18f0b5e-1692-533c-8665-e685b6622d61","面向自由追问","2024-01-16","定义与达意;能力与学习;选择与自由;劳动与组织;心理与主体","02;06;07;08;09;10;13;14;16;17;18"
"1831","7c7170b9-1fa5-59b5-a291-9b99a5f5aa23","富贵险","2024-01-15","能力与学习;选择与自由;成本与总账;文明与历史;心理与主体","02;03;07;08;10;11;13;14;15;16;17;18;31;32;33"
"1832","afa374bb-9752-5fdb-83ef-fa2f424d82ca","不礼貌","2024-01-14","事实与证据;能力与学习;选择与自由;责任与后果;爱与回应;劳动与组织;心理与主体","02;03;04;05;06;07;08;09;10;12;13;14;16;17;18"
"1833","ab14c43c-e2b7-59c0-9207-5196afd7e654","实力为本","2024-01-14","能力与学习;成本与总账;信用与信任;心理与主体","03;06;08;10;12;13;14;17;18"
"1834","04bba6fe-60c8-5126-ac22-a8d52639dde8","始祖鸟","2024-01-14","选择与自由;财富与市场;心理与主体;性别与身体","02;03;05;07;08;10;13;14;16;17;18"
"1835","3acd63bb-425d-5ece-8908-e73660a9499c","非猎不食","2024-01-14","选择与自由;成本与总账;爱与回应;照料与家庭;劳动与组织;权力与异议;心理与主体","02;03;04;05;06;07;08;10;12;13;14;16;17;18"
"1836","82e8edce-7b62-5289-ab24-0a271b268373","小飞棍","2024-01-14","能力与学习","08;13;18"
"1837","29128869-9dec-5778-a965-cdcb746c3014","好大羊","2024-01-13","事实与证据;定义与达意;能力与学习;责任与后果;成本与总账;信用与信任;文明与历史;心理与主体;性别与身体","02;03;05;06;08;09;10;11;12;13;14;15;16;17;18;31;32;33"
"1838","00a6113a-2e9c-5546-9e1b-3924f1e90b56","闷鼓","2024-01-13","能力与学习;选择与自由;心理与主体","02;07;08;13;14;16;17;18"
"1839","d2e39201-c1e8-5e0c-9256-6133819f4fa0","欠债不欠恩","2024-01-11","定义与达意;责任与后果;成本与总账;净输出与不掠夺;边界与许可;照料与家庭;财富与市场;文明与历史","02;03;04;05;09;10;11;12;13;14;15;16;17;18;31;32;33"
"1840","be500387-4996-5312-afe9-91a86cd40965","见义勇为的福利","2024-01-11","能力与学习;选择与自由;成本与总账;信用与信任;心理与主体","02;03;06;07;08;10;12;13;14;16;17;18"
"1841","f2463988-6a48-5330-83b9-bcef4e8d8ae8","头上长角的人","2024-01-11","事实与证据;定义与达意;能力与学习;选择与自由;责任与后果;成本与总账;劳动与组织;心理与主体","02;03;06;07;08;09;10;12;13;14;16;17;18"
"1842","d35292fa-ad2b-5d95-aa6c-dbb86da57495","通胀义务","2024-01-10","能力与学习;选择与自由;责任与后果;成本与总账;信用与信任;财富与市场;法律与秩序;文明与历史","02;03;06;07;08;10;11;12;13;15;16;18;31;32;33"
"1843","28698584-ef0d-59b3-9ae0-104735054755","止争线","2024-01-09","能力与学习;选择与自由;成本与总账;净输出与不掠夺;边界与许可;照料与家庭;财富与市场","02;03;04;05;07;08;10;12;13;14;16;18"
"1844","78709cae-6e75-5bc2-9db3-c63e9e701ddf","拒之门外","2024-01-08","能力与学习;选择与自由;责任与后果;成本与总账;信用与信任;爱与回应;边界与许可","02;03;04;05;06;07;08;10;12;13;14;16;18"
"1845","6e9ef755-a14e-5171-a8aa-f65812e0795e","猫","2024-01-08","能力与学习;责任与后果;成本与总账;生态与自然","02;03;08;10;12;13;18;25;32"
"1846","de3dc05b-6aa9-5ecd-a20e-f27bd54f0c10","观音快递","2024-01-07","定义与达意;能力与学习;选择与自由;责任与后果;净输出与不掠夺;法律与秩序;权力与异议","02;03;05;07;08;09;10;12;13;16;17;18"
"1847","22e2137d-1e71-5188-91ce-883098588d73","正门","2024-01-06","定义与达意;选择与自由;成本与总账;爱与回应;劳动与组织;财富与市场;心理与主体","02;03;04;05;06;07;08;09;10;13;14;16;17;18"
"1848","fdc229c3-ffdd-5fb5-9968-eebb629ebc52","被坚持的幼稚","2024-01-06","定义与达意;责任与后果;成本与总账;信用与信任;边界与许可;文明与历史","02;03;05;06;09;10;11;12;13;15;16;17;18;31;32;33"
"1849","4aaa1d23-42d7-5678-be90-b461b7128852","有争议的合法实践","2024-01-06","定义与达意;能力与学习;选择与自由;责任与后果;成本与总账;边界与许可;法律与秩序;权力与异议;技术与工程;文明与历史;心理与主体","02;03;05;07;08;09;10;11;12;13;14;15;16;17;18;31;32;33"
"1850","b9c8edb6-6b54-5b2a-8456-95a5c53d615e","Reason of Beauty","2024-01-05","定义与达意;能力与学习;选择与自由;权力与异议;性别与身体","02;03;05;07;08;09;12;13;14;16;17;18"
"1851","c59edb9f-8c6e-5940-9838-054f2064aee6","屠宰","2024-01-04","能力与学习;责任与后果;劳动与组织;技术与工程;生态与自然;性别与身体","02;03;05;06;08;10;12;13;14;16;17;18;25;32;33"
"1852","45f2482e-15d8-5289-8c1b-c99c079d9f54","猎人","2024-01-04","选择与自由;信用与信任;劳动与组织;权力与异议;心理与主体","02;03;06;07;08;10;12;13;14;16;17;18"
"1853","97cb678a-3a5e-5167-867a-f31c31a1b52f","武松们","2024-01-04","事实与证据;能力与学习;选择与自由;边界与许可;照料与家庭;法律与秩序;权力与异议","02;03;04;05;07;08;09;12;13;14;16;17;18"
"1854","decd7397-1bb1-5754-b234-161459260edf","以太主义","2024-01-04","事实与证据;能力与学习;选择与自由;成本与总账;照料与家庭;法律与秩序;权力与异议","02;03;04;05;07;08;09;10;12;13;14;16;17;18"
"1855","85b9259f-4006-5722-b7e0-e3f8bb0e57bd","IT装备解决方案","2024-01-03","能力与学习;选择与自由;责任与后果;成本与总账;边界与许可;劳动与组织;财富与市场","02;03;05;06;07;08;10;12;13;16;18"
"1856","4e83eb5a-1b48-51ed-8290-5624f493196c","贱猫手","2024-01-03","责任与后果;成本与总账;生态与自然","02;03;10;12;13;18;25;32"
"1857","cfefd4a6-b3bb-5d12-80a6-a79cfe9d49cf","花与果","2024-01-02","定义与达意;能力与学习;权力与异议;文明与历史;心理与主体","03;07;08;09;11;12;13;14;15;17;18;31;32;33"
"1858","c6670ded-2264-5f09-a727-8387e6cdb774","绝对领域展开","2024-01-02","选择与自由;责任与后果;技术与工程;宗教与自然法","02;03;07;10;11;12;13;16;17;18;32;33"
"1859","964c1de1-d214-524a-9203-6c65d0b2be5f","邮政","2024-01-02","责任与后果;成本与总账;信用与信任;财富与市场;法律与秩序;生态与自然","02;03;06;07;10;12;13;18;25;32"
"1860","29d8dbc2-99a4-580d-ae02-5e1b362ed57c","打脸主义","2024-01-01","能力与学习;选择与自由;责任与后果;成本与总账;信用与信任;边界与许可;照料与家庭;技术与工程","02;03;04;05;06;07;08;10;12;13;14;16;17;18;32;33"
"1861","5d3f78dc-d867-58ee-956f-9ebe1d539bba","败相","2023-12-31","事实与证据;定义与达意;责任与后果;成本与总账;信用与信任;边界与许可;法律与秩序;技术与工程;文明与历史;心理与主体","02;03;05;06;07;08;09;10;11;12;13;14;15;16;17;18;31;32;33"
"1862","b1640e33-6e40-5923-abd2-27b0fb8d6a4e","大人参","2023-12-30","事实与证据;能力与学习;责任与后果;成本与总账;爱与回应;劳动与组织;财富与市场;法律与秩序;权力与异议;文明与历史","02;03;04;05;06;07;08;09;10;11;12;13;14;15;16;17;18;31;32;33"
"1863","621082e7-aff7-5156-bd2f-f1941ed0aeeb","公共垃圾桶","2023-12-30","定义与达意;能力与学习;责任与后果;成本与总账;财富与市场","02;03;08;09;10;12;13;17;18"
"1864","4c5db9c0-268b-53fa-91fa-0e1a37cd8bf0","买椟还珠","2023-12-30","定义与达意;能力与学习;选择与自由;责任与后果;边界与许可;照料与家庭;法律与秩序;权力与异议","02;03;04;05;07;08;09;10;12;13;14;16;17;18"
"1865","0d4b57f9-76ea-5bd0-82fb-aa71308f9c66","小鸡帽","2023-12-29","能力与学习;选择与自由;责任与后果;成本与总账;信用与信任;边界与许可;心理与主体","02;03;05;06;07;08;10;12;13;14;16;17;18"
"1866","5d69d569-b1d5-5351-8abe-cbd96bc45600","早恋2","2023-12-29","选择与自由;责任与后果;爱与回应;边界与许可;照料与家庭;法律与秩序;心理与主体","02;03;04;05;07;08;10;12;14;16;17;18"
"1867","a6ce8e89-8f72-5920-8cec-a662f6711a79","三花聚顶","2023-12-29","定义与达意;能力与学习;责任与后果;成本与总账;信用与信任;爱与回应;技术与工程","02;03;04;05;06;08;09;10;12;13;14;16;17;18;32;33"
"1868","f1298897-d133-5dba-8f4d-2123cb0e612b","早恋1","2023-12-28","事实与证据;能力与学习;责任与后果;成本与总账;爱与回应;边界与许可;照料与家庭;法律与秩序;权力与异议;技术与工程","02;03;04;05;07;08;09;10;12;13;14;16;17;18;32;33"
"1869","26c8e725-ccda-5e4f-bced-fce907307ff9","X战警","2023-12-26","能力与学习;选择与自由;责任与后果;成本与总账;爱与回应;边界与许可;权力与异议;技术与工程;宗教与自然法","02;03;04;05;07;08;10;11;12;13;14;16;17;18;32;33"
"1870","ff04684f-2a31-597c-9569-196876a63c80","无敌铁公鸡","2023-12-25","事实与证据;定义与达意;选择与自由;责任与后果;信用与信任;爱与回应;净输出与不掠夺;劳动与组织;财富与市场","02;03;04;05;06;07;08;09;10;12;13;14;16;17;18"
"1871","295b75f7-e606-56df-897e-76ab80f60f8e","严肃活泼","2023-12-24","事实与证据;定义与达意;责任与后果;成本与总账;信用与信任;心理与主体","02;03;06;08;09;10;12;14;17;18"
"1872","9394d674-befb-5836-b4ba-021602c01480","扛不住军训的人","2023-12-24","定义与达意;能力与学习;责任与后果;成本与总账;信用与信任;照料与家庭;劳动与组织;生态与自然;心理与主体;性别与身体","02;03;04;05;06;08;09;10;12;13;14;16;17;18;25;32"
"1873","a623fb54-aaca-5b8b-9728-92023fa470d7","吃瓜","2023-12-24","定义与达意;能力与学习;责任与后果;成本与总账;爱与回应;财富与市场;法律与秩序;文明与历史;民族与身份","02;03;04;05;07;08;09;10;11;12;13;14;15;16;17;18;27;31;32;33"
"1874","acca4fc3-a939-5aba-a942-33fc168b0d5a","美国议员","2023-12-24","事实与证据;能力与学习;责任与后果;法律与秩序;权力与异议;技术与工程","02;03;07;08;09;10;12;13;17;18;32;33"
"1875","a58562a4-a778-5540-b0a4-984e884fc586","相亲难","2023-12-23","定义与达意;选择与自由;成本与总账;信用与信任;边界与许可;性别与身体","02;03;05;06;07;09;10;12;14;16;17;18"
"1876","cf467613-5c34-58a7-94e9-746b34627d5c","嫁祸","2023-12-23","定义与达意;选择与自由;责任与后果;照料与家庭;法律与秩序;权力与异议;文明与历史;性别与身体","02;03;04;05;07;09;10;11;12;13;14;15;16;17;18;31;32;33"
"1877","d24e1357-bc68-5c6b-b3db-14656d80de5b","志愿参战","2023-12-23","事实与证据;选择与自由;责任与后果;法律与秩序;文明与历史","02;03;07;08;09;10;11;12;13;15;16;17;18;31;32;33"
"1878","1c33583c-7991-53a9-b5ac-2cd3cc166498","支持渔夫的鱼","2023-12-22","能力与学习;选择与自由;成本与总账;财富与市场","02;03;07;08;10;13;16;18"
"1879","dbe761df-b810-5878-adab-abb098be23b4","所谓消费","2023-12-20","定义与达意;能力与学习;责任与后果;成本与总账;信用与信任;劳动与组织;财富与市场;权力与异议;技术与工程;文明与历史;性别与身体","02;03;05;06;07;08;09;10;11;12;13;14;15;16;17;18;31;32;33"
"1880","f58456c0-4496-50b1-a139-d7c62fde025f","负智慧","2023-12-18","事实与证据;定义与达意;责任与后果;成本与总账;信用与信任;边界与许可;照料与家庭;劳动与组织;法律与秩序;心理与主体","02;03;04;05;06;07;08;09;10;12;13;14;16;17;18"
"1881","d4e5bd07-5688-588a-b786-fc9620c9609a","代糖","2023-12-18","事实与证据;定义与达意;选择与自由;成本与总账;净输出与不掠夺;边界与许可;心理与主体;宗教与自然法","02;03;05;07;08;09;10;11;12;14;16;17;18"
"1882","8a9eed4f-6430-50f0-b503-3f53db45eaf2","般若波罗蜜","2023-12-17","事实与证据;定义与达意;选择与自由;责任与后果;成本与总账;信用与信任;爱与回应;边界与许可;劳动与组织;心理与主体","02;03;04;05;06;07;08;09;10;12;13;14;16;17;18"
"1883","0b17f32e-e171-5888-9b3d-d5b1c7d3dca9","德雷克医生","2023-12-17","事实与证据;定义与达意;能力与学习;责任与后果;劳动与组织;财富与市场;心理与主体","02;03;06;08;09;10;12;13;14;17;18"
"1884","8a0eafae-6701-5a61-85e7-ad80625ccd26","向钱看","2023-12-16","事实与证据;能力与学习;选择与自由;爱与回应;照料与家庭;文明与历史","02;04;05;07;08;09;11;13;14;15;16;17;18;31;32;33"
"1885","f651d0b4-e3a5-5b4f-8e86-1bc9b5e98a82","师生一场","2023-12-15","定义与达意;选择与自由;责任与后果;成本与总账;信用与信任;爱与回应;净输出与不掠夺;边界与许可;照料与家庭;法律与秩序;权力与异议;心理与主体","02;03;04;05;06;07;08;09;10;12;14;16;17;18"
"1886","93d924a5-2867-5704-a190-8718c2c3b109","No Soup For You","2023-12-14","能力与学习;选择与自由;责任与后果;劳动与组织;财富与市场;法律与秩序;权力与异议","02;03;06;07;08;10;12;13;16;18"
"1887","451d52bb-bb6a-5d80-937b-1bcdc1b2ba20","押错宝和下错注","2023-12-14","事实与证据;能力与学习;责任与后果;成本与总账;信用与信任;权力与异议;心理与主体","02;03;06;07;08;09;10;12;13;14;17;18"
"1888","d21163c9-0933-583f-a850-404236cad667","好困难","2023-12-12","定义与达意;能力与学习;选择与自由;成本与总账;爱与回应;劳动与组织;技术与工程;心理与主体","02;03;04;05;06;07;08;09;10;13;14;16;17;18;32;33"
"1889","aa902c5a-bb97-51b8-884c-f314d4116071","非学术问题","2023-12-10","事实与证据;定义与达意;能力与学习;选择与自由;责任与后果;信用与信任;爱与回应;照料与家庭;法律与秩序;权力与异议;技术与工程;民族与身份;心理与主体","02;03;04;05;06;07;08;09;10;12;13;14;16;17;18;27;31;32;33"
"1890","8a3adbba-acb1-5edb-99a9-8ed7264642e3","中山靖王之后","2023-12-10","事实与证据;能力与学习;选择与自由;成本与总账;财富与市场;技术与工程;文明与历史;民族与身份","02;03;07;08;09;10;11;12;13;15;16;17;18;27;31;32;33"
"1891","6a41129a-80a4-5d7a-bd80-bacac4cc24c9","放养","2023-12-08","能力与学习;责任与后果;成本与总账;照料与家庭;劳动与组织;技术与工程;文明与历史;宗教与自然法","02;03;04;05;06;07;08;10;11;12;13;14;15;16;17;18;31;32;33"
"1892","35afb6b4-49a3-516c-b631-f6a2624f31fe","颈椎","2023-12-08","能力与学习;责任与后果;劳动与组织;文明与历史;性别与身体","02;03;05;06;08;10;11;12;13;14;15;16;18;31;32;33"
"1893","2b459ce0-f604-532e-876c-12c3c6ed9a54","介错","2023-12-07","选择与自由;责任与后果;文明与历史;心理与主体","02;03;07;08;10;11;12;13;14;15;16;17;18;31;32;33"
"1894","0fc41717-d1dd-5325-a03a-a5383376b8df","无所畏","2023-12-07","事实与证据;爱与回应;边界与许可;权力与异议;心理与主体","03;04;05;07;08;09;12;14;16;17;18"
"1895","392ad757-b057-5217-ae5f-959c9dacc658","交强险","2023-12-06","选择与自由;责任与后果;成本与总账;净输出与不掠夺;边界与许可;照料与家庭;财富与市场;法律与秩序;技术与工程;性别与身体","02;03;04;05;07;10;12;13;14;16;17;18;32;33"
"1896","cbc1a2c7-7233-5e7d-aa31-e7b7423ac7c3","Deal","2023-12-06","事实与证据;能力与学习;选择与自由;责任与后果;成本与总账;爱与回应;边界与许可;照料与家庭;财富与市场;权力与异议;心理与主体","02;03;04;05;07;08;09;10;12;13;14;16;17;18"
"1897","060976b2-2315-5641-8694-795b3fba75f0","有条理","2023-12-04","定义与达意;能力与学习;成本与总账;信用与信任;边界与许可;劳动与组织;法律与秩序","03;05;06;07;08;09;10;12;13;16;17;18"
"1898","43955542-b41b-531d-a3c8-899d9136fc44","片刻欢愉","2023-12-04","定义与达意;责任与后果;成本与总账;信用与信任;心理与主体","02;03;06;08;09;10;12;14;17;18"
"1899","8336802b-9c26-5f02-804f-23fb95668e07","地狱的门锁","2023-12-03","能力与学习;选择与自由;责任与后果;照料与家庭;劳动与组织;权力与异议;心理与主体","02;03;04;05;06;07;08;10;12;13;14;16;17;18"
"1900","47bcd7a7-d302-5847-a1cb-9e5fa51efec8","狂热的自恋投射","2023-12-02","定义与达意;能力与学习;责任与后果;成本与总账;爱与回应;边界与许可;照料与家庭;权力与异议;文明与历史;生态与自然;心理与主体","02;03;04;05;07;08;09;10;11;12;13;14;15;16;17;18;25;31;32;33"
"1901","1aaa2ef5-6395-561f-b61e-8a69af24fc4a","落草为王","2023-12-02","定义与达意;能力与学习;责任与后果;边界与许可;劳动与组织;权力与异议;技术与工程;人工智能与机器","02;03;05;06;07;08;09;10;12;13;16;17;18;28;29;32;33"
"1902","f29a2cf6-f2d6-5dc5-a92b-a5f1ec0453ba","童子功","2023-11-30","事实与证据;定义与达意;能力与学习;成本与总账;照料与家庭;财富与市场;心理与主体;性别与身体","03;04;05;08;09;10;13;14;16;17;18"
"1903","e5dd0424-f1f0-5874-aab9-f9a4dd7fed75","不贰过","2023-11-30","能力与学习;选择与自由;责任与后果;成本与总账;净输出与不掠夺;财富与市场;心理与主体","02;03;05;07;08;10;12;13;14;16;17;18"
"1904","62358c68-0606-592e-86ae-864a355873d5","我我我","2023-11-28","定义与达意;能力与学习;选择与自由;成本与总账;信用与信任;照料与家庭;心理与主体","02;03;04;05;06;07;08;09;10;12;13;14;16;17;18"
"1905","90fcc84f-7e5d-52e3-a3f0-964e713fe84f","铁尺","2023-11-28","能力与学习;选择与自由;责任与后果;成本与总账;劳动与组织;财富与市场;技术与工程;文明与历史","02;03;06;07;08;10;11;12;13;15;16;17;18;31;32;33"
"1906","3a690cdd-9253-578f-b98c-af9defb891d0","置身事外","2023-11-28","能力与学习;成本与总账;边界与许可;劳动与组织;财富与市场;法律与秩序","03;05;06;07;08;10;12;13;16;18"
"1907","fabb825b-07d6-5b2b-8a27-98b1489b9d8a","小婉","2023-11-27","定义与达意;能力与学习;选择与自由;责任与后果;成本与总账;边界与许可;照料与家庭;劳动与组织;权力与异议;心理与主体","02;03;04;05;06;07;08;09;10;12;13;14;16;17;18"
"1908","74270637-dcdb-5803-b736-6b348761ee5b","悬梁刺股","2023-11-27","能力与学习;成本与总账;信用与信任;财富与市场;心理与主体","03;06;08;10;12;13;14;17;18"
"1909","51c8d5ab-1407-5589-9ec4-96750e135a97","龙王丸","2023-11-26","事实与证据;定义与达意;能力与学习;选择与自由;责任与后果;成本与总账;边界与许可;劳动与组织;权力与异议","02;03;05;06;07;08;09;10;12;13;16;17;18"
"1910","d3e73ed7-7708-5b7f-90f7-88fba1dbae4b","德国品牌","2023-11-26","能力与学习;成本与总账;财富与市场;法律与秩序;技术与工程;文明与历史;民族与身份;生态与自然","03;07;08;10;11;12;13;15;17;18;25;27;31;32;33"
"1911","e2508bf1-e953-57ac-9ceb-6ebbc805b111","锅气","2023-11-26","能力与学习;责任与后果;成本与总账;照料与家庭;劳动与组织;财富与市场;权力与异议;文明与历史","02;03;04;05;06;07;08;10;11;12;13;14;15;16;18;31;32;33"
"1912","0ad326b2-91ab-5f29-a8dd-f7527bfd3049","不喜欢我的","2023-11-25","事实与证据;能力与学习;选择与自由;责任与后果;成本与总账;爱与回应;边界与许可;照料与家庭;劳动与组织;权力与异议;心理与主体","02;03;04;05;06;07;08;09;10;12;13;14;16;17;18"
"1913","0c555d5e-48a4-5999-a5df-4fab8f37f798","向输家学习","2023-11-25","事实与证据;能力与学习;成本与总账;法律与秩序;权力与异议;技术与工程;文明与历史;民族与身份;心理与主体","03;07;08;09;10;11;12;13;14;15;17;18;27;31;32;33"
"1914","d29eac9e-9469-5c5a-b7a0-7a824deeb226","应付检查","2023-11-25","事实与证据;能力与学习;责任与后果;成本与总账;信用与信任;劳动与组织","02;03;06;08;09;10;12;13;17;18"
"1915","16bf7a3d-3913-512d-aede-8ced7c9d1f94","大义献亲","2023-11-23","能力与学习;选择与自由;责任与后果;成本与总账;净输出与不掠夺;边界与许可;照料与家庭;权力与异议;性别与身体","02;03;04;05;07;08;10;12;13;14;16;18"
"1916","ea58764c-88a8-5635-a49e-fcaa3ec76513","ai的权利","2023-11-23","能力与学习;选择与自由;成本与总账;边界与许可;法律与秩序;技术与工程;文明与历史;民族与身份;宗教与自然法","02;03;05;07;08;10;11;12;13;15;16;17;18;27;31;32;33"
"1917","8180a40c-a370-579d-9863-4b7003ad19d8","此站不停","2023-11-22","事实与证据;能力与学习;选择与自由;成本与总账;劳动与组织;财富与市场;技术与工程;文明与历史","02;03;06;07;08;09;10;11;13;15;16;17;18;31;32;33"
"1918","5f1d6b7b-167f-5b4e-9a34-96ccf51f837a","倾听","2023-11-22","事实与证据;定义与达意;选择与自由;责任与后果;成本与总账;爱与回应;边界与许可;劳动与组织","02;03;04;05;06;07;08;09;10;12;13;14;16;17;18"
"1919","24745618-afa7-5536-a211-6f4d8830ec53","股东打工","2023-11-19","定义与达意;能力与学习;成本与总账;劳动与组织;财富与市场;法律与秩序;权力与异议","03;06;07;08;09;10;12;13;17;18"
"1920","e17d0ac6-dee2-5693-b95a-0913c57f0871","不两立","2023-11-19","事实与证据;能力与学习;成本与总账;财富与市场;权力与异议;技术与工程;文明与历史;生态与自然","03;07;08;09;10;11;12;13;15;17;18;25;31;32;33"
"1921","5dde82c4-6952-585c-8d11-475246ce3cc8","胡思乱想","2023-11-19","定义与达意;能力与学习;成本与总账;劳动与组织;技术与工程","03;06;08;09;10;13;17;18;32;33"
"1922","e614a5ef-e7cf-58a0-bf5d-efd5c07ea5b1","一般轨迹","2023-11-19","能力与学习;选择与自由;责任与后果;成本与总账;信用与信任;爱与回应;边界与许可;财富与市场;宗教与自然法","02;03;04;05;06;07;08;10;11;12;13;14;16;18"
"1923","3b248c98-28f5-5484-9dc6-bf021094aad2","撞死羊","2023-11-19","事实与证据;能力与学习;选择与自由;责任与后果;成本与总账;法律与秩序;文明与历史;心理与主体","02;03;07;08;09;10;11;12;13;14;15;16;17;18;31;32;33"
"1924","4d409e74-d017-599d-baca-81771385c9e4","眼高手低","2023-11-17","定义与达意;能力与学习;责任与后果;成本与总账;信用与信任;边界与许可;劳动与组织","02;03;05;06;08;09;10;12;13;16;17;18"
"1925","4a39b739-19ad-5499-a6fe-35a9475ece3b","家祭无忘告乃翁","2023-11-16","事实与证据;能力与学习;选择与自由;成本与总账;爱与回应;权力与异议;技术与工程;文明与历史;生态与自然","02;03;04;05;07;08;09;10;11;12;13;14;15;16;17;18;25;31;32;33"
"1926","85d42a6d-ae74-57ad-aedf-ee17e713e7a2","程门雪","2023-11-15","能力与学习;选择与自由;责任与后果;成本与总账;信用与信任;边界与许可;劳动与组织","02;03;05;06;07;08;10;12;13;16;18"
"1927","147609bf-bcd4-5386-854b-0ff7d8634581","慧极型必伤","2023-11-15","定义与达意;能力与学习;成本与总账;技术与工程;心理与主体","03;08;09;10;13;14;17;18;32;33"
"1928","87589535-b70d-5fe1-ae05-f0ffd86366fb","左南右北","2023-11-15","事实与证据;选择与自由;技术与工程;文明与历史","02;07;08;09;11;13;15;16;17;18;31;32;33"
"1929","c74195b2-00d5-5a5d-8e0c-736f0a1e4ee0","知足常胜","2023-11-15","定义与达意;能力与学习;选择与自由;责任与后果;成本与总账;照料与家庭","02;03;04;05;07;08;09;10;12;13;14;16;17;18"
"1930","153ef851-6421-5894-b132-0d84c8c41930","同意无效","2023-11-14","事实与证据;选择与自由;成本与总账;边界与许可;法律与秩序;权力与异议;心理与主体","02;03;05;07;08;09;10;12;14;16;17;18"
"1931","33e546e7-0929-5990-9ce4-34eaf85f173d","ai轻应用","2023-11-14","能力与学习;成本与总账;边界与许可;劳动与组织;技术与工程;生态与自然;人工智能与机器","03;05;06;08;10;12;13;16;17;18;25;28;29;32;33"
"1932","5cd59b91-9cb1-5d04-9164-d493cef7c0ac","耿耿","2023-11-13","责任与后果;净输出与不掠夺;心理与主体","02;03;05;08;10;12;14;16;17;18"
"1933","76a548f8-a0a6-5d18-9c23-864c383ffde6","出钱出力","2023-11-13","能力与学习;选择与自由;成本与总账;信用与信任;爱与回应;边界与许可;照料与家庭;劳动与组织;财富与市场;法律与秩序;心理与主体","02;03;04;05;06;07;08;10;12;13;14;16;17;18"
"1934","c628f62f-4e76-55c9-8a73-eeb346ede251","上慰中慰与少慰","2023-11-13","定义与达意;选择与自由;责任与后果;成本与总账;信用与信任;边界与许可;劳动与组织;心理与主体","02;03;05;06;07;08;09;10;12;13;14;16;17;18"
"1935","a02cbf5d-305d-54a2-ab9a-b2c01d2c89ef","博","2023-11-13","定义与达意;能力与学习;成本与总账;照料与家庭;财富与市场;技术与工程;文明与历史","03;04;05;08;09;10;11;13;14;15;16;17;18;31;32;33"
"1936","9e368777-592a-5c6f-a31a-e3a1ce9ff3c0","缺养","2023-11-12","事实与证据;能力与学习;选择与自由;责任与后果;成本与总账;信用与信任;爱与回应;边界与许可;照料与家庭;劳动与组织;宗教与自然法","02;03;04;05;06;07;08;09;10;11;12;13;14;16;17;18"
"1937","1c6439b6-5109-5310-8ef7-5f60584eb39d","符力","2023-11-11","事实与证据;边界与许可;心理与主体;性别与身体;宗教与自然法","05;07;08;09;11;12;14;16;17;18"
"1938","9e4ea506-d195-578e-b08a-df7a9002af37","赌神","2023-11-11","事实与证据;能力与学习;选择与自由;成本与总账;边界与许可;法律与秩序","02;03;05;07;08;09;10;12;13;16;17;18"
"1939","0980f6ed-06b1-5986-9d80-afe40d4bfd7f","事实黑","2023-11-08","事实与证据;定义与达意;选择与自由;边界与许可;照料与家庭;法律与秩序;权力与异议","02;03;04;05;07;08;09;12;14;16;17;18"
"1940","10be9f2b-0b4e-5c0a-bcd9-875c1ff39fc3","冤枉权","2023-11-07","事实与证据;选择与自由;成本与总账;信用与信任;边界与许可;法律与秩序;技术与工程","02;03;05;06;07;08;09;10;12;13;16;17;18;32;33"
"1941","a4fb8f48-8eca-58a8-b8f2-e51a9f3e711d","人财倍出","2023-11-07","定义与达意;选择与自由;责任与后果;边界与许可;照料与家庭;劳动与组织;法律与秩序;技术与工程;性别与身体","02;03;04;05;06;07;09;10;12;13;14;16;17;18;32;33"
"1942","c393500c-4fc2-5aef-aa1a-8fcbc508f330","热爱的福利","2023-11-07","能力与学习;选择与自由;爱与回应;边界与许可;劳动与组织;技术与工程","02;04;05;06;07;08;10;12;13;14;16;17;18;32;33"
"1943","0eccdc55-7ed1-5d21-bb5e-82d4bf09a3f0","完美的皮肤","2023-11-05","定义与达意;能力与学习;责任与后果;成本与总账;爱与回应;边界与许可;照料与家庭;生态与自然","02;03;04;05;08;09;10;12;13;14;16;17;18;25;32"
"1944","c128443d-0167-525e-80fb-8e13a334c3bf","接班第一","2023-11-05","事实与证据;能力与学习;责任与后果;成本与总账;劳动与组织;权力与异议;文明与历史","02;03;06;07;08;09;10;11;12;13;15;17;18;31;32;33"
"1945","620f675b-b856-5272-8027-9afc94370493","隐秘的雄心","2023-11-05","事实与证据;能力与学习;责任与后果;成本与总账;边界与许可;照料与家庭;劳动与组织;财富与市场;权力与异议;技术与工程;宗教与自然法","02;03;04;05;06;07;08;09;10;11;12;13;14;16;17;18;32;33"
"1946","a010dce6-e168-549f-a839-273b07366808","恐艾","2023-11-05","能力与学习;选择与自由;责任与后果;成本与总账;爱与回应;边界与许可;法律与秩序;心理与主体;性别与身体","02;03;04;05;07;08;10;12;13;14;16;17;18"
"1947","4fe80272-6993-50fd-ba8d-7c69e4507068","硅胶干燥剂","2023-11-04","事实与证据;成本与总账","03;08;09;10;17;18"
"1948","20b79adf-9830-546c-8971-890297fd8ee7","敲锣打鼓","2023-11-04","事实与证据;定义与达意;能力与学习;成本与总账;边界与许可;劳动与组织;法律与秩序;文明与历史;心理与主体","03;05;06;07;08;09;10;11;12;13;14;15;16;17;18;31;32;33"
"1949","a91fc0d0-4787-556c-988a-fc1a690c9a92","一言不发","2023-11-04","能力与学习;爱与回应;照料与家庭;生态与自然;心理与主体;性别与身体","04;05;08;13;14;16;17;18;25;32"
"1950","ef86dd3b-a817-5cbd-9a20-b10592da4979","淡定的许褚","2023-11-03","选择与自由;责任与后果;成本与总账;净输出与不掠夺;财富与市场;法律与秩序;权力与异议;技术与工程","02;03;05;07;10;12;13;16;17;18;32;33"
"1951","6a8cd889-f9b7-568f-99d2-30ac6654c3e5","取决于谁","2023-11-03","事实与证据;定义与达意;选择与自由;责任与后果;劳动与组织;权力与异议","02;03;06;07;08;09;10;12;13;16;17;18"
"1952","4c27d1b6-60f7-55a6-9e5a-214b70f907de","最多辞职","2023-11-02","定义与达意;选择与自由;责任与后果;成本与总账;边界与许可;劳动与组织;法律与秩序;权力与异议","02;03;05;06;07;09;10;12;13;16;17;18"
"1953","770cbfed-54ae-52be-b1c9-72d53392972b","断续","2023-11-02","事实与证据;定义与达意;选择与自由;责任与后果;爱与回应;边界与许可;照料与家庭","02;03;04;05;07;08;09;10;12;14;16;17;18"
"1954","3d2bd289-b70d-5d10-a0d0-96e89f519bfd","均衡操作","2023-10-31","选择与自由;心理与主体;性别与身体","02;05;07;08;14;16;17;18"
"1955","00720a35-c252-57cc-9fcf-5ab697528746","科目二","2023-10-31","定义与达意;能力与学习;选择与自由;成本与总账;权力与异议","02;03;07;08;09;10;12;13;16;17;18"
"1956","b039793d-e93e-5511-8867-a82171f2c375","痒痒豆","2023-10-30","定义与达意;能力与学习;责任与后果;成本与总账;爱与回应;净输出与不掠夺;权力与异议;心理与主体","02;03;04;05;07;08;09;10;12;13;14;16;17;18"
"1957","b9cc272d-6b8f-53e3-94d9-5d078f596aad","和氏传奇","2023-10-30","事实与证据;能力与学习;选择与自由;责任与后果;成本与总账;净输出与不掠夺;财富与市场;法律与秩序;权力与异议;技术与工程","02;03;05;07;08;09;10;12;13;16;17;18;32;33"
"1958","6c191ec5-8365-5424-a874-916ee8e0a45c","中国中央","2023-10-29","劳动与组织;法律与秩序;文明与历史","06;07;10;11;12;13;15;18;31;32;33"
"1959","2281fab2-77a4-5cf0-a48b-3ba68de94c70","自来水上瘾","2023-10-29","事实与证据;选择与自由;责任与后果;成本与总账;信用与信任;边界与许可;财富与市场;法律与秩序;性别与身体","02;03;05;06;07;08;09;10;12;13;14;16;17;18"
"1960","26c82ed9-d209-5eba-be03-c717f7779d65","具体的典狱长","2023-10-28","定义与达意;选择与自由;责任与后果;信用与信任;爱与回应;照料与家庭;财富与市场;法律与秩序;权力与异议","02;03;04;05;06;07;09;10;12;13;14;16;17;18"
"1961","cd5e2590-329f-589e-8568-e3346e726fda","安内必先攘外","2023-10-28","能力与学习;责任与后果;成本与总账;信用与信任;爱与回应;净输出与不掠夺;边界与许可;劳动与组织;心理与主体","02;03;04;05;06;08;10;12;13;14;16;17;18"
"1962","8f27364f-ba22-5a28-8f5b-2101bc50870c","gap","2023-10-28","定义与达意;选择与自由;成本与总账;劳动与组织;财富与市场;技术与工程","02;03;06;07;09;10;13;16;17;18;32;33"
"1963","5a05d7ce-251f-560a-82e0-66462c27863d","教而后养","2023-10-25","能力与学习;选择与自由;责任与后果;成本与总账;边界与许可;照料与家庭;法律与秩序;权力与异议;文明与历史;性别与身体","02;03;04;05;07;08;10;11;12;13;14;15;16;18;31;32;33"
"1964","fd56cfe8-ea4e-5d13-ace0-01fb7786e9cf","亚里士多德","2023-10-24","事实与证据;能力与学习;文明与历史","08;09;11;13;15;17;18;31;32;33"
"1965","49fee80f-5823-5b44-bf67-2a2bcbb49cda","见好就收","2023-10-23","能力与学习;选择与自由;责任与后果;成本与总账;信用与信任;财富与市场;法律与秩序;权力与异议;技术与工程","02;03;06;07;08;10;12;13;16;17;18;32;33"
"1966","c94f0fb0-a328-5bd6-9cf9-3ce4b74339d7","仙人指路","2023-10-22","能力与学习;选择与自由;责任与后果;成本与总账;边界与许可;劳动与组织","02;03;05;06;07;08;10;12;13;16;18"
"1967","16f197be-dc2e-52e8-9bb3-285c10b8e7f7","错上错","2023-10-21","事实与证据;定义与达意;能力与学习;选择与自由;责任与后果;信用与信任;边界与许可;劳动与组织;心理与主体","02;03;05;06;07;08;09;10;12;13;14;16;17;18"
"1968","8076b622-7925-5930-8d52-7f8404c46f82","第二十五","2023-10-20","定义与达意;成本与总账;信用与信任;权力与异议;心理与主体","03;06;07;08;09;10;12;14;17;18"
"1969","b8f88d55-2aa2-5e96-9a9d-4c486b4f4f42","适度焦虑","2023-10-20","定义与达意;能力与学习;选择与自由;责任与后果;爱与回应;照料与家庭;劳动与组织;心理与主体","02;03;04;05;06;07;08;09;10;12;13;14;16;17;18"
"1970","b4cf2664-7e4a-5e2b-b1fd-68b7a775e34d","南存北亡","2023-10-18","事实与证据;责任与后果;劳动与组织;法律与秩序;权力与异议;技术与工程;文明与历史;心理与主体","02;03;06;07;08;09;10;11;12;13;14;15;17;18;31;32;33"
"1971","6484adb6-aeaf-52c7-bb65-902ac9d51663","以法责众","2023-10-18","事实与证据;能力与学习;选择与自由;责任与后果;成本与总账;劳动与组织;财富与市场;权力与异议;文明与历史","02;03;06;07;08;09;10;11;12;13;15;16;17;18;31;32;33"
"1972","ba381115-87b2-560d-8e12-a0d5ef871bc8","内六角螺栓","2023-10-18","选择与自由;成本与总账;技术与工程","02;03;07;10;13;16;17;18;32;33"
"1973","af075321-1640-5df9-af25-7a67709a05c0","你说我听","2023-10-16","事实与证据;定义与达意;责任与后果;信用与信任;爱与回应;边界与许可;法律与秩序;心理与主体","02;03;04;05;06;07;08;09;10;12;14;16;17;18"
"1974","173c1de2-9a31-5228-9cd4-baaf9a2a77fe","七天无理由","2023-10-16","选择与自由;责任与后果;信用与信任;爱与回应;净输出与不掠夺;边界与许可;照料与家庭;法律与秩序","02;03;04;05;06;07;10;12;14;16;18"
"1975","3abc439e-7c12-59f8-b8ea-6f443a532b89","草台班子","2023-10-15","定义与达意;能力与学习;责任与后果;信用与信任;劳动与组织;生态与自然","02;03;06;08;09;10;12;13;17;18;25;32"
"1976","65406b21-33ad-5999-8941-4f672b5c5653","反骚扰","2023-10-12","事实与证据;选择与自由;责任与后果;成本与总账;信用与信任;爱与回应;劳动与组织;权力与异议;技术与工程;心理与主体;性别与身体","02;03;04;05;06;07;08;09;10;12;13;14;16;17;18;32;33"
"1977","2ad2f846-1cee-58ac-a8b9-1cad67d0f2f0","你好我好","2023-10-11","定义与达意;选择与自由;责任与后果;成本与总账;信用与信任;净输出与不掠夺;边界与许可;法律与秩序;权力与异议","02;03;05;06;07;09;10;12;16;17;18"
"1978","b06603b8-a9c6-51c6-b98f-d197bc7ef407","Billions","2023-10-11","事实与证据;定义与达意;责任与后果;成本与总账;信用与信任;照料与家庭;劳动与组织;财富与市场;法律与秩序","02;03;04;05;06;07;08;09;10;12;13;14;16;17;18"
"1979","94af94ac-aeb2-586a-befc-61657c9fe25e","向问天 任我行","2023-10-10","能力与学习;选择与自由;成本与总账;爱与回应;边界与许可;照料与家庭;劳动与组织;财富与市场","02;03;04;05;06;07;08;10;12;13;14;16;18"
"1980","cdedc58a-b732-5f09-85b4-f93a0edd034c","历史笑柄","2023-10-09","事实与证据;选择与自由;责任与后果;边界与许可;文明与历史","02;03;05;07;08;09;10;11;12;13;15;16;17;18;31;32;33"
"1981","6f11fb38-af2e-54c8-9f0f-6ba008fbf144","境界起点","2023-10-09","定义与达意;能力与学习;选择与自由;责任与后果;成本与总账;劳动与组织;文明与历史;生态与自然","02;03;06;07;08;09;10;11;12;13;15;16;17;18;25;31;32;33"
"1982","1f13b966-40a6-58ae-876b-4467351b96d4","情绪稳定","2023-10-09","定义与达意;能力与学习;成本与总账;边界与许可;劳动与组织;文明与历史;心理与主体","03;05;06;08;09;10;11;12;13;14;15;16;17;18;31;32;33"
"1983","0ef41eca-80ca-5bc0-946f-e889f1cbe612","它力更生","2023-10-08","事实与证据;定义与达意;能力与学习;责任与后果;成本与总账;爱与回应;照料与家庭;文明与历史;心理与主体","02;03;04;05;08;09;10;11;12;13;14;15;16;17;18;31;32;33"
"1984","8b20370e-2a30-524b-b18c-04e16672ad3d","无利可图","2023-10-06","选择与自由;成本与总账;边界与许可;劳动与组织;财富与市场;技术与工程","02;03;05;06;07;10;12;13;16;17;18;32;33"
"1985","38e2abdd-cb9a-5e51-81e8-d8fe7021dfc4","比较幸运","2023-10-06","事实与证据;选择与自由;责任与后果;成本与总账;照料与家庭;心理与主体","02;03;04;05;07;08;09;10;12;14;16;17;18"
"1986","a5c150ca-8219-58e3-bd99-caabe2179bf2","苦中苦","2023-10-06","选择与自由;成本与总账;心理与主体","02;03;07;08;10;14;16;17;18"
"1987","620262d8-b1c4-5c8d-a3e9-4c39dca3d618","忐忑不绝","2023-10-05","选择与自由;责任与后果;成本与总账;信用与信任;边界与许可;财富与市场;心理与主体","02;03;05;06;07;08;10;12;13;14;16;17;18"
"1988","d6aae1fd-e230-5475-817d-e310d7e4e668","以少胜多","2023-10-04","事实与证据;定义与达意;能力与学习;选择与自由;信用与信任;爱与回应;边界与许可;财富与市场;权力与异议;技术与工程","02;03;04;05;06;07;08;09;10;12;13;14;16;17;18;32;33"
"1989","b50aaf70-0572-5273-9101-5d0e329bb6ee","曹刘之姿","2023-10-04","能力与学习;选择与自由;责任与后果;成本与总账;财富与市场;技术与工程;心理与主体","02;03;07;08;10;12;13;14;16;17;18;32;33"
"1990","0b170991-fb0c-5a24-bfa3-7b24716569cf","泄洪渠","2023-10-03","事实与证据;定义与达意;能力与学习;选择与自由;责任与后果;信用与信任;爱与回应;边界与许可;权力与异议;技术与工程;心理与主体;性别与身体","02;03;04;05;06;07;08;09;10;12;13;14;16;17;18;32;33"
"1991","3df22bfa-f180-51d1-b91f-8967cfb86d83","苍蝇切","2023-10-02","事实与证据;选择与自由","02;07;08;09;16;17;18"
"1992","5157a879-1bff-5ee6-a149-99f832ef1ab3","可维之权","2023-10-02","事实与证据;选择与自由;责任与后果;边界与许可;法律与秩序;心理与主体","02;03;05;07;08;09;10;12;14;16;17;18"
"1993","75024418-35e2-51d1-aa7c-72e0a69af35d","无动于衷","2023-10-01","事实与证据;定义与达意;选择与自由;成本与总账;爱与回应;法律与秩序;心理与主体","02;03;04;05;07;08;09;10;12;14;16;17;18"
"1994","e1d73db8-bce3-5f36-ae06-02eae70b475d","父母先生","2023-10-01","能力与学习;选择与自由;成本与总账;信用与信任;边界与许可;照料与家庭;法律与秩序;心理与主体","02;03;04;05;06;07;08;10;12;13;14;16;17;18"
"1995","1eda41bf-7441-5d5a-95fc-1e546983ca7d","情理难融","2023-09-30","事实与证据;定义与达意;责任与后果;成本与总账;信用与信任;劳动与组织;法律与秩序;文明与历史","02;03;06;07;08;09;10;11;12;13;15;17;18;31;32;33"
"1996","b3914940-b2c2-5465-aee6-76ef4d081525","家传马奇诺","2023-09-30","事实与证据;能力与学习;责任与后果;成本与总账;照料与家庭;技术与工程;文明与历史","02;03;04;05;08;09;10;11;12;13;14;15;16;17;18;31;32;33"
"1997","483abc0b-e3e9-5964-802a-b0a465212e68","反消极","2023-09-30","能力与学习;成本与总账;信用与信任;边界与许可;劳动与组织;技术与工程","03;05;06;08;10;12;13;16;17;18;32;33"
"1998","b28bb5ef-2357-5ab0-af0b-cab09619925d","接受加班","2023-09-30","事实与证据;定义与达意;责任与后果;成本与总账;信用与信任;爱与回应;净输出与不掠夺;边界与许可;劳动与组织;法律与秩序","02;03;04;05;06;07;08;09;10;12;13;14;16;17;18"
"1999","e0522b36-a9f7-5b2c-bf18-e55e09bd77e9","站起来敬酒","2023-09-29","能力与学习;成本与总账;劳动与组织;权力与异议;技术与工程;文明与历史;民族与身份;宗教与自然法","03;06;07;08;10;11;12;13;15;17;18;27;31;32;33"
"2000","fc15fa57-ed26-5800-80cf-e1277d5b3efd","世界的二象性","2023-09-28","事实与证据;能力与学习;选择与自由;责任与后果;成本与总账;信用与信任;爱与回应;净输出与不掠夺;边界与许可;财富与市场;法律与秩序;权力与异议","02;03;04;05;06;07;08;09;10;12;13;14;16;17;18"
"2001","b1853867-d0f7-52d8-aa3c-f5f8e814941f","洪武大锅","2023-09-27","事实与证据;定义与达意;选择与自由;成本与总账;爱与回应;财富与市场;文明与历史","02;03;04;05;07;08;09;10;11;13;14;15;16;17;18;31;32;33"
"2002","f652b2ce-351e-5ae3-a4cc-223db1df3e94","求鱼与救火","2023-09-25","能力与学习;选择与自由;责任与后果;成本与总账;照料与家庭;法律与秩序;权力与异议;技术与工程;心理与主体","02;03;04;05;07;08;10;12;13;14;16;17;18;32;33"
"2003","edf61050-21c6-5995-bc7f-00f857ac58d7","关于问题的问题","2023-09-25","事实与证据;能力与学习;选择与自由;责任与后果;成本与总账;信用与信任;爱与回应;净输出与不掠夺;边界与许可","02;03;04;05;06;07;08;09;10;12;13;14;16;17;18"
"2004","4e9a6dc0-b4de-5e87-bc08-c00d85c35c47","无风之浪","2023-09-23","事实与证据;定义与达意;选择与自由;责任与后果;成本与总账;法律与秩序","02;03;07;08;09;10;12;16;17;18"
"2005","9b0b722e-18ec-5a5e-97b2-bfe7baf20405","三代乃成","2023-09-23","事实与证据;能力与学习;选择与自由;成本与总账;信用与信任;爱与回应;照料与家庭;财富与市场;技术与工程;文明与历史;心理与主体","02;03;04;05;06;07;08;09;10;11;12;13;14;15;16;17;18;31;32;33"
"2006","eb01601c-7a96-5aaa-9bc3-801b3b73c00a","霸王卸甲","2023-09-22","事实与证据;能力与学习;责任与后果;成本与总账;照料与家庭;法律与秩序;宗教与自然法","02;03;04;05;07;08;09;10;11;12;13;14;16;17;18"
"2007","5d241fd7-96db-5958-affb-413b7e986509","以盾为剑","2023-09-21","定义与达意;能力与学习;选择与自由;责任与后果;成本与总账;净输出与不掠夺;边界与许可;劳动与组织;权力与异议","02;03;05;06;07;08;09;10;12;13;16;17;18"
"2008","e8efc7f4-9d13-58cd-a7b8-2572233298ae","陵园","2023-09-21","事实与证据;能力与学习;边界与许可;财富与市场;文明与历史;生态与自然;心理与主体","03;05;08;09;10;11;12;13;14;15;16;17;18;25;31;32;33"
"2009","f6cf5265-723e-5fac-a90b-546292b95cbb","鬼佬","2023-09-21","事实与证据;能力与学习;成本与总账;劳动与组织;财富与市场;文明与历史;民族与身份;心理与主体;宗教与自然法","03;06;07;08;09;10;11;12;13;14;15;17;18;27;31;32;33"
"2010","6c4923a7-d19d-569c-9fc0-c33e51df76d2","不欣赏权","2023-09-21","定义与达意;能力与学习;选择与自由;责任与后果;成本与总账;爱与回应;边界与许可;法律与秩序;权力与异议","02;03;04;05;07;08;09;10;12;13;14;16;17;18"
"2011","152354e6-0595-5009-96a2-26ffc5762847","羊奶锅","2023-09-19","能力与学习;选择与自由;责任与后果;成本与总账;净输出与不掠夺;劳动与组织;财富与市场;法律与秩序;权力与异议;技术与工程;文明与历史;民族与身份","02;03;05;06;07;08;10;11;12;13;15;16;17;18;27;31;32;33"
"2012","6c5333d3-dc83-5655-88e7-cdab43a9969b","不置可否","2023-09-19","责任与后果;成本与总账;信用与信任;边界与许可;照料与家庭;法律与秩序;技术与工程","02;03;04;05;06;07;10;12;13;14;16;17;18;32;33"
"2013","2b80c970-eb3d-5f10-beb5-61d782c06302","贵亲","2023-09-18","定义与达意;选择与自由;责任与后果;成本与总账;净输出与不掠夺;边界与许可;财富与市场;法律与秩序","02;03;05;07;09;10;12;13;16;17;18"
"2014","dc94cc21-fa55-5202-9e3b-81d5ab2389f6","拆散","2023-09-18","定义与达意;能力与学习;选择与自由;爱与回应;边界与许可;照料与家庭;权力与异议;心理与主体","02;03;04;05;07;08;09;12;13;14;16;17;18"
"2015","5fc776f0-0504-5cc8-9c74-ae2e3ab34633","丧气话","2023-09-17","定义与达意;能力与学习;选择与自由;责任与后果;成本与总账;财富与市场;文明与历史;心理与主体","02;03;07;08;09;10;11;12;13;14;15;16;17;18;31;32;33"
"2016","7ff86c65-a7c6-59a8-a272-e4ed6108cb73","神娱乐","2023-09-16","能力与学习;选择与自由;爱与回应;边界与许可;劳动与组织;宗教与自然法","02;04;05;06;07;08;10;11;12;13;14;16;18"
"2017","f5c5597b-348f-5332-a262-8dc6b577213b","唯一错误选择","2023-09-15","能力与学习;选择与自由;责任与后果;成本与总账;信用与信任;边界与许可;劳动与组织;心理与主体","02;03;05;06;07;08;10;12;13;14;16;17;18"
"2018","f42bdddc-cd53-55ab-9f5c-a144ba83583e","补天士","2023-09-14","事实与证据;定义与达意;责任与后果;成本与总账;财富与市场;文明与历史","02;03;08;09;10;11;12;13;15;17;18;31;32;33"
"2019","c76c0111-799b-5157-9bb8-1ab937fd1927","兰花指","2023-09-13","事实与证据;定义与达意;选择与自由;责任与后果;成本与总账;信用与信任;边界与许可;照料与家庭;权力与异议;心理与主体","02;03;04;05;06;07;08;09;10;12;14;16;17;18"
"2020","10e8a6eb-144e-575a-af40-a36f2ba09e32","喜下眉梢","2023-09-12","事实与证据;选择与自由;责任与后果;成本与总账;爱与回应;边界与许可;劳动与组织;财富与市场;法律与秩序;技术与工程;心理与主体","02;03;04;05;06;07;08;09;10;12;13;14;16;17;18;32;33"
"2021","07c79932-bf91-5fc1-b4c5-085be4c42637","寒号","2023-09-11","能力与学习;选择与自由;财富与市场;法律与秩序;技术与工程;生态与自然","02;03;07;08;10;12;13;16;17;18;25;32;33"
"2022","ebd437f4-825a-5b70-8b9f-ee5deb39f425","不绝望的功夫","2023-09-10","定义与达意;能力与学习;选择与自由;责任与后果;边界与许可;权力与异议;心理与主体;性别与身体","02;03;05;07;08;09;10;12;13;14;16;17;18"
"2023","fea6405e-4cb6-5632-b6d3-7ed8944d7459","神性","2023-09-10","定义与达意;能力与学习;权力与异议;生态与自然;性别与身体;宗教与自然法","03;05;07;08;09;11;12;13;14;16;17;18;25;32"
"2024","43782e26-e33b-59dd-bff3-bafd0e109413","东方主义","2023-09-09","选择与自由;责任与后果;成本与总账;边界与许可;财富与市场;法律与秩序;权力与异议;技术与工程","02;03;05;07;10;12;13;16;17;18;32;33"
"2025","82e27fcc-bf19-5ba0-a562-c73ecc990653","诽谤斗争","2023-09-09","事实与证据;能力与学习;责任与后果;成本与总账;边界与许可;财富与市场;法律与秩序","02;03;05;07;08;09;10;12;13;16;17;18"
"2026","77c688c5-82d1-5d86-ab4e-d9543dcc3439","吃亏高手","2023-09-07","能力与学习;选择与自由;责任与后果;成本与总账;净输出与不掠夺;照料与家庭;财富与市场;法律与秩序;性别与身体","02;03;04;05;07;08;10;12;13;14;16;18"
"2027","9ddd1fc3-a9a6-5564-8f0a-1a918130bbe1","借一步青云","2023-09-07","事实与证据;能力与学习;选择与自由;责任与后果;成本与总账;劳动与组织;法律与秩序;心理与主体","02;03;06;07;08;09;10;12;13;14;16;17;18"
"2028","49002658-43e9-50ec-a69f-48d0f11570f8","饿死","2023-09-06","能力与学习;成本与总账;权力与异议;心理与主体;性别与身体","03;05;07;08;10;12;13;14;16;17;18"
"2029","731eb3ac-0eb6-5900-a661-3c4a37308366","妖道","2023-09-06","事实与证据;定义与达意;成本与总账;法律与秩序;权力与异议;心理与主体;宗教与自然法","03;07;08;09;10;11;12;14;17;18"
"2030","566f14ef-53d3-52f7-a203-dd79eb5ca2bf","快改慢","2023-09-06","事实与证据;定义与达意;能力与学习;选择与自由;责任与后果;成本与总账;边界与许可;法律与秩序;权力与异议","02;03;05;07;08;09;10;12;13;16;17;18"
"2031","aae75ea2-76f2-551b-aefb-d47e5a4224e7","效率之王","2023-09-06","事实与证据;定义与达意;能力与学习;选择与自由;责任与后果;劳动与组织;财富与市场;权力与异议","02;03;06;07;08;09;10;12;13;16;17;18"
"2032","e55c13c6-d573-5c7e-8925-8c1a77d0e65e","殴打信使","2023-09-05","事实与证据;能力与学习;选择与自由;责任与后果;成本与总账;边界与许可;劳动与组织;财富与市场;法律与秩序;技术与工程;文明与历史;民族与身份;心理与主体","02;03;05;06;07;08;09;10;11;12;13;14;15;16;17;18;27;31;32;33"
"2033","0cf30a53-cb75-5ca5-b901-c2b12348f21c","枣树","2023-09-05","事实与证据;能力与学习;成本与总账;照料与家庭;心理与主体","03;04;05;08;09;10;13;14;16;17;18"
"2034","ccd03479-fd90-5640-9b97-4aa9d861d783","手刹","2023-09-04","事实与证据;定义与达意;责任与后果;成本与总账;技术与工程;心理与主体","02;03;08;09;10;12;13;14;17;18;32;33"
"2035","38b94fb1-c9e2-52d4-bf8e-1dbb17b55566","吹哨人","2023-09-04","定义与达意;能力与学习;选择与自由;责任与后果;成本与总账;信用与信任;净输出与不掠夺;劳动与组织;心理与主体","02;03;05;06;07;08;09;10;12;13;14;16;17;18"
"2036","dca6acac-7254-55aa-8b50-d5d1e94e1d06","知见咒","2023-09-04","事实与证据;能力与学习;成本与总账;边界与许可;照料与家庭;财富与市场;权力与异议;技术与工程;文明与历史;心理与主体","03;04;05;07;08;09;10;11;12;13;14;15;16;17;18;31;32;33"
"2037","a362640c-cb1c-563d-906b-56f48d00b25a","十年太守","2023-09-03","定义与达意;选择与自由;责任与后果;边界与许可;照料与家庭;法律与秩序;权力与异议;文明与历史;心理与主体","02;03;04;05;07;08;09;10;11;12;13;14;15;16;17;18;31;32;33"
"2038","951edfba-d7aa-5d13-9e72-7c5f99171083","父母尊严","2023-09-03","事实与证据;能力与学习;选择与自由;责任与后果;成本与总账;信用与信任;边界与许可;照料与家庭;法律与秩序;权力与异议;心理与主体","02;03;04;05;06;07;08;09;10;12;13;14;16;17;18"
"2039","35239271-9349-5022-9dec-3f9fb90343fe","极简悄悄话","2023-09-02","事实与证据;定义与达意;成本与总账;边界与许可;照料与家庭;法律与秩序;性别与身体","03;04;05;07;08;09;10;12;14;16;17;18"
"2040","228be16e-853e-5240-a9f5-ff64e766d304","过儿能改","2023-09-02","事实与证据;能力与学习;选择与自由;责任与后果;净输出与不掠夺;劳动与组织;财富与市场;法律与秩序;权力与异议;文明与历史","02;03;05;06;07;08;09;10;11;12;13;15;16;17;18;31;32;33"
"2041","8009bdcf-d81e-5812-9343-4d18a3fac15e","帝王蟹","2023-09-02","能力与学习;成本与总账;照料与家庭;财富与市场","03;04;05;08;10;13;14;16;18"
"2042","f8b2c627-bfdd-526d-ac80-0d8d8c57cc17","举石者","2023-09-02","事实与证据;定义与达意;能力与学习;选择与自由;责任与后果;成本与总账;边界与许可;照料与家庭;法律与秩序;技术与工程;文明与历史;心理与主体","02;03;04;05;07;08;09;10;11;12;13;14;15;16;17;18;31;32;33"
"2043","5cb9b9e6-3407-5b45-b947-25248e819e84","甲醛","2023-08-31","事实与证据;选择与自由;成本与总账;财富与市场;权力与异议;技术与工程","02;03;07;08;09;10;12;13;16;17;18;32;33"
"2044","70fb9845-3cfe-5499-92ac-0e565bb01bc6","先生赴死","2023-08-31","事实与证据;能力与学习;责任与后果;边界与许可;照料与家庭;法律与秩序;文明与历史;性别与身体","02;03;04;05;07;08;09;10;11;12;13;14;15;16;17;18;31;32;33"
"2045","72a2995a-91f0-5d7b-b956-e11fdaf9bdaa","老而不语","2023-08-30","事实与证据;选择与自由;责任与后果;成本与总账;财富与市场;权力与异议;性别与身体","02;03;05;07;08;09;10;12;13;14;16;17;18"
"2046","ca6546f6-5951-5947-b0ac-c4a7485e6864","内外之分","2023-08-30","事实与证据;定义与达意;选择与自由;责任与后果;成本与总账;爱与回应;照料与家庭;劳动与组织;文明与历史","02;03;04;05;06;07;08;09;10;11;12;13;14;15;16;17;18;31;32;33"
"2047","a4cca36b-7373-5de9-9be6-f43f74ae75b0","好大饼","2023-08-29","事实与证据;定义与达意;选择与自由;责任与后果;成本与总账;信用与信任;边界与许可;劳动与组织;技术与工程","02;03;05;06;07;08;09;10;12;13;16;17;18;32;33"
"2048","6482e7e1-cbac-54c0-b9f7-bccac96b0993","三秘卷","2023-08-27","能力与学习;选择与自由;责任与后果;成本与总账;爱与回应;净输出与不掠夺;边界与许可;照料与家庭;性别与身体","02;03;04;05;07;08;10;12;13;14;16;18"
"2049","5dbec508-6722-52ec-9818-4becff6f68e6","瘦麒麟","2023-08-27","事实与证据;定义与达意;责任与后果;成本与总账;边界与许可;劳动与组织;法律与秩序;心理与主体","02;03;05;06;07;08;09;10;12;13;14;16;17;18"
"2050","61a9b576-8376-5a3c-88dd-06b73ae25f0c","皆大欢喜","2023-08-27","事实与证据;能力与学习;选择与自由;责任与后果;成本与总账;信用与信任;边界与许可;技术与工程;心理与主体","02;03;05;06;07;08;09;10;12;13;14;16;17;18;32;33"
"2051","14b4724f-23f0-5e23-a446-bb00ec49e590","浅不可测","2023-08-26","能力与学习;选择与自由;成本与总账;信用与信任;心理与主体","02;03;06;07;08;10;12;13;14;16;17;18"
"2052","d345dfad-efbe-5dd8-ad4d-4bc095c30d26","体感拳皇","2023-08-25","能力与学习;选择与自由;成本与总账;劳动与组织;财富与市场;权力与异议","02;03;06;07;08;10;12;13;16;18"
"2053","23b81fa0-b871-535e-a523-e59dcf36dd23","共识的逻辑","2023-08-25","事实与证据;责任与后果;信用与信任;劳动与组织;技术与工程;性别与身体","02;03;05;06;08;09;10;12;13;14;16;17;18;32;33"
"2054","3b4f37bf-f4e1-5ae3-adb1-db75085d592a","大金砖","2023-08-25","事实与证据;成本与总账;劳动与组织;财富与市场;法律与秩序;文明与历史","03;06;07;08;09;10;11;12;13;15;17;18;31;32;33"
"2055","9cbdfc98-e00b-5fe8-907a-92ee6d25e4af","博士伦","2023-08-25","能力与学习;成本与总账;劳动与组织;心理与主体;宗教与自然法","03;06;07;08;10;11;13;14;17;18"
"2056","85ec0509-e94c-5f83-b600-6532696461ba","好声音，坏声音","2023-08-24","能力与学习;选择与自由;责任与后果;成本与总账;信用与信任;财富与市场;心理与主体","02;03;06;07;08;10;12;13;14;16;17;18"
"2057","6d636577-cda6-55b1-8a81-854ed5120567","长大线","2023-08-24","能力与学习;选择与自由;责任与后果;成本与总账;爱与回应;心理与主体;性别与身体","02;03;04;05;07;08;10;12;13;14;16;17;18"
"2058","56e7a110-bdf5-5992-bcbc-10282d1af927","排放税","2023-08-24","事实与证据;责任与后果;成本与总账;净输出与不掠夺;财富与市场;法律与秩序;技术与工程;生态与自然;心理与主体","02;03;05;07;08;09;10;12;13;14;16;17;18;25;32;33"
"2059","56b2e658-77df-5632-becc-4ecd5093d3b8","缅甸暖宝宝","2023-08-24","事实与证据;能力与学习;选择与自由;成本与总账;劳动与组织;财富与市场;法律与秩序;技术与工程;文明与历史","02;03;06;07;08;09;10;11;12;13;15;16;17;18;31;32;33"
"2060","aed43269-ce9a-517c-867e-1f7588fa739a","保持饥饿","2023-08-24","事实与证据;选择与自由;责任与后果;照料与家庭;权力与异议;心理与主体","02;03;04;05;07;08;09;10;12;14;16;17;18"
"2061","a9393d42-9217-5376-811f-7b8506327c1f","上下不合","2023-08-24","事实与证据;定义与达意;选择与自由;责任与后果;成本与总账;边界与许可;劳动与组织;法律与秩序;技术与工程","02;03;05;06;07;08;09;10;12;13;16;17;18;32;33"
"2062","49b210cd-fd17-5feb-9041-e14f695ec2f2","项羽说书","2023-08-24","能力与学习;选择与自由;责任与后果;成本与总账;信用与信任;劳动与组织;财富与市场;法律与秩序;文明与历史;生态与自然","02;03;06;07;08;10;11;12;13;15;16;18;25;31;32;33"
"2063","e9b189fd-4ec4-53a5-8c7d-5b8f26896afc","好意成全","2023-08-23","事实与证据;能力与学习;选择与自由;责任与后果;信用与信任;净输出与不掠夺;边界与许可;财富与市场;法律与秩序;技术与工程","02;03;05;06;07;08;09;10;12;13;16;17;18;32;33"
"2064","c591f2b0-bc9b-5f40-b06b-668eaa5f1f88","不阻死志","2023-08-23","定义与达意;选择与自由;责任与后果;成本与总账;边界与许可;法律与秩序;心理与主体","02;03;05;07;08;09;10;12;14;16;17;18"
"2065","1e5d4166-f609-5910-bab1-cf90a063d9e4","缪斯性","2023-08-21","定义与达意;能力与学习;爱与回应;边界与许可;劳动与组织;法律与秩序;技术与工程;文明与历史","04;05;06;07;08;09;10;11;12;13;14;15;16;17;18;31;32;33"
"2066","5aa78caa-7ade-571e-919f-453b653b1248","有声胜无声","2023-08-21","事实与证据;选择与自由;责任与后果;成本与总账;信用与信任;边界与许可;权力与异议","02;03;05;06;07;08;09;10;12;16;17;18"
"2067","698c8daf-20a7-5d5c-8f25-7f7ce562d35f","不耻第一","2023-08-20","事实与证据;定义与达意;选择与自由;爱与回应;边界与许可;照料与家庭;法律与秩序;权力与异议;技术与工程;文明与历史;心理与主体","02;03;04;05;07;08;09;11;12;13;14;15;16;17;18;31;32;33"
"2068","d47a3b28-4b0b-57b6-8317-0be42fff1b93","顺流直下","2023-08-19","事实与证据;责任与后果;成本与总账;爱与回应;边界与许可;财富与市场;心理与主体","02;03;04;05;08;09;10;12;13;14;16;17;18"
"2069","66abbe02-927e-54fa-a5da-e65c9da0d232","太空葬","2023-08-18","边界与许可;法律与秩序;技术与工程","05;07;12;13;16;17;18;32;33"
"2070","ef18d827-2cfa-563c-906d-55e856c05b42","伤亡","2023-08-18","事实与证据;能力与学习;选择与自由;责任与后果;成本与总账;技术与工程;心理与主体","02;03;07;08;09;10;12;13;14;16;17;18;32;33"
"2071","3d1b33a1-979d-5f75-944b-8ebdf844162c","千王之王","2023-08-17","事实与证据;定义与达意;能力与学习;选择与自由;责任与后果;成本与总账;信用与信任;边界与许可;劳动与组织;财富与市场;权力与异议","02;03;05;06;07;08;09;10;12;13;16;17;18"
"2072","41d0fb90-867a-589a-8cb6-29f2959d30fb","辞旧迎新","2023-08-17","成本与总账;信用与信任;劳动与组织;财富与市场;法律与秩序;文明与历史;性别与身体","03;05;06;07;10;11;12;13;14;15;16;18;31;32;33"
"2073","333b459c-ce1d-5592-b88f-8e2945f20f82","无能而无害","2023-08-16","定义与达意;能力与学习;选择与自由;责任与后果;成本与总账;信用与信任;财富与市场;法律与秩序;技术与工程;心理与主体","02;03;06;07;08;09;10;12;13;14;16;17;18;32;33"
"2074","2b618a90-aaf8-5502-84f8-f1cf3405f0bf","肘后千金","2023-08-16","能力与学习;责任与后果;成本与总账;边界与许可;劳动与组织;法律与秩序;心理与主体","02;03;05;06;07;08;10;12;13;14;16;17;18"
"2075","831b9207-c1b6-5336-b288-cd5aac8b313b","教同存异","2023-08-15","事实与证据;能力与学习;选择与自由;责任与后果;照料与家庭;法律与秩序;民族与身份;生态与自然","02;03;04;05;07;08;09;10;12;13;14;16;17;18;25;27;31;32"
"2076","af23db4a-2dac-57fd-8342-418adaae7037","锯箭杆","2023-08-14","能力与学习;爱与回应;照料与家庭;权力与异议;心理与主体","03;04;05;07;08;12;13;14;16;17;18"
"2077","3532fb6c-e989-5218-bc9c-a4f39dcc2cb0","要你何用","2023-08-13","事实与证据;定义与达意;能力与学习;责任与后果;信用与信任;边界与许可;照料与家庭;权力与异议;技术与工程","02;03;04;05;06;07;08;09;10;12;13;14;16;17;18;32;33"
"2078","a8f1f2b8-335a-5194-9d9e-58cc45e6d311","欺负","2023-08-13","定义与达意;能力与学习;责任与后果;心理与主体;宗教与自然法","02;03;07;08;09;10;11;12;13;14;17;18"
"2079","5cb1a9bb-4eac-5824-9c63-14093a2c806f","赌你","2023-08-13","事实与证据;选择与自由;责任与后果;成本与总账;信用与信任","02;03;06;07;08;09;10;12;16;17;18"
"2080","bc0f0bf1-db25-5945-abf4-493e9636f126","八行书","2023-08-13","事实与证据;责任与后果;边界与许可;文明与历史","02;03;05;08;09;10;11;12;13;15;16;17;18;31;32;33"
"2081","be26e896-2f06-511a-abd6-8be33c5cff1f","挫折死","2023-08-11","能力与学习;责任与后果;成本与总账;信用与信任;财富与市场;权力与异议;心理与主体","02;03;06;07;08;10;12;13;14;17;18"
"2082","eabed742-cb43-5abf-8bf7-40ea18f3a8f7","自然疗法","2023-08-10","事实与证据;能力与学习;责任与后果;成本与总账;财富与市场;法律与秩序;技术与工程;文明与历史;生态与自然","02;03;07;08;09;10;11;12;13;15;17;18;25;31;32;33"
"2083","b3d4dc2e-1f8a-5756-b437-1f506bba7933","我上，我负责","2023-08-08","事实与证据;能力与学习;选择与自由;责任与后果;成本与总账;边界与许可;劳动与组织;法律与秩序;文明与历史;民族与身份;生态与自然","02;03;05;06;07;08;09;10;11;12;13;15;16;17;18;25;27;31;32;33"
"2084","70e12f9f-f254-5844-9eb7-a7871cf2c5b2","清道夫之饵","2023-08-07","能力与学习;成本与总账;信用与信任;爱与回应;边界与许可;文明与历史;心理与主体","03;04;05;06;08;10;11;12;13;14;15;16;17;18;31;32;33"
"2085","e0c9ea2b-d189-5344-9d00-5f50eb687edf","自责","2023-08-07","事实与证据;能力与学习;选择与自由;责任与后果;成本与总账;信用与信任;边界与许可;照料与家庭;劳动与组织;心理与主体","02;03;04;05;06;07;08;09;10;12;13;14;16;17;18"
"2086","87e473e1-aeae-54f6-9382-3fd9ad423c40","大蛇","2023-08-07","事实与证据;定义与达意;责任与后果;成本与总账;法律与秩序;权力与异议","02;03;07;08;09;10;12;17;18"
"2087","cb5a09fc-8611-5e74-9db5-e128aad6f060","好生不仁","2023-08-06","能力与学习;成本与总账;信用与信任;劳动与组织;法律与秩序;文明与历史","03;06;07;08;10;11;12;13;15;18;31;32;33"
"2088","4e52507a-0fab-56a8-b78f-be7048e022d3","劳资蜀道山","2023-08-05","选择与自由;成本与总账;信用与信任;爱与回应;技术与工程;生态与自然;心理与主体","02;03;04;05;06;07;08;10;12;13;14;16;17;18;25;32;33"
"2089","9ac45b50-457c-530c-a3e8-c4a77bacedaa","与民同乐","2023-08-05","定义与达意;责任与后果;成本与总账","02;03;09;10;12;17;18"
"2090","4ea7acef-1f96-5481-8482-f6383e955bdc","爱因斯坦之子","2023-08-05","能力与学习;爱与回应;照料与家庭;劳动与组织;法律与秩序;文明与历史","04;05;06;07;08;10;11;12;13;14;15;16;18;31;32;33"
"2091","1fabe58e-89e5-5505-81cf-1196210113dc","无动力","2023-08-05","能力与学习;选择与自由;责任与后果;信用与信任;爱与回应;边界与许可;心理与主体","02;03;04;05;06;07;08;10;12;13;14;16;17;18"
"2092","fa703f64-a1bd-510d-923e-d60e5cda1535","反间","2023-08-04","定义与达意;选择与自由;责任与后果;照料与家庭;劳动与组织;文明与历史;民族与身份;心理与主体;性别与身体;宗教与自然法","02;03;04;05;06;07;08;09;10;11;12;13;14;15;16;17;18;27;31;32;33"
"2093","3df5e47b-73d2-5361-a9b5-0cf2a6bf4221","不优秀的价值","2023-08-04","能力与学习;责任与后果;成本与总账;信用与信任;爱与回应;边界与许可;照料与家庭;劳动与组织;权力与异议;心理与主体","02;03;04;05;06;07;08;10;12;13;14;16;17;18"
"2094","6123dd60-739a-58fd-b4ec-e2f7eb425b00","发脾气权","2023-08-04","定义与达意;能力与学习;选择与自由;责任与后果;爱与回应;边界与许可;权力与异议;心理与主体","02;03;04;05;07;08;09;10;12;13;14;16;17;18"
"2095","b61be412-94ee-5961-9445-c48786d74925","论同志","2023-08-03","事实与证据;定义与达意;能力与学习;选择与自由;信用与信任;边界与许可;照料与家庭;财富与市场;法律与秩序;技术与工程;文明与历史;性别与身体","02;03;04;05;06;07;08;09;10;11;12;13;14;15;16;17;18;31;32;33"
"2096","304f911c-4080-5457-93fc-476f80b2262c","幼稚的成年人","2023-08-03","定义与达意;能力与学习;选择与自由;责任与后果;边界与许可;劳动与组织;技术与工程;文明与历史;生态与自然;心理与主体","02;03;05;06;07;08;09;10;11;12;13;14;15;16;17;18;25;31;32;33"
"2097","67dc3390-7bdf-57f6-acf4-a6cf8832c582","金鸡独立的程咬金","2023-08-02","能力与学习;选择与自由;成本与总账;爱与回应;边界与许可;照料与家庭;劳动与组织;技术与工程","02;03;04;05;06;07;08;10;12;13;14;16;17;18;32;33"
"2098","50b7481a-9c26-51c1-9266-dde345d802a9","韩军文化","2023-07-31","能力与学习;责任与后果;成本与总账;边界与许可;文明与历史;心理与主体","02;03;05;08;10;11;12;13;14;15;16;17;18;31;32;33"
"2099","9a8c7950-c89e-5fb4-a298-ac343e1928a9","装之罪","2023-07-31","定义与达意;选择与自由;责任与后果;成本与总账;信用与信任;边界与许可;财富与市场;法律与秩序","02;03;05;06;07;09;10;12;13;16;17;18"
"2100","b1bef850-e55d-5800-bdca-fcf7c1357347","滑","2023-07-30","事实与证据;能力与学习;选择与自由;责任与后果;成本与总账;信用与信任;照料与家庭;文明与历史","02;03;04;05;06;07;08;09;10;11;12;13;14;15;16;17;18;31;32;33"
"2101","2af5dfcb-3b9a-52ae-a5dd-d6acbe5acf78","分明的灰","2023-07-30","定义与达意;能力与学习;选择与自由;文明与历史","02;07;08;09;11;13;15;16;17;18;31;32;33"
"2102","dbd7bab9-d695-5e8a-96b9-49ce7510e790","俗","2023-07-30","事实与证据;定义与达意;能力与学习;爱与回应;技术与工程;文明与历史","04;05;08;09;11;13;14;15;16;17;18;31;32;33"
"2103","729cd136-2081-5743-aca7-dc7f354abff6","头盔锁","2023-07-29","定义与达意;选择与自由;责任与后果;成本与总账;财富与市场;技术与工程;生态与自然","02;03;07;09;10;12;13;16;17;18;25;32;33"
"2104","56be0bb5-2283-5e90-9c4e-a6269ca4f3e1","不必急","2023-07-28","定义与达意;能力与学习;选择与自由;责任与后果;成本与总账;劳动与组织;财富与市场;心理与主体","02;03;06;07;08;09;10;12;13;14;16;17;18"
"2105","6febbd02-5285-5654-becc-0b4feb323428","鲁迅复活","2023-07-28","事实与证据;能力与学习;选择与自由;责任与后果;成本与总账;权力与异议;文明与历史;心理与主体","02;03;07;08;09;10;11;12;13;14;15;16;17;18;31;32;33"
"2106","fa44c271-ea1b-583f-bd7e-8af4da03e72c","事不可为","2023-07-28","能力与学习;选择与自由;责任与后果;成本与总账;照料与家庭;劳动与组织;心理与主体;性别与身体;宗教与自然法","02;03;04;05;06;07;08;10;11;12;13;14;16;17;18"
"2107","f085debe-0250-598a-b7e4-fe095448c286","先独立，再自由","2023-07-28","定义与达意;选择与自由;责任与后果;成本与总账;边界与许可;劳动与组织","02;03;05;06;07;09;10;12;13;16;17;18"
"2108","1fefb679-a465-5c5f-a1eb-3f71b7a9c9a7","小灵通","2023-07-26","选择与自由;成本与总账;财富与市场","02;03;07;10;13;16;18"
"2109","a7b0f2b1-ea2e-5111-9b57-ebc10cef9b7c","发奋读书","2023-07-25","能力与学习;成本与总账;信用与信任;照料与家庭;劳动与组织;技术与工程;生态与自然;心理与主体","03;04;05;06;08;10;12;13;14;16;17;18;25;32;33"
"2110","57930412-2969-55af-9de1-6e877ad1bbf9","传统","2023-07-25","定义与达意;选择与自由;责任与后果;成本与总账;劳动与组织;财富与市场;法律与秩序;权力与异议;文明与历史;心理与主体","02;03;06;07;08;09;10;11;12;13;14;15;16;17;18;31;32;33"
"2111","6db23a70-fd88-5f17-99f0-5c72931aab1d","钓鱼背心","2023-07-24","事实与证据;能力与学习;责任与后果;成本与总账;劳动与组织;法律与秩序;技术与工程;文明与历史;民族与身份","02;03;06;07;08;09;10;11;12;13;15;17;18;27;31;32;33"
"2112","1469451c-9dec-50ca-9922-96bd8657628d","0day风险","2023-07-24","事实与证据;定义与达意;能力与学习;责任与后果;成本与总账;爱与回应;边界与许可;劳动与组织;技术与工程;文明与历史","02;03;04;05;06;08;09;10;11;12;13;14;15;16;17;18;31;32;33"
"2113","efdb1950-af36-5467-89d7-9500cedf29de","西瓜皮","2023-07-24","事实与证据;定义与达意;能力与学习;责任与后果;成本与总账;爱与回应;法律与秩序;权力与异议","02;03;04;05;07;08;09;10;12;13;14;16;17;18"
"2114","ff7e5107-0652-5e0e-b20a-c83dcd72c9df","密码安全","2023-07-24","定义与达意;责任与后果;成本与总账;技术与工程;文明与历史","02;03;09;10;11;12;13;15;17;18;31;32;33"
"2115","26ae8123-ecc1-5881-82d9-a3c3e64e7b8c","handyman","2023-07-23","能力与学习;选择与自由;成本与总账;爱与回应;技术与工程;心理与主体","02;03;04;05;07;08;10;13;14;16;17;18;32;33"
"2116","7967418c-9125-542c-8174-77a7e2ae0a5d","my style","2023-07-22","定义与达意;能力与学习;选择与自由;技术与工程","02;07;08;09;13;16;17;18;32;33"
"2117","83a9b3cc-76f4-5693-b0b5-738ee251ad82","薪酬基准","2023-07-22","事实与证据;能力与学习;选择与自由;成本与总账;爱与回应;劳动与组织;财富与市场;文明与历史","02;03;04;05;06;07;08;09;10;11;13;14;15;16;17;18;31;32;33"
"2118","f79ebb64-65cb-5e9b-8fb6-ef04fbec6610","super power","2023-07-21","事实与证据;定义与达意;能力与学习;选择与自由;边界与许可;法律与秩序;权力与异议;技术与工程","02;03;05;07;08;09;12;13;16;17;18;32;33"
"2119","cdfe3d01-0559-5569-83ac-6428d6b57645","错误的选择","2023-07-20","事实与证据;能力与学习;选择与自由;责任与后果;成本与总账;照料与家庭;劳动与组织;心理与主体","02;03;04;05;06;07;08;09;10;12;13;14;16;17;18"
"2120","b8ea956d-1a68-5cde-bc13-3a6a4467d8bf","懒惰基准","2023-07-19","事实与证据;定义与达意;能力与学习;照料与家庭;劳动与组织;法律与秩序;技术与工程;心理与主体","04;05;06;07;08;09;10;12;13;14;16;17;18;32;33"
"2121","7420bc45-b580-5e66-9912-3da120fdc7c2","脆弱的诡计","2023-07-19","定义与达意;能力与学习;责任与后果;成本与总账;爱与回应;边界与许可;照料与家庭;心理与主体","02;03;04;05;08;09;10;12;13;14;16;17;18"
"2122","7df91eee-d806-536b-9853-68ef9e0a0319","还手","2023-07-18","事实与证据;定义与达意;选择与自由;责任与后果;成本与总账;照料与家庭;法律与秩序;权力与异议;文明与历史","02;03;04;05;07;08;09;10;11;12;13;14;15;16;17;18;31;32;33"
"2123","ae4e6575-5309-5495-be1a-b9f1738e7bbc","和而不同","2023-07-17","选择与自由;责任与后果;成本与总账;爱与回应;边界与许可;权力与异议;文明与历史","02;03;04;05;07;10;11;12;13;14;15;16;18;31;32;33"
"2124","ec908237-cf89-5d02-94a3-a88973d4ba1d","无效安慰","2023-07-16","定义与达意;能力与学习;责任与后果;技术与工程;心理与主体;性别与身体","02;03;05;08;09;10;12;13;14;16;17;18;32;33"
"2125","520dddd4-3a1d-5a3a-bc04-10a292993488","反驳人","2023-07-15","事实与证据;定义与达意;选择与自由;责任与后果;成本与总账;心理与主体","02;03;07;08;09;10;12;14;16;17;18"
"2126","9a27a968-abef-5a05-8e28-793f54efe5fa","不赏饭","2023-07-15","事实与证据;定义与达意;能力与学习;选择与自由;责任与后果;成本与总账;边界与许可;照料与家庭;劳动与组织;法律与秩序;技术与工程;性别与身体","02;03;04;05;06;07;08;09;10;12;13;14;16;17;18;32;33"
"2127","c79085f6-dc86-5a9b-96d0-bb9c1a7f3ee1","演技单薄","2023-07-15","事实与证据;定义与达意;能力与学习;爱与回应;文明与历史;心理与主体;性别与身体","04;05;08;09;11;13;14;15;16;17;18;31;32;33"
"2128","46efd8cb-4fc5-5bf5-aac4-0e4aa229914c","作为主人的价值","2023-07-13","事实与证据;能力与学习;选择与自由;成本与总账;边界与许可;劳动与组织;权力与异议","02;03;05;06;07;08;09;10;12;13;16;17;18"
"2129","c98fe747-68f6-59f2-bb60-d3c14d93ca6e","祭祀","2023-07-11","责任与后果;成本与总账;劳动与组织;法律与秩序;权力与异议;技术与工程;文明与历史;生态与自然;宗教与自然法","02;03;06;07;10;11;12;13;15;17;18;25;31;32;33"
"2130","38d04268-465e-5d9d-bbbf-3cf7d471bc1a","指定幻觉","2023-07-10","事实与证据;定义与达意;责任与后果;成本与总账;边界与许可;财富与市场;法律与秩序;心理与主体","02;03;05;07;08;09;10;12;13;14;16;17;18"
"2131","23318fa3-5768-580d-b106-da5661006d45","三赢童话","2023-07-09","事实与证据;定义与达意;责任与后果;成本与总账;边界与许可;照料与家庭;财富与市场;法律与秩序;生态与自然","02;03;04;05;07;08;09;10;12;13;14;16;17;18;25;32"
"2132","9a726b46-0f83-5645-9696-1fc698bce52d","职业生命","2023-07-09","定义与达意;能力与学习;选择与自由;成本与总账;劳动与组织;财富与市场;文明与历史","02;03;06;07;08;09;10;11;13;15;16;17;18;31;32;33"
"2133","b37a47eb-3bf4-5667-a2cb-f5f26e939fa6","不容有失","2023-07-08","责任与后果;成本与总账;边界与许可;劳动与组织;技术与工程;心理与主体","02;03;05;06;08;10;12;13;14;16;17;18;32;33"
"2134","92f3ef1e-60e1-58af-9a37-58331fa648be","克里希那穆提","2023-07-08","定义与达意;选择与自由;技术与工程;文明与历史;心理与主体","02;07;08;09;11;13;14;15;16;17;18;31;32;33"
"2135","70ea33ba-14c0-5ecb-9f85-617919f95d35","食人崇拜","2023-07-08","定义与达意;能力与学习;选择与自由;财富与市场;法律与秩序;权力与异议;文明与历史;心理与主体","02;03;07;08;09;10;11;12;13;14;15;16;17;18;31;32;33"
"2136","867be15b-0a0c-50e8-aa02-4a3bf3ac3625","人力情报验证","2023-07-06","事实与证据;能力与学习;成本与总账;信用与信任;劳动与组织;财富与市场;心理与主体","03;06;08;09;10;12;13;14;17;18"
"2137","a2105975-029d-5216-9d57-6d0e99d86730","先民特权","2023-07-06","选择与自由;爱与回应;边界与许可;照料与家庭;财富与市场;法律与秩序;权力与异议;文明与历史","02;03;04;05;07;10;11;12;13;14;15;16;18;31;32;33"
"2138","96003b50-e514-5b9e-a1c7-56277ba2ba1b","开朗的抑郁","2023-07-06","能力与学习;信用与信任;爱与回应;边界与许可;劳动与组织;财富与市场;心理与主体","03;04;05;06;08;10;12;13;14;16;17;18"
"2139","e87545d0-6dca-551a-add4-1891bcd09330","立正","2023-07-05","事实与证据;能力与学习;成本与总账;信用与信任;法律与秩序;权力与异议;心理与主体;性别与身体","03;05;06;07;08;09;10;12;13;14;16;17;18"
"2140","f6b95884-9b2d-5e20-9b88-23c0719bccc0","百发百中","2023-07-05","事实与证据;选择与自由;成本与总账;法律与秩序","02;03;07;08;09;10;12;16;17;18"
"2141","da937b67-4e24-5b2d-b5dc-03dc44168c3f","真雄心","2023-07-04","事实与证据;能力与学习;选择与自由;责任与后果;信用与信任;边界与许可;劳动与组织;法律与秩序;技术与工程;文明与历史;人工智能与机器","02;03;05;06;07;08;09;10;11;12;13;15;16;17;18;28;29;31;32;33"
"2142","1d4a987a-6e2c-5c65-895d-a38d7f837628","此面向敌","2023-07-03","事实与证据;能力与学习;责任与后果;成本与总账;边界与许可;权力与异议;心理与主体","02;03;05;07;08;09;10;12;13;14;16;17;18"
"2143","8a8c6793-8516-5c76-a535-03d8c4692ea9","彼面向我","2023-07-03","能力与学习;选择与自由;责任与后果;成本与总账;劳动与组织;权力与异议;民族与身份;心理与主体","02;03;06;07;08;10;12;13;14;16;17;18;27;31"
"2144","ae34b6a9-82eb-5a0b-bbbf-e2a72f2b6d64","志愿无先知","2023-07-03","事实与证据;定义与达意;能力与学习;选择与自由;责任与后果;成本与总账;爱与回应;边界与许可;文明与历史","02;03;04;05;07;08;09;10;11;12;13;14;15;16;17;18;31;32;33"
"2145","2eb58017-5da0-50a5-9dc4-6bdd3f228f8c","王负剑","2023-07-03","事实与证据;选择与自由;成本与总账;爱与回应;边界与许可;权力与异议","02;03;04;05;07;08;09;10;12;14;16;17;18"
"2146","b69fb823-54f9-5a2a-a6ee-0f8d141bc7c3","马鹿头","2023-07-02","事实与证据;选择与自由;责任与后果;成本与总账;信用与信任;边界与许可;财富与市场;法律与秩序","02;03;05;06;07;08;09;10;12;13;16;17;18"
"2147","5a0bd06a-a65b-5410-9161-e4dd82420236","下三路","2023-07-01","事实与证据;能力与学习;信用与信任;照料与家庭;财富与市场;文明与历史;民族与身份;心理与主体","03;04;05;06;08;09;10;11;12;13;14;15;16;17;18;27;31;32;33"
"2148","59ba98fb-eb87-5bf0-a1ef-c5feb5fcf4b5","小山神","2023-06-30","能力与学习;爱与回应;劳动与组织","04;05;06;08;10;13;14;16;18"
"2149","c1866149-f5ba-5a86-bd37-a97d05281a90","反洗脑","2023-06-30","事实与证据;定义与达意;能力与学习;选择与自由;成本与总账;信用与信任;财富与市场;权力与异议","02;03;06;07;08;09;10;12;13;16;17;18"
"2150","ab2f1e63-190d-5907-9f60-7495b374e497","香火情","2023-06-27","选择与自由;责任与后果","02;03;07;10;12;16;18"
"2151","d0024f85-e804-533f-9ea0-402b1ce95a19","繁文缛节","2023-06-27","能力与学习;责任与后果;成本与总账;信用与信任;照料与家庭;劳动与组织;财富与市场;法律与秩序;权力与异议;技术与工程;心理与主体","02;03;04;05;06;07;08;10;12;13;14;16;17;18;32;33"
"2152","8d0ae2af-ea8a-5e89-9244-541629f30c55","浪里白条","2023-06-26","事实与证据;定义与达意;能力与学习;成本与总账;边界与许可;劳动与组织;技术与工程;心理与主体","03;05;06;08;09;10;12;13;14;16;17;18;32;33"
"2153","f7ec843a-be35-5a6e-bb7e-b1ff5ad30205","骗子标准","2023-06-26","事实与证据;定义与达意;选择与自由;责任与后果;成本与总账;边界与许可;法律与秩序;心理与主体","02;03;05;07;08;09;10;12;14;16;17;18"
"2154","57414173-e18c-51bb-8bab-8ff07a8e88c7","阴极生阳","2023-06-26","能力与学习;选择与自由;责任与后果;成本与总账;信用与信任;边界与许可;权力与异议;技术与工程;性别与身体;宗教与自然法","02;03;05;06;07;08;10;11;12;13;14;16;17;18;32;33"
"2155","a4d8ea91-64cc-5ebf-b4b4-90ae01fe80e4","死于贪婪","2023-06-23","事实与证据;能力与学习;责任与后果;成本与总账;权力与异议;技术与工程","02;03;07;08;09;10;12;13;17;18;32;33"
"2156","c5693624-a9d3-596a-955d-2f2c5b7e3885","泰坦号","2023-06-23","能力与学习;责任与后果;成本与总账;财富与市场;技术与工程;文明与历史;生态与自然","02;03;08;10;11;12;13;15;17;18;25;31;32;33"
"2157","8179a3a3-8adb-55a1-8155-05e89fdbb01f","台湾特色","2023-06-23","事实与证据;成本与总账;劳动与组织;财富与市场;法律与秩序;权力与异议;文明与历史;宗教与自然法","03;06;07;08;09;10;11;12;13;15;17;18;31;32;33"
"2158","949a7d74-7d01-558e-9b38-e05ea0bc68bb","动力引擎","2023-06-22","事实与证据;能力与学习;责任与后果;成本与总账;法律与秩序;文明与历史;心理与主体","02;03;07;08;09;10;11;12;13;14;15;17;18;31;32;33"
"2159","78d49c8e-ab33-5d7e-b592-f84fb40af664","爱国自鉴","2023-06-22","事实与证据;定义与达意;成本与总账;信用与信任;爱与回应;法律与秩序;权力与异议;文明与历史;民族与身份","03;04;05;06;07;08;09;10;11;12;13;14;15;16;17;18;27;31;32;33"
"2160","247e8aac-3368-525e-9439-b504577ccd20","唯唯诺诺","2023-06-22","定义与达意;能力与学习;选择与自由;责任与后果;成本与总账;信用与信任;爱与回应;边界与许可;劳动与组织;法律与秩序;权力与异议;心理与主体","02;03;04;05;06;07;08;09;10;12;13;14;16;17;18"
"2161","b0323e7f-55d5-519a-a8f5-b2a7bed4a223","敌人的朋友","2023-06-21","选择与自由;责任与后果;成本与总账;法律与秩序;文明与历史;宗教与自然法","02;03;07;10;11;12;13;15;16;18;31;32;33"
"2162","7b58e331-f6d8-5def-bf9a-314f026dff8f","法定叛国","2023-06-21","事实与证据;选择与自由;责任与后果;成本与总账;爱与回应;法律与秩序;民族与身份","02;03;04;05;07;08;09;10;12;14;16;17;18;27;31"
"2163","f34a6dfe-fc61-5320-bdb2-6d8f6380e7c7","胜利","2023-06-21","能力与学习;选择与自由;责任与后果;成本与总账;边界与许可;照料与家庭;法律与秩序;权力与异议;文明与历史","02;03;04;05;07;08;10;11;12;13;14;15;16;18;31;32;33"
"2164","ffa57d41-7a1b-589a-bebe-fd6fe1c2df6a","孵化之功","2023-06-21","事实与证据;定义与达意;能力与学习;选择与自由;责任与后果;爱与回应;边界与许可","02;03;04;05;07;08;09;10;12;13;14;16;17;18"
"2165","d7172382-3730-555a-8e2a-4afa76393e0c","依法分手","2023-06-20","事实与证据;定义与达意;选择与自由;责任与后果;信用与信任;爱与回应;边界与许可;法律与秩序","02;03;04;05;06;07;08;09;10;12;14;16;17;18"
"2166","367d48ba-64d3-5489-bce1-7d382a22d693","爱不生债","2023-06-20","能力与学习;责任与后果;成本与总账;信用与信任;爱与回应;边界与许可;劳动与组织;财富与市场;法律与秩序;权力与异议;心理与主体","02;03;04;05;06;07;08;10;12;13;14;16;17;18"
"2167","45b89320-7ff7-5492-bae9-91037e29417d","离开的罪","2023-06-19","事实与证据;定义与达意;选择与自由;责任与后果;成本与总账;爱与回应;边界与许可;权力与异议;心理与主体","02;03;04;05;07;08;09;10;12;14;16;17;18"
"2168","49a54121-0b79-56f6-afdc-34af4b370cee","警世二戒","2023-06-19","事实与证据;定义与达意;能力与学习;选择与自由;责任与后果;成本与总账;信用与信任;劳动与组织;文明与历史;心理与主体","02;03;06;07;08;09;10;11;12;13;14;15;16;17;18;31;32;33"
"2169","4abc6a91-814e-5d9c-bd7c-c42262426b3f","硬","2023-06-19","事实与证据;能力与学习;信用与信任;劳动与组织;法律与秩序;文明与历史","03;06;07;08;09;10;11;12;13;15;17;18;31;32;33"
"2170","c76169b7-8062-5ed6-a8b5-8f121b6665a9","知识的上限","2023-06-19","能力与学习;选择与自由;责任与后果;成本与总账;劳动与组织;财富与市场;技术与工程;生态与自然;宗教与自然法","02;03;06;07;08;10;11;12;13;16;17;18;25;32;33"
"2171","3603125b-3631-5d8a-968b-782e4f054062","师徒衣钵","2023-06-18","事实与证据;定义与达意;能力与学习;责任与后果;信用与信任;爱与回应;边界与许可;劳动与组织;财富与市场;法律与秩序;权力与异议;技术与工程;文明与历史;性别与身体","02;03;04;05;06;07;08;09;10;11;12;13;14;15;16;17;18;31;32;33"
"2172","7f22f118-543e-573f-b3cb-5c6f884d8933","欲练神功","2023-06-18","能力与学习;选择与自由;责任与后果;成本与总账;法律与秩序;权力与异议;文明与历史;性别与身体;宗教与自然法","02;03;05;07;08;10;11;12;13;14;15;16;18;31;32;33"
"2173","a9785175-989f-50ad-83a1-57c826068058","看谁说的","2023-06-17","事实与证据;选择与自由;责任与后果;边界与许可;法律与秩序;权力与异议;生态与自然;性别与身体","02;03;05;07;08;09;10;12;13;14;16;17;18;25;32"
"2174","a51d59ce-a4c3-5ae7-8fb2-00903590dd71","病根","2023-06-16","事实与证据;定义与达意;能力与学习;责任与后果;成本与总账;信用与信任;财富与市场;心理与主体","02;03;06;08;09;10;12;13;14;17;18"
"2175","c737d5eb-fe5e-5168-9bdf-994bbf4ab1d2","名分","2023-06-15","责任与后果;成本与总账;照料与家庭;劳动与组织;法律与秩序;权力与异议;技术与工程","02;03;04;05;06;07;10;12;13;14;16;17;18;32;33"
"2176","b896ad4a-5faf-50a4-acfc-2845bbb2e59a","没素质的人","2023-06-15","定义与达意;能力与学习;选择与自由;责任与后果;成本与总账;法律与秩序;心理与主体","02;03;07;08;09;10;12;13;14;16;17;18"
"2177","86875519-b82b-52cc-b3a9-56050cab7b00","谢错人","2023-06-15","选择与自由;责任与后果;劳动与组织;法律与秩序;权力与异议","02;03;06;07;10;12;13;16;18"
"2178","07a91fe0-dd69-581c-afd0-c56b1b7053b1","执迷","2023-06-15","定义与达意;能力与学习;选择与自由;责任与后果;成本与总账;爱与回应;财富与市场","02;03;04;05;07;08;09;10;12;13;14;16;17;18"
"2179","e9478dba-b552-5e02-89e6-3f8f2e9dfa17","旦复旦兮","2023-06-15","能力与学习;成本与总账;爱与回应;劳动与组织;财富与市场;技术与工程;心理与主体","03;04;05;06;08;10;13;14;16;17;18;32;33"
"2180","bd4c657e-9816-5e2c-8084-70d9cd2a72fe","纵容","2023-06-14","事实与证据;定义与达意;责任与后果;成本与总账;爱与回应;法律与秩序","02;03;04;05;07;08;09;10;12;14;16;17;18"
"2181","9fe7039e-1552-5f77-896b-0435484a72ca","中道崩殂","2023-06-14","能力与学习;选择与自由;责任与后果;边界与许可;财富与市场;文明与历史;心理与主体","02;03;05;07;08;10;11;12;13;14;15;16;17;18;31;32;33"
"2182","635fa206-701d-560e-80b3-647ace6eb244","111","2023-06-13","事实与证据;能力与学习;成本与总账;信用与信任;劳动与组织;财富与市场;法律与秩序;民族与身份","03;06;07;08;09;10;12;13;17;18;27;31"
"2183","09876c2d-e45f-586f-b3db-7598cc852767","大洪水","2023-06-13","能力与学习;法律与秩序;技术与工程;文明与历史;民族与身份;生态与自然","07;08;11;12;13;15;17;18;25;27;31;32;33"
"2184","6af5fb87-f1ba-5010-bb10-3d0ee0164ffe","两头落空","2023-06-12","定义与达意;选择与自由;责任与后果;成本与总账;净输出与不掠夺;劳动与组织;财富与市场;技术与工程","02;03;05;06;07;09;10;12;13;16;17;18;32;33"
"2185","086efeb3-04cd-5d6a-8026-a55f7886c03e","怕什么来什么","2023-06-12","定义与达意;选择与自由;边界与许可;照料与家庭;心理与主体;性别与身体","02;04;05;07;08;09;12;14;16;17;18"
"2186","e445450e-780f-55fa-85e7-0ff4b4a88adf","墨西哥厂","2023-06-12","定义与达意;能力与学习;选择与自由;责任与后果;成本与总账;净输出与不掠夺;劳动与组织;财富与市场;法律与秩序;权力与异议;技术与工程;民族与身份;心理与主体","02;03;05;06;07;08;09;10;12;13;14;16;17;18;27;31;32;33"
"2187","e7a74ceb-4c22-524e-8718-3555676e692f","本味","2023-06-11","事实与证据;定义与达意;成本与总账;照料与家庭;文明与历史;生态与自然","03;04;05;08;09;10;11;13;14;15;16;17;18;25;31;32;33"
"2188","193509b8-7624-56a7-bd6d-26a3edfd5efa","包装袋","2023-06-11","事实与证据;能力与学习;劳动与组织;财富与市场;法律与秩序;权力与异议;技术与工程;文明与历史;民族与身份;心理与主体","03;06;07;08;09;10;11;12;13;14;15;17;18;27;31;32;33"
"2189","06ee6669-2a0d-50bf-bc68-2e8763e5a1fc","孔-pop","2023-06-10","定义与达意;能力与学习;责任与后果;劳动与组织;法律与秩序;技术与工程;文明与历史;心理与主体;宗教与自然法","02;03;06;07;08;09;10;11;12;13;14;15;17;18;31;32;33"
"2190","7146f1bb-2181-5417-b4e5-28777d7a06b9","稳妥处置","2023-06-10","事实与证据;能力与学习;责任与后果;成本与总账;法律与秩序;心理与主体","02;03;07;08;09;10;12;13;14;17;18"
"2191","1a4e052b-67bb-5495-9af8-1878d5a5df5b","法网柔情","2023-06-09","事实与证据;能力与学习;责任与后果;成本与总账;信用与信任;爱与回应;边界与许可;法律与秩序;技术与工程;心理与主体","02;03;04;05;06;07;08;09;10;12;13;14;16;17;18;32;33"
"2192","637fa3a9-f50a-5d14-9c08-576589b2cd1b","反仇恨","2023-06-09","定义与达意;选择与自由;责任与后果;边界与许可;法律与秩序;文明与历史","02;03;05;07;09;10;11;12;13;15;16;17;18;31;32;33"
"2193","22cf387e-2b0e-5ef2-bd42-a0d82559272b","抱薪救火","2023-06-08","能力与学习;责任与后果;成本与总账;信用与信任;爱与回应;边界与许可;照料与家庭;法律与秩序","02;03;04;05;06;07;08;10;12;13;14;16;18"
"2194","d1dcc73d-ffe0-5bb7-ae82-3830e32b1e11","死亡搁浅","2023-06-07","事实与证据;定义与达意;成本与总账;照料与家庭;法律与秩序;权力与异议;心理与主体","03;04;05;07;08;09;10;12;14;16;17;18"
"2195","0dea539e-626e-5a61-bac1-98f1390c42bc","三碗不过岗","2023-06-07","选择与自由;责任与后果;成本与总账;劳动与组织;财富与市场;技术与工程;生态与自然;人工智能与机器","02;03;06;07;10;12;13;16;17;18;25;28;29;32;33"
"2196","d9c4b15e-6d63-5588-bd9c-df180c983a8d","血泪史学","2023-06-06","能力与学习;责任与后果;成本与总账;劳动与组织;文明与历史;生态与自然","02;03;06;08;10;11;12;13;15;18;25;31;32;33"
"2197","4ceba87c-d6d7-509c-be0d-d25a1c91ea5e","没钱的原因","2023-06-06","能力与学习;选择与自由;成本与总账;爱与回应;财富与市场","02;03;04;05;07;08;10;13;14;16;18"
"2198","381efa61-c021-555f-82a4-8fb6f3e231a0","福清帮","2023-06-05","能力与学习;责任与后果;成本与总账;边界与许可;劳动与组织;法律与秩序;民族与身份;生态与自然;心理与主体","02;03;05;06;07;08;10;12;13;14;16;17;18;25;27;31;32"
"2199","064680fc-08ca-5ba4-8723-35ccd73e920d","无私的价格","2023-06-05","定义与达意;选择与自由;责任与后果;成本与总账;财富与市场;法律与秩序;文明与历史","02;03;07;09;10;11;12;13;15;16;17;18;31;32;33"
"2200","80662c27-b1ce-5151-8bc3-9cbd920d4976","土生土长","2023-06-05","能力与学习;责任与后果;信用与信任;爱与回应;劳动与组织;文明与历史;心理与主体","02;03;04;05;06;08;10;11;12;13;14;15;16;17;18;31;32;33"
"2201","31042b99-747e-5db2-9a53-cf880a451473","迹不代心","2023-06-04","责任与后果;爱与回应;财富与市场;文明与历史;民族与身份;生态与自然;心理与主体","02;03;04;05;08;10;11;12;13;14;15;16;17;18;25;27;31;32;33"
"2202","d16a3697-e738-5e64-8ca4-58e7e45e46d5","辞退保姆","2023-06-03","事实与证据;能力与学习;选择与自由;责任与后果;成本与总账;信用与信任;边界与许可;劳动与组织;权力与异议","02;03;05;06;07;08;09;10;12;13;16;17;18"
"2203","8287b74b-6a53-5e4f-a699-f0db3197a2e3","一亿学费","2023-06-03","能力与学习;选择与自由;成本与总账;信用与信任;爱与回应;财富与市场;权力与异议","02;03;04;05;06;07;08;10;12;13;14;16;18"
"2204","571e42e2-865f-5a6e-af1d-cc2e64bdf7e4","无常之祭","2023-06-03","事实与证据;定义与达意;成本与总账;心理与主体","03;08;09;10;14;17;18"
"2205","b45707c1-0aa1-5b26-a0de-2ee81dda504f","大懒腰","2023-06-01","能力与学习;责任与后果;生态与自然;性别与身体","02;03;05;08;10;12;13;14;16;18;25;32"
"2206","372e7620-0d6a-5606-b900-46515f1bf5b0","行和成","2023-06-01","能力与学习;选择与自由;责任与后果;爱与回应;净输出与不掠夺;心理与主体","02;03;04;05;07;08;10;12;13;14;16;17;18"
"2207","a987e3e4-b6ad-54eb-8d0f-7dc87db5091d","镰刀盛","2023-06-01","能力与学习;成本与总账;净输出与不掠夺","03;05;08;10;13;16;18"
"2208","92b59c60-0b86-5629-8fe2-bcaa6a9b6d6c","性压抑","2023-05-31","定义与达意;能力与学习;选择与自由;爱与回应;权力与异议;文明与历史;心理与主体;性别与身体;宗教与自然法","02;03;04;05;07;08;09;11;12;13;14;15;16;17;18;31;32;33"
"2209","50cb533b-f0a1-5fd1-8232-51a73be40001","绿绿灯","2023-05-31","能力与学习;成本与总账;爱与回应;照料与家庭;心理与主体","03;04;05;08;10;13;14;16;17;18"
"2210","7a538e8c-1d1a-5dc9-beef-bfdc69dd533e","小离题","2023-05-31","能力与学习;责任与后果;信用与信任;净输出与不掠夺;边界与许可;照料与家庭;劳动与组织;技术与工程;心理与主体","02;03;04;05;06;08;10;12;13;14;16;17;18;32;33"
"2211","fc4d4525-61fc-5a91-bc57-4f6d0f683907","哮天","2023-05-31","事实与证据;选择与自由;照料与家庭;技术与工程;性别与身体","02;04;05;07;08;09;13;14;16;17;18;32;33"
"2212","02d91221-6cbd-5739-ae03-154992a878a5","宏大叙事","2023-05-30","事实与证据;定义与达意;能力与学习;选择与自由;责任与后果;成本与总账;爱与回应;照料与家庭;劳动与组织;财富与市场;法律与秩序;权力与异议;文明与历史;心理与主体;宗教与自然法","02;03;04;05;06;07;08;09;10;11;12;13;14;15;16;17;18;31;32;33"
"2213","10e9991e-b022-56d3-ab44-e3663cace90e","好生之德","2023-05-30","选择与自由;责任与后果;信用与信任;净输出与不掠夺;财富与市场","02;03;05;06;07;10;12;13;16;18"
"2214","00c497ee-76f8-577e-911f-80b39284ef80","快乐的义务","2023-05-30","定义与达意;能力与学习;选择与自由;责任与后果;净输出与不掠夺;财富与市场;法律与秩序;权力与异议;文明与历史;民族与身份","02;03;05;07;08;09;10;11;12;13;15;16;17;18;27;31;32;33"
"2215","a5762a07-e9ae-5c89-a482-bbcf22f95b1a","大碗肉糜","2023-05-29","选择与自由;责任与后果;成本与总账;法律与秩序;文明与历史;生态与自然","02;03;07;10;11;12;13;15;16;18;25;31;32;33"
"2216","e2e43e1c-d795-51e4-919d-28af8c32c98b","烟酒伤身","2023-05-29","责任与后果;成本与总账;性别与身体","02;03;05;10;12;14;16;18"
"2217","1ab6b884-ff03-5dec-ba99-9ce6dda42dcc","戒色","2023-05-29","事实与证据;爱与回应;边界与许可","04;05;08;09;12;14;16;17;18"
"2218","f691fe8a-64cb-5917-8959-0ecdf2cd4791","天与","2023-05-29","定义与达意;能力与学习;责任与后果;财富与市场;法律与秩序;权力与异议;技术与工程;文明与历史","02;03;07;08;09;10;11;12;13;15;17;18;31;32;33"
"2219","8ab82b60-6b7b-5ea3-ad5a-1560b88d9124","粮食禁运","2023-05-28","能力与学习;成本与总账;财富与市场;文明与历史;生态与自然;心理与主体","03;08;10;11;13;14;15;17;18;25;31;32;33"
"2220","39a9dac2-d22e-5bf0-89bd-c90bcbb27ecd","甲必丹","2023-05-27","责任与后果;法律与秩序;技术与工程;文明与历史","02;03;07;10;11;12;13;15;17;18;31;32;33"
"2221","fa9702f5-e7bf-5f3b-9e84-5a766587177f","共享恋爱","2023-05-27","事实与证据;能力与学习;爱与回应;财富与市场;心理与主体","03;04;05;08;09;10;13;14;16;17;18"
"2222","07a65784-5aa1-5f48-9fc7-77e4f2bd8531","强势回应","2023-05-25","定义与达意;能力与学习;选择与自由;责任与后果;成本与总账;爱与回应;边界与许可;法律与秩序","02;03;04;05;07;08;09;10;12;13;14;16;17;18"
"2223","e23d3256-fc24-564b-8fc0-b29fe4aaacc2","现代人","2023-05-25","定义与达意;能力与学习;成本与总账;劳动与组织;财富与市场;法律与秩序;权力与异议;文明与历史;民族与身份;心理与主体","03;06;07;08;09;10;11;12;13;14;15;17;18;27;31;32;33"
"2224","6fbdfa7a-7ab3-58d0-9487-b84eedb5dbfc","尘心说","2023-05-24","事实与证据;定义与达意;能力与学习;选择与自由;责任与后果;信用与信任;财富与市场;权力与异议;技术与工程;文明与历史;心理与主体;宗教与自然法","02;03;06;07;08;09;10;11;12;13;14;15;16;17;18;31;32;33"
"2225","89df8a85-5d2d-5d0e-9abb-431e0ef2a7f0","一怒千金","2023-05-24","责任与后果;成本与总账;财富与市场;法律与秩序","02;03;07;10;12;13;18"
"2226","4e870102-4a6c-54dc-b386-ba981ecfecfa","屎山","2023-05-23","定义与达意;成本与总账;宗教与自然法","03;07;09;10;11;17;18"
"2227","3547d3b2-ac35-5e3e-ac66-04bd9bddfaf1","官话","2023-05-23","定义与达意;能力与学习;选择与自由;责任与后果;权力与异议","02;03;07;08;09;10;12;13;16;17;18"
"2228","56a2f46f-35c8-56d9-aae0-1879143bbd6f","单脚跳的狼","2023-05-23","选择与自由;责任与后果;成本与总账;爱与回应;净输出与不掠夺;文明与历史","02;03;04;05;07;10;11;12;13;14;15;16;18;31;32;33"
"2229","52e3742b-5a54-56c3-bc5e-c4e467b9dd62","优雅","2023-05-23","能力与学习;成本与总账;信用与信任;劳动与组织;生态与自然;心理与主体","03;06;08;10;12;13;14;17;18;25;32"
"2230","21206e13-8bd4-51d1-8d11-9dc5370310a3","害怕独处","2023-05-22","能力与学习;选择与自由;责任与后果;爱与回应;劳动与组织;心理与主体","02;03;04;05;06;07;08;10;12;13;14;16;17;18"
"2231","2d8c939b-b118-5c79-8bd7-a29ebdac2390","失去远东","2023-05-21","能力与学习;选择与自由;法律与秩序;技术与工程;文明与历史","02;07;08;11;12;13;15;16;17;18;31;32;33"
"2232","1a69ff70-de83-58c5-b0ee-ac421cdea1a6","里世界","2023-05-21","事实与证据;定义与达意;能力与学习;成本与总账;权力与异议;技术与工程","03;07;08;09;10;12;13;17;18;32;33"
"2233","d3321e0d-5372-5a3a-b59f-85620b38ed1e","V","2023-05-21","定义与达意;能力与学习;选择与自由;责任与后果;权力与异议;民族与身份","02;03;07;08;09;10;12;13;16;17;18;27;31"
"2234","7d540016-6eac-5585-a83a-ecfa2bff4d4f","笑财神","2023-05-20","事实与证据;能力与学习;选择与自由;信用与信任;爱与回应;净输出与不掠夺;心理与主体","02;03;04;05;06;07;08;09;12;13;14;16;17;18"
"2235","bc0b8aa6-c51e-5c02-8b44-64f7c256154f","录取线","2023-05-20","定义与达意;能力与学习;责任与后果;成本与总账;爱与回应;净输出与不掠夺;财富与市场;法律与秩序;心理与主体","02;03;04;05;07;08;09;10;12;13;14;16;17;18"
"2236","7bd32b4c-4914-541f-bdcd-d68425f8d1c0","路有朱门","2023-05-20","事实与证据;定义与达意;能力与学习;选择与自由;责任与后果;劳动与组织;权力与异议;技术与工程","02;03;06;07;08;09;10;12;13;16;17;18;32;33"
"2237","f65b1138-a12b-5702-a277-87fa4f8f0353","休息","2023-05-19","能力与学习;劳动与组织;心理与主体;性别与身体","05;06;08;10;13;14;16;17;18"
"2238","50933e1e-592b-5705-b78a-2674f44f7531","监守自盗II","2023-05-19","能力与学习;选择与自由;信用与信任;爱与回应;边界与许可;照料与家庭;权力与异议","02;03;04;05;06;07;08;12;13;14;16;18"
"2239","87aadde7-d696-5d5f-8e62-d3b177b16129","不可侵犯","2023-05-18","能力与学习;选择与自由;成本与总账;边界与许可;法律与秩序;宗教与自然法","02;03;05;07;08;10;11;12;13;16;18"
"2240","a4d8a948-6f49-52af-a2e3-b9cb175475fa","无极","2023-05-17","事实与证据;定义与达意;能力与学习;成本与总账;边界与许可;权力与异议","03;05;07;08;09;10;12;13;16;17;18"
"2241","6bf392f1-afb8-512f-9d6c-b16a8269f16c","无气节","2023-05-15","选择与自由;成本与总账;信用与信任;法律与秩序;权力与异议","02;03;06;07;10;12;16;18"
"2242","f4b9b707-40f8-560c-9333-faed0df062a8","神鬼传奇","2023-05-15","事实与证据;定义与达意;选择与自由;责任与后果;成本与总账;劳动与组织;财富与市场;法律与秩序","02;03;06;07;08;09;10;12;13;16;17;18"
"2243","06718f2c-f732-5f83-8e1c-c55a43c875b7","小鹿乱撞","2023-05-15","能力与学习;选择与自由;责任与后果;成本与总账;信用与信任;边界与许可;照料与家庭;劳动与组织;文明与历史;性别与身体","02;03;04;05;06;07;08;10;11;12;13;14;15;16;18;31;32;33"
"2244","21eb55cc-0b19-53bd-ae87-c4483ecdda5d","你的颜色","2023-05-14","定义与达意;能力与学习;选择与自由;责任与后果;成本与总账;劳动与组织;技术与工程;文明与历史;民族与身份;心理与主体","02;03;06;07;08;09;10;11;12;13;14;15;16;17;18;27;31;32;33"
"2245","21527c1c-d41a-54ca-8a1d-a0ee1fd6a93e","依法办事","2023-05-13","事实与证据;选择与自由;责任与后果;边界与许可;法律与秩序","02;03;05;07;08;09;10;12;16;17;18"
"2246","5a1acdf6-83db-553b-b822-7742e358a7e3","疯子","2023-05-13","能力与学习;责任与后果;成本与总账;信用与信任;技术与工程","02;03;06;08;10;12;13;17;18;32;33"
"2247","38dddf9b-502e-5131-9762-450f0a44ebab","不冒险的风险","2023-05-12","定义与达意;能力与学习;选择与自由;成本与总账;法律与秩序;权力与异议","02;03;07;08;09;10;12;13;16;17;18"
"2248","4ed5a1e4-3d3c-5f6a-971d-e3b6d4be1675","生果","2023-05-10","事实与证据;责任与后果;爱与回应;性别与身体","02;03;04;05;08;09;10;12;14;16;17;18"
"2249","1a412a6f-09f8-507b-a209-b4d4764ce37d","牡丹牛","2023-05-10","定义与达意;能力与学习;选择与自由","02;07;08;09;13;16;17;18"
"2250","bbaae438-86aa-55f8-b358-2d29e9bddc3b","幼稚","2023-05-10","定义与达意;能力与学习;选择与自由;信用与信任;边界与许可;照料与家庭;劳动与组织;法律与秩序;权力与异议;人工智能与机器;心理与主体","02;03;04;05;06;07;08;09;10;12;13;14;16;17;18;28;29;33"
"2251","26332556-97de-5225-a70f-9456033084e0","神奇的健忘","2023-05-10","选择与自由;责任与后果;成本与总账;信用与信任;劳动与组织;财富与市场;法律与秩序;权力与异议;文明与历史","02;03;06;07;10;11;12;13;15;16;18;31;32;33"
"2252","30cde74d-1069-5581-a536-ccb3abd24b88","近亲犯罪","2023-05-09","事实与证据;定义与达意;选择与自由;责任与后果;成本与总账;照料与家庭;法律与秩序;权力与异议","02;03;04;05;07;08;09;10;12;14;16;17;18"
"2253","4188ff64-2cc3-56d8-a47a-3a5206301bf4","水果派","2023-05-08","事实与证据;能力与学习;选择与自由;成本与总账;爱与回应;文明与历史;心理与主体","02;03;04;05;07;08;09;10;11;13;14;15;16;17;18;31;32;33"
"2254","a5302547-ce4c-5a10-bdbf-68a9a3ffa477","里程游","2023-05-08","能力与学习;爱与回应;财富与市场;文明与历史;心理与主体","03;04;05;08;10;11;13;14;15;16;17;18;31;32;33"
"2255","07797579-c5b3-529e-83b0-b1ebdacb018a","兄姐之道","2023-05-06","能力与学习;责任与后果;信用与信任;爱与回应;照料与家庭;权力与异议;文明与历史","02;03;04;05;06;07;08;10;11;12;13;14;15;16;18;31;32;33"
"2256","cdf5fefa-e97b-5609-964c-0a73283ea91a","性骚扰共识","2023-05-06","事实与证据;法律与秩序;权力与异议;心理与主体","03;07;08;09;12;14;17;18"
"2257","7cbe3ec8-e487-58d7-aee6-f55c4733058d","关于“我们”","2023-05-05","事实与证据;定义与达意;能力与学习;选择与自由;爱与回应;边界与许可","02;04;05;07;08;09;12;13;14;16;17;18"
"2258","f5595bc6-29e7-50fd-9eb7-869ab2e1f684","肉身菩萨","2023-05-05","边界与许可;照料与家庭;劳动与组织;财富与市场;文明与历史;心理与主体;性别与身体;宗教与自然法","03;04;05;06;07;08;10;11;12;13;14;15;16;17;18;31;32;33"
"2259","79dc9ade-f984-596e-a5e0-0c727dc236c3","贫民窟","2023-05-04","定义与达意;责任与后果;成本与总账;净输出与不掠夺;边界与许可;劳动与组织;财富与市场;法律与秩序;权力与异议;生态与自然","02;03;05;06;07;09;10;12;13;16;17;18;25;32"
"2260","d55ab63a-7574-5817-bf6e-692debd49015","从同情到厌恶","2023-05-04","选择与自由;责任与后果;成本与总账;生态与自然;心理与主体","02;03;07;08;10;12;13;14;16;17;18;25;32"
"2261","fdbbea7e-8654-54a4-b5dc-12aeb2361bf7","生死符","2023-05-04","事实与证据;能力与学习;成本与总账;爱与回应;法律与秩序;权力与异议","03;04;05;07;08;09;10;12;13;14;16;17;18"
"2262","0c20d5f3-e462-58c8-826f-df5a229c5808","钱不够","2023-05-04","能力与学习;选择与自由;责任与后果;成本与总账;爱与回应;净输出与不掠夺;劳动与组织;法律与秩序;心理与主体","02;03;04;05;06;07;08;10;12;13;14;16;17;18"
"2263","a8e81ee4-d2e5-5965-9b9b-88b5c1aefcd8","淘金客","2023-05-03","事实与证据;选择与自由;责任与后果;成本与总账;财富与市场;法律与秩序;民族与身份;心理与主体;性别与身体","02;03;05;07;08;09;10;12;13;14;16;17;18;27;31"
"2264","dafa9f11-042c-50e8-af32-847ddb407636","原谅失效","2023-05-03","定义与达意;责任与后果;信用与信任;法律与秩序;权力与异议","02;03;06;07;09;10;12;17;18"
"2265","6b6519bb-fa77-51a0-9c13-0e60d5e6eb05","修和之礼","2023-05-02","事实与证据;定义与达意;选择与自由;责任与后果;成本与总账;法律与秩序;文明与历史","02;03;07;08;09;10;11;12;13;15;16;17;18;31;32;33"
"2266","4de35408-af2d-5f72-81bd-e2a6daf11769","民族团结","2023-05-01","事实与证据;定义与达意;能力与学习;选择与自由;责任与后果;成本与总账;爱与回应;财富与市场;文明与历史;民族与身份;心理与主体","02;03;04;05;07;08;09;10;11;12;13;14;15;16;17;18;27;31;32;33"
"2267","22d8907d-3b97-5719-9a8f-2b353b107095","恋爱报销","2023-04-30","责任与后果;成本与总账;爱与回应;财富与市场","02;03;04;05;10;12;13;14;16;18"
"2268","03a465f1-6380-537b-b359-61daff961ab1","炸弹人","2023-04-30","成本与总账;劳动与组织;权力与异议;心理与主体","03;06;07;08;10;12;13;14;17;18"
"2269","68c1380e-e7ba-5ebe-ae82-62f9f47cd63b","酱油拌面","2023-04-29","事实与证据;文明与历史","08;09;11;13;15;17;31;32;33"
"2270","445fcafa-a694-57e4-9f5e-d29e08045e6c","龟虽寿","2023-04-29","照料与家庭;生态与自然","04;05;13;14;16;25;32"
"2271","d3aeca1a-800a-5986-bc6b-6f63767bfef0","戾气重","2023-04-29","成本与总账;爱与回应;照料与家庭;劳动与组织;权力与异议;文明与历史;民族与身份;心理与主体","03;04;05;06;07;08;10;11;12;13;14;15;16;17;18;27;31;32;33"
"2272","45ad7f8d-f4a2-5975-8750-5b90d8ef2247","水母飞车","2023-04-27","能力与学习;选择与自由;责任与后果;成本与总账;财富与市场;法律与秩序;权力与异议;技术与工程;生态与自然;人工智能与机器","02;03;07;08;10;12;13;16;17;18;25;28;29;32;33"
"2273","d9cb34a7-e6e9-592e-bfbd-00af43f3b41d","李约瑟答案","2023-04-27","定义与达意;能力与学习;照料与家庭;劳动与组织;财富与市场;技术与工程;人工智能与机器","03;04;05;06;08;09;10;13;14;16;17;18;28;29;32;33"
"2274","38a73bef-17e9-5fb4-a718-18931523f25c","天命昭昭","2023-04-26","定义与达意;能力与学习;责任与后果;成本与总账;照料与家庭;劳动与组织;财富与市场;法律与秩序;权力与异议;技术与工程;文明与历史;生态与自然;宗教与自然法","02;03;04;05;06;07;08;09;10;11;12;13;14;15;16;17;18;25;31;32;33"
"2275","6fd2839e-0d02-5c1c-86c2-7bc802861f3a","Litttle Bang theory","2023-04-25","事实与证据;责任与后果;成本与总账;技术与工程","02;03;08;09;10;12;13;17;18;32;33"
"2276","7240093f-cd29-5d87-bfaf-83fae21fb41d","程序员的悲哀","2023-04-25","事实与证据;能力与学习;成本与总账;边界与许可;劳动与组织;财富与市场;权力与异议;技术与工程;心理与主体","03;05;06;07;08;09;10;12;13;14;16;17;18;32;33"
"2277","08f1e3d6-9014-5ff0-875e-83e71458c051","判决书漏洞","2023-04-25","定义与达意;能力与学习;爱与回应;照料与家庭;权力与异议","03;04;05;07;08;09;12;13;14;16;17;18"
"2278","bb31016b-1561-559f-911b-381e3b9c3355","健康卡","2023-04-25","定义与达意;能力与学习;选择与自由;成本与总账;信用与信任;爱与回应;照料与家庭;心理与主体;性别与身体","02;03;04;05;06;07;08;09;10;12;13;14;16;17;18"
"2279","99994277-b752-5912-a4ee-5ccbb678eb15","农村出身","2023-04-24","能力与学习;选择与自由;责任与后果;成本与总账;劳动与组织;财富与市场;法律与秩序;技术与工程;生态与自然","02;03;06;07;08;10;12;13;16;17;18;25;32;33"
"2280","45464cbe-b9d9-5204-8ff3-b72cc250cf6c","打碎观音","2023-04-24","选择与自由;责任与后果;成本与总账;信用与信任;宗教与自然法","02;03;06;07;10;11;12;16;18"
"2281","bb392128-29b4-5740-9f7d-db0c4944e354","大好人","2023-04-23","能力与学习;选择与自由;责任与后果;边界与许可;法律与秩序;技术与工程","02;03;05;07;08;10;12;13;16;17;18;32;33"
"2282","6647e494-2b80-57af-b903-a1b541d9fbf6","达意责任","2023-04-23","定义与达意;能力与学习;选择与自由;责任与后果;成本与总账;信用与信任;财富与市场;技术与工程","02;03;06;07;08;09;10;12;13;16;17;18;32;33"
"2283","a5d489fa-3339-5312-b229-a0dbdf2c9587","好人多还是坏人多","2023-04-23","事实与证据;能力与学习;选择与自由","02;07;08;09;13;16;17;18"
"2284","9d05192e-5ce2-55f6-a49a-7279313a8672","追随美国","2023-04-22","选择与自由;责任与后果;信用与信任;边界与许可;法律与秩序","02;03;05;06;07;10;12;16;18"
"2285","802443af-4f7f-5f4f-93a4-bbd9878efe62","未爆弹","2023-04-22","选择与自由;责任与后果;信用与信任;边界与许可;照料与家庭;劳动与组织;权力与异议;心理与主体","02;03;04;05;06;07;08;10;12;13;14;16;17;18"
"2286","0499c774-364a-555c-b5de-6f1cba372029","匿名原则","2023-04-22","事实与证据;选择与自由;责任与后果;成本与总账;信用与信任;边界与许可;照料与家庭","02;03;04;05;06;07;08;09;10;12;14;16;17;18"
"2287","10ee0a1f-2f19-5f2d-8967-f6f5868f8cc7","星舰爆炸","2023-04-21","事实与证据;能力与学习;选择与自由;责任与后果;成本与总账;信用与信任;法律与秩序;技术与工程;文明与历史","02;03;06;07;08;09;10;11;12;13;15;16;17;18;31;32;33"
"2288","6d74fa65-e528-5cf9-871a-a575f835d736","真相","2023-04-21","事实与证据;定义与达意;能力与学习;选择与自由;责任与后果;成本与总账;边界与许可;心理与主体","02;03;05;07;08;09;10;12;13;14;16;17;18"
"2289","ea20e5f8-6c29-5ca7-be64-eded2457c778","愚子移山","2023-04-20","定义与达意;选择与自由;成本与总账;照料与家庭;法律与秩序;权力与异议;技术与工程","02;03;04;05;07;09;10;12;13;14;16;17;18;32;33"
"2290","cd582e1c-4f8c-56fb-b4c8-d2951c972a6b","间谍家家酒","2023-04-20","事实与证据;选择与自由;责任与后果;成本与总账;信用与信任;净输出与不掠夺;边界与许可;劳动与组织;财富与市场;法律与秩序;权力与异议","02;03;05;06;07;08;09;10;12;13;16;17;18"
"2291","0e512935-2113-5937-a16c-60ca8f8a08f9","天使投资","2023-04-20","选择与自由;爱与回应;边界与许可;照料与家庭","02;04;05;07;12;14;16;18"
"2292","4dc2aca8-2ca8-5355-81c6-54ed13013f3c","相处力","2023-04-19","定义与达意;能力与学习;责任与后果;爱与回应;照料与家庭","02;03;04;05;08;09;10;12;13;14;16;17;18"
"2293","4d790f5c-c918-50b5-8ab4-b2d7816c34d2","可信的ai服务","2023-04-18","事实与证据;能力与学习;选择与自由;责任与后果;成本与总账;信用与信任;边界与许可;劳动与组织;权力与异议;技术与工程;生态与自然;人工智能与机器","02;03;05;06;07;08;09;10;12;13;16;17;18;25;28;29;32;33"
"2294","6094f61f-e806-540d-a3b5-50adb9d2fd2e","吃与不吃","2023-04-18","事实与证据;定义与达意;能力与学习;责任与后果;照料与家庭;劳动与组织;文明与历史;宗教与自然法","02;03;04;05;06;07;08;09;10;11;12;13;14;15;16;17;18;31;32;33"
"2295","7c674fda-816b-5c2f-ae88-3d6dec68d0b7","内容深度","2023-04-18","定义与达意;能力与学习;选择与自由;责任与后果;人工智能与机器","02;03;07;08;09;10;12;13;16;17;18;28;29;33"
"2296","959872c6-0ae7-517d-aa2f-b669f058ed41","提问者","2023-04-18","能力与学习;成本与总账;权力与异议;技术与工程;人工智能与机器;心理与主体;性别与身体","03;05;07;08;10;12;13;14;16;17;18;28;29;32;33"
"2297","1344c0e2-c878-5f2a-9e46-e1751be78d72","人口第一","2023-04-18","责任与后果;照料与家庭;劳动与组织;法律与秩序;技术与工程;文明与历史;生态与自然;宗教与自然法","02;03;04;05;06;07;10;11;12;13;14;15;16;17;18;25;31;32;33"
"2298","ea68ea42-6385-5423-b141-d74dbcffe498","远","2023-04-18","定义与达意;能力与学习;责任与后果;照料与家庭;劳动与组织;财富与市场;权力与异议;技术与工程;文明与历史","02;03;04;05;06;07;08;09;10;11;12;13;14;15;16;17;18;31;32;33"
"2299","435f1c41-1bc3-5ffb-bedc-a7330716c2d5","锚地","2023-04-17","事实与证据;能力与学习;选择与自由;成本与总账;信用与信任;劳动与组织;法律与秩序","02;03;06;07;08;09;10;12;13;16;17;18"
"2300","ac88d1c1-e299-53f4-853b-86297fa75afe","autoGPT","2023-04-17","定义与达意;能力与学习;选择与自由;成本与总账;财富与市场;技术与工程;文明与历史;人工智能与机器","02;03;07;08;09;10;11;13;15;16;17;18;28;29;31;32;33"
"2301","3709ad01-93e1-5f41-a322-6da2daec3346","好耐磨","2023-04-16","",""
"2302","e07ef7cd-dbd2-571f-b8d0-39b3970e5f9a","演员的自我修养","2023-04-16","选择与自由;人工智能与机器;心理与主体;宗教与自然法","02;07;08;11;13;14;16;17;18;28;29;33"
"2303","689b07b7-c0bb-5dac-be6f-13363c04896b","爱讲逻辑","2023-04-16","定义与达意;能力与学习;选择与自由;责任与后果;爱与回应;心理与主体","02;03;04;05;07;08;09;10;12;13;14;16;17;18"
"2304","76763903-dcdd-5d39-a512-e7610f9499c8","释放攻击性","2023-04-15","定义与达意;能力与学习;选择与自由;责任与后果;爱与回应;边界与许可;法律与秩序;权力与异议;心理与主体","02;03;04;05;07;08;09;10;12;13;14;16;17;18"
"2305","8deb5ccb-6632-56a6-aac0-e03a1d8aab81","摆脱思路","2023-04-15","事实与证据;信用与信任;爱与回应","03;04;05;06;08;09;12;14;16;17;18"
"2306","4ec65440-fa07-5539-afc5-33660d5f5544","西军","2023-04-14","能力与学习;选择与自由;成本与总账;净输出与不掠夺;财富与市场;法律与秩序;技术与工程","02;03;05;07;08;10;12;13;16;17;18;32;33"
"2307","9b86f891-c347-571d-9a75-e46b4784e2bd","善意提醒","2023-04-13","事实与证据;选择与自由;责任与后果;成本与总账;爱与回应;边界与许可;心理与主体","02;03;04;05;07;08;09;10;12;14;16;17;18"
"2308","f6857012-f462-534b-ae2f-481337e199ff","匠心","2023-04-12","能力与学习;成本与总账;边界与许可;劳动与组织","03;05;06;08;10;12;13;16;18"
"2309","e04878b7-19aa-5ebe-85ce-8908a0a8d41a","源源动力","2023-04-11","事实与证据;能力与学习;成本与总账;照料与家庭;文明与历史;心理与主体","03;04;05;08;09;10;11;13;14;15;16;17;18;31;32;33"
"2310","51c91531-e3ed-525e-80d0-b795f72cc7c7","俄罗斯艺术之谜","2023-04-11","定义与达意;文明与历史;民族与身份;性别与身体;宗教与自然法","05;07;09;11;12;13;14;15;16;17;27;31;32;33"
"2311","11d3b47c-ab21-56a8-8c7b-9cfa1f5dcbec","照顾不周","2023-04-10","事实与证据;定义与达意;能力与学习;责任与后果;爱与回应;照料与家庭;权力与异议;心理与主体","02;03;04;05;07;08;09;10;12;13;14;16;17;18"
"2312","24904a29-e7d7-51aa-8619-9c5a96278b61","星之航路","2023-04-09","能力与学习;责任与后果;成本与总账;权力与异议;技术与工程;文明与历史;民族与身份;生态与自然","02;03;07;08;10;11;12;13;15;17;18;25;27;31;32;33"
"2313","05f7599d-9ec1-5a69-98ec-983ca3b4c8b0","孝","2023-04-08","定义与达意;能力与学习;责任与后果;照料与家庭;法律与秩序;心理与主体","02;03;04;05;07;08;09;10;12;13;14;16;17;18"
"2314","7af23634-608f-5e12-a56f-81ec6db9ef40","你的奋斗","2023-04-07","选择与自由;责任与后果;性别与身体","02;03;05;07;10;12;14;16;18"
"2315","db44c43a-90c3-5ac2-a4ee-fe3dcdc4079d","小结巴","2023-04-07","定义与达意;能力与学习;选择与自由;边界与许可;财富与市场;生态与自然","02;03;05;07;08;09;10;12;13;16;17;18;25;32"
"2316","d53587e3-a48e-5502-bff9-0ccb656dca54","一步之遥","2023-04-06","定义与达意;成本与总账;爱与回应","03;04;05;09;10;14;16;17;18"
"2317","3ae51402-20e2-5744-bd81-dc92c6d2c6ba","指定志愿","2023-04-05","能力与学习;选择与自由;责任与后果;成本与总账;信用与信任;净输出与不掠夺;边界与许可;劳动与组织","02;03;05;06;07;08;10;12;13;16;18"
"2318","7bd373f4-2926-5d97-997e-c58bc09f60be","防核战","2023-04-05","事实与证据","08;09;17"
"2319","3a71ddf7-b0ea-58f6-8c08-a3881e2a65ac","兼得","2023-04-04","选择与自由;边界与许可;法律与秩序;文明与历史","02;05;07;11;12;13;15;16;18;31;32;33"
"2320","45acf0c3-2670-5918-9d27-ee5a47410d91","说废话的朋友","2023-04-03","定义与达意;选择与自由;责任与后果;成本与总账;爱与回应;净输出与不掠夺;边界与许可","02;03;04;05;07;09;10;12;14;16;17;18"
"2321","c6f1ef42-7343-5f7e-a883-974c3859b096","精致罪","2023-04-02","定义与达意;爱与回应;文明与历史","04;05;09;11;13;14;15;16;17;31;32;33"
"2322","b52a2af5-3c4d-5f9a-9e73-00ace9a3dee3","36度5","2023-04-02","能力与学习;选择与自由;成本与总账;爱与回应;技术与工程;生态与自然;人工智能与机器;性别与身体","02;03;04;05;07;08;10;13;14;16;17;18;25;28;29;32;33"
"2323","50d69dcd-6c6a-5153-93dc-7c85fbfff740","待成熟","2023-04-01","事实与证据;定义与达意;能力与学习;选择与自由;信用与信任;爱与回应;净输出与不掠夺","02;03;04;05;06;07;08;09;12;13;14;16;17;18"
"2324","54f77345-b204-55e4-a6b8-82ae20ad01e9","杀人诛心","2023-04-01","事实与证据;定义与达意;责任与后果;爱与回应;权力与异议;技术与工程;心理与主体","02;03;04;05;07;08;09;10;12;13;14;16;17;18;32;33"
"2325","f0a1caa9-328f-5444-8f42-40171789eab5","让爱","2023-03-31","定义与达意;能力与学习;选择与自由;成本与总账;爱与回应;边界与许可;权力与异议","02;03;04;05;07;08;09;10;12;13;14;16;17;18"
"2326","b4f8308e-5449-5dec-bc07-cbf0d1adafdc","三重冒犯","2023-03-30","定义与达意;性别与身体","05;09;14;16;17"
"2327","8a85f015-b363-5e68-a251-388ee44dbd90","技术革命","2023-03-30","能力与学习;责任与后果;成本与总账;技术与工程;文明与历史;人工智能与机器","02;03;08;10;11;12;13;15;17;18;28;29;31;32;33"
"2328","296474e5-7c0b-568e-ba74-ca5a5e5e7e02","红区","2023-03-29","事实与证据;选择与自由;责任与后果;成本与总账;净输出与不掠夺;财富与市场;法律与秩序;权力与异议","02;03;05;07;08;09;10;12;13;16;17;18"
"2329","97cfec26-c74b-5e8c-bf4d-83a729fa2b83","小事","2023-03-29","事实与证据;定义与达意;能力与学习;选择与自由;责任与后果;爱与回应;边界与许可;照料与家庭","02;03;04;05;07;08;09;10;12;13;14;16;17;18"
"2330","91bc2e0a-1360-597a-8e6f-15f60b00a5ae","主见与犟","2023-03-28","定义与达意;选择与自由;责任与后果","02;03;07;09;10;12;16;17;18"
"2331","d71810fa-3fe2-521f-845c-27ebbcb6a4a4","两面派","2023-03-27","定义与达意;能力与学习;责任与后果;技术与工程;文明与历史","02;03;08;09;10;11;12;13;15;17;18;31;32;33"
"2332","95c2978b-5bd8-5554-b212-f5e84630f4d8","制造业门槛","2023-03-27","能力与学习;选择与自由;成本与总账;劳动与组织;财富与市场;法律与秩序;权力与异议;技术与工程;文明与历史;生态与自然","02;03;06;07;08;10;11;12;13;15;16;17;18;25;31;32;33"
"2333","9fec08c6-0280-5037-9510-3875a62a291b","算力问题","2023-03-26","定义与达意;能力与学习;责任与后果;边界与许可;财富与市场;法律与秩序;技术与工程;文明与历史;生态与自然;人工智能与机器","02;03;05;07;08;09;10;11;12;13;15;16;17;18;25;28;29;31;32;33"
"2334","cc2624fb-c161-5ab1-84c4-8229bed5bd92","CAS","2023-03-24","事实与证据;能力与学习;成本与总账;劳动与组织;财富与市场;权力与异议;技术与工程;文明与历史;生态与自然;人工智能与机器","03;06;07;08;09;10;11;12;13;15;17;18;25;28;29;31;32;33"
"2335","454ddc14-5280-5652-8366-b896e501d281","反谣言","2023-03-23","事实与证据;能力与学习;选择与自由;责任与后果;成本与总账;照料与家庭","02;03;04;05;07;08;09;10;12;13;14;16;17;18"
"2336","6511b53f-878c-5ae0-af8f-d2f04e78569c","AI 一","2023-03-22","能力与学习;成本与总账;劳动与组织;财富与市场;技术与工程;文明与历史;生态与自然;人工智能与机器;心理与主体;性别与身体;宗教与自然法","03;05;06;07;08;10;11;13;14;15;16;17;18;25;28;29;31;32;33"
"2337","16dc173e-b2c0-569a-b69e-91b82332c947","大冰箱","2023-03-22","事实与证据;定义与达意;能力与学习;选择与自由;责任与后果;成本与总账;劳动与组织","02;03;06;07;08;09;10;12;13;16;17;18"
"2338","a03985bb-d05e-5b31-86e8-90f9baee69ef","利益共同体","2023-03-21","定义与达意;选择与自由;责任与后果;爱与回应;边界与许可;照料与家庭;权力与异议;文明与历史","02;03;04;05;07;09;10;11;12;13;14;15;16;17;18;31;32;33"
"2339","2eca1ab5-e5fd-5ec9-a5e9-61e9e7375dc0","强强","2023-03-21","事实与证据;能力与学习;成本与总账;信用与信任","03;06;08;09;10;12;13;17;18"
"2340","10502a49-c8d6-5367-a8b0-bbf6c8bb713e","独立思考的要害","2023-03-20","事实与证据;能力与学习;选择与自由;责任与后果;信用与信任;边界与许可;技术与工程","02;03;05;06;07;08;09;10;12;13;16;17;18;32;33"
"2341","519ff79d-3ef9-5feb-88fe-94b8d61c1259","误导式加密","2023-03-20","",""
"2342","e9255064-2bae-55f5-9528-6fc3b1f023f8","母乳喂养","2023-03-19","事实与证据;选择与自由;劳动与组织;心理与主体;性别与身体","02;05;06;07;08;09;10;13;14;16;17;18"
"2343","880aecbd-fc09-5096-bc20-778f446ca95d","集体主义精神","2023-03-19","定义与达意;选择与自由;责任与后果;成本与总账;边界与许可;劳动与组织;法律与秩序","02;03;05;06;07;09;10;12;13;16;17;18"
"2344","13bd51cf-60f2-54ed-bdee-2e1a9cdf32dc","有罪推定","2023-03-19","事实与证据;定义与达意;能力与学习;成本与总账;信用与信任;边界与许可;法律与秩序","03;05;06;07;08;09;10;12;13;16;17;18"
"2345","4ea41e58-3b68-5ce7-b58b-ace2f5319f37","不立文字","2023-03-19","定义与达意;能力与学习;责任与后果;技术与工程;人工智能与机器","02;03;08;09;10;12;13;17;18;28;29;32;33"
"2346","a564dbd0-8e12-540c-81d7-f0209112ceda","不专业专业","2023-03-17","事实与证据;能力与学习;成本与总账;信用与信任;技术与工程","03;06;08;09;10;12;13;17;18;32;33"
"2347","069ef4c4-d307-59ec-b72f-d6257ad68297","范式","2023-03-17","定义与达意;劳动与组织;技术与工程","06;09;10;13;17;18;32;33"
"2348","85c85827-13d0-5d2d-abaa-0b76198fcbe4","吏治","2023-03-16","事实与证据;能力与学习;选择与自由;责任与后果;成本与总账;劳动与组织;财富与市场;法律与秩序","02;03;06;07;08;09;10;12;13;16;17;18"
"2349","8d56c40a-001f-5348-8019-2876df7f73e6","分手杀","2023-03-15","选择与自由;成本与总账;爱与回应;照料与家庭","02;03;04;05;07;10;14;16;18"
"2350","bad58134-0613-5973-843b-2bc93ebb9733","去世之前","2023-03-14","定义与达意","09;17"
"2351","df3a60ab-fe36-5b37-9b27-d9a160554836","基层陷阱","2023-03-13","事实与证据;定义与达意;能力与学习;选择与自由;责任与后果;信用与信任;照料与家庭;劳动与组织","02;03;04;05;06;07;08;09;10;12;13;14;16;17;18"
"2352","9afd3b59-0581-59a5-85b1-af4281fd1d3d","强国的度","2023-03-13","能力与学习;选择与自由;成本与总账;信用与信任;净输出与不掠夺;边界与许可;财富与市场;法律与秩序;权力与异议;文明与历史","02;03;05;06;07;08;10;11;12;13;15;16;18;31;32;33"
"2353","257ce94d-06ee-5847-8da1-0a04564e8f2b","屋乌","2023-03-12","定义与达意;能力与学习;选择与自由;责任与后果;信用与信任;爱与回应;照料与家庭;劳动与组织","02;03;04;05;06;07;08;09;10;12;13;14;16;17;18"
"2354","2253eb66-b209-5ffa-b95f-f02f49276a29","劫后余生","2023-03-12","能力与学习;选择与自由;责任与后果;信用与信任;技术与工程;文明与历史;人工智能与机器;心理与主体","02;03;06;07;08;10;11;12;13;14;15;16;17;18;28;29;31;32;33"
"2355","51284a30-51f7-5562-a26a-055619019b36","末法","2023-03-12","能力与学习;劳动与组织;技术与工程;文明与历史;人工智能与机器;心理与主体","06;08;10;11;13;14;15;17;18;28;29;31;32;33"
"2356","4f9b9ca8-8cc4-525e-8c76-8f8475881256","黑粉菌","2023-03-11","生态与自然","13;25;32"
"2357","ccfa4e9f-37df-5bd4-8c54-f3c1e8f710d3","6080","2023-03-11","事实与证据;能力与学习;责任与后果;成本与总账;信用与信任;劳动与组织","02;03;06;08;09;10;12;13;17;18"
"2358","2c0c9fed-2163-5feb-8b8a-9c3e7cc0b259","两颗香菇","2023-03-09","定义与达意;能力与学习;选择与自由;责任与后果;照料与家庭;财富与市场;心理与主体;性别与身体","02;03;04;05;07;08;09;10;12;13;14;16;17;18"
"2359","96d6f2e7-f7f8-5bf7-89e2-84fbd4d1a6c6","反社会人格","2023-03-09","定义与达意;成本与总账;文明与历史;生态与自然","03;09;10;11;13;15;17;18;25;31;32;33"
"2360","9955b8f1-0228-51e7-bcd8-206f811b654e","绝户计","2023-03-08","照料与家庭;文明与历史","04;05;11;13;14;15;16;31;32;33"
"2361","b5630de8-f10f-5688-ada6-637c60b1a835","脑图","2023-03-08","定义与达意;能力与学习;选择与自由;责任与后果;成本与总账;信用与信任;劳动与组织;权力与异议","02;03;06;07;08;09;10;12;13;16;17;18"
"2362","6f619d21-3560-5674-89a4-7a26d839d6d3","决心在前","2023-03-08","能力与学习;责任与后果;信用与信任;爱与回应;照料与家庭;法律与秩序","02;03;04;05;06;07;08;10;12;13;14;16;18"
"2363","10660f80-81bf-531e-8c73-a05745132f2f","小宇宙","2023-03-08","事实与证据;选择与自由;责任与后果;权力与异议","02;03;07;08;09;10;12;16;17;18"
"2364","8c014016-4e7f-5c33-a6dc-d3b503317fb4","龙生于渊","2023-03-08","能力与学习;选择与自由;责任与后果;成本与总账;照料与家庭;劳动与组织;法律与秩序;文明与历史;民族与身份","02;03;04;05;06;07;08;10;11;12;13;14;15;16;18;27;31;32;33"
"2365","a3e5bc0f-d0e3-50da-850c-37beecf7f815","水豚君","2023-03-07","事实与证据;选择与自由;责任与后果;成本与总账;信用与信任;技术与工程;心理与主体","02;03;06;07;08;09;10;12;13;14;16;17;18;32;33"
"2366","399458f0-5892-547e-aa80-74e9c5318a53","开舱门的人","2023-03-07","事实与证据;定义与达意;能力与学习;选择与自由;责任与后果;成本与总账;劳动与组织;法律与秩序;文明与历史;心理与主体","02;03;06;07;08;09;10;11;12;13;14;15;16;17;18;31;32;33"
"2367","530d61d6-160f-5749-8ae8-864605585106","醉归","2023-03-07","责任与后果;成本与总账;边界与许可;照料与家庭;劳动与组织;权力与异议;性别与身体","02;03;04;05;06;07;10;12;13;14;16;18"
"2368","4eb151b4-e38c-5d13-9659-6101c8668933","面目狰狞","2023-03-06","能力与学习;选择与自由;责任与后果;成本与总账;边界与许可;心理与主体","02;03;05;07;08;10;12;13;14;16;17;18"
"2369","23791905-d312-5396-81b0-0749eac16494","增材制造","2023-03-05","成本与总账;信用与信任;劳动与组织;权力与异议;技术与工程;生态与自然","03;06;07;10;12;13;17;18;25;32;33"
"2370","83216918-10ca-50fe-8096-ba513caaa278","最佳实践","2023-03-05","定义与达意;能力与学习;选择与自由;责任与后果;爱与回应;权力与异议","02;03;04;05;07;08;09;10;12;13;14;16;17;18"
"2371","45fbd45d-3b8d-56ec-9c0b-c6085e717615","误食","2023-03-05","能力与学习;边界与许可;技术与工程;生态与自然","05;08;12;13;16;17;18;25;32;33"
"2372","fef39e5c-088f-56ee-9747-f9c8d4629f38","天下无魔","2023-03-04","选择与自由;成本与总账;边界与许可;心理与主体","02;03;05;07;08;10;12;14;16;17;18"
"2373","23b568e7-0627-5827-9179-d8020272305d","慕强","2023-03-04","定义与达意;能力与学习;信用与信任;爱与回应;净输出与不掠夺;财富与市场;权力与异议;生态与自然;宗教与自然法","03;04;05;06;07;08;09;10;11;12;13;14;16;17;18;25;32"
"2374","30ca33c1-8137-5da4-b10d-6dea23b2db99","尽全力","2023-03-04","定义与达意;选择与自由;成本与总账;心理与主体","02;03;07;08;09;10;14;16;17;18"
"2375","26b0ac95-c66e-5b6d-b6ea-102a9e099f52","不问原因","2023-03-03","能力与学习;责任与后果;信用与信任;爱与回应;照料与家庭;权力与异议;技术与工程;文明与历史","02;03;04;05;06;07;08;10;11;12;13;14;15;16;17;18;31;32;33"
"2376","df95c1a3-7879-5024-a866-f28d412e9420","自重","2023-03-03","定义与达意;能力与学习;选择与自由;边界与许可;照料与家庭","02;04;05;07;08;09;12;13;14;16;17;18"
"2377","becd5793-42a0-508d-9811-ce217f24500d","内卷","2023-03-01","定义与达意;能力与学习;选择与自由;责任与后果;成本与总账;信用与信任;边界与许可;照料与家庭;劳动与组织;财富与市场;技术与工程;心理与主体;性别与身体;宗教与自然法","02;03;04;05;06;07;08;09;10;11;12;13;14;16;17;18;32;33"
"2378","705d855e-942f-5d83-920d-3c1b89a7f1c7","您有种乎","2023-02-28","能力与学习;责任与后果;成本与总账;劳动与组织;财富与市场;法律与秩序;技术与工程;文明与历史","02;03;06;07;08;10;11;12;13;15;17;18;31;32;33"
"2379","ad712486-08b3-5dd2-9cda-a0ed5dbb540c","极端","2023-02-26","定义与达意;责任与后果;边界与许可;法律与秩序;宗教与自然法","02;03;05;07;09;10;11;12;16;17;18"
"2380","d33d961f-24db-5746-b1a6-94d6182c4b14","my dear offender","2023-02-25","选择与自由;责任与后果;成本与总账;爱与回应;照料与家庭;心理与主体","02;03;04;05;07;08;10;12;14;16;17;18"
"2381","0d93f611-12f7-5305-b765-8f74f0fe9541","脆弱","2023-02-25","选择与自由;责任与后果;成本与总账;法律与秩序;心理与主体","02;03;07;08;10;12;14;16;17;18"
"2382","2827c268-a1be-54b6-a0c2-aacb60c74e7e","柯里昂说","2023-02-25","能力与学习;责任与后果;成本与总账;信用与信任;照料与家庭;劳动与组织;财富与市场;权力与异议;技术与工程;文明与历史","02;03;04;05;06;07;08;10;11;12;13;14;15;16;17;18;31;32;33"
"2383","692d0ba3-efee-5692-9afb-a251df994ee6","幻想曲","2023-02-24","事实与证据;能力与学习;责任与后果;文明与历史;生态与自然","02;03;08;09;10;11;12;13;15;17;18;25;31;32;33"
"2384","9e51d683-c7b5-51ec-bd6c-e8d378742f98","不堪回首","2023-02-23","能力与学习;选择与自由;责任与后果;成本与总账;信用与信任;爱与回应;净输出与不掠夺;边界与许可;权力与异议","02;03;04;05;06;07;08;10;12;13;14;16;18"
"2385","0e55adab-f7f4-586a-96cc-ee78dddcc2be","礼貌的愤怒","2023-02-22","定义与达意;能力与学习;选择与自由;责任与后果;成本与总账;爱与回应;劳动与组织;法律与秩序;权力与异议","02;03;04;05;06;07;08;09;10;12;13;14;16;17;18"
"2386","3f55c59c-c54c-5eee-837e-4efe0d7ca381","双向奔赴","2023-02-21","事实与证据;责任与后果;成本与总账;信用与信任;财富与市场","02;03;06;08;09;10;12;13;17;18"
"2387","57134f26-5afa-52cb-9f92-a1f54a340142","多余的问题","2023-02-21","定义与达意;选择与自由;责任与后果;成本与总账;信用与信任;爱与回应;边界与许可;权力与异议;文明与历史;心理与主体","02;03;04;05;06;07;08;09;10;11;12;13;14;15;16;17;18;31;32;33"
"2388","f2fc7116-e1a9-53dd-a7dc-ecc1ee9f74e9","核电站的风险","2023-02-19","成本与总账;边界与许可;生态与自然","03;05;10;12;13;16;18;25;32"
"2389","24bd30b7-9579-5cb4-b43a-34c3d5d96687","奸佞","2023-02-19","定义与达意;能力与学习;责任与后果;成本与总账;爱与回应;劳动与组织","02;03;04;05;06;08;09;10;12;13;14;16;17;18"
"2390","313b046c-fd8b-510c-8bf6-72de06b85e71","残忍的极限","2023-02-18","定义与达意;能力与学习;责任与后果;净输出与不掠夺;照料与家庭;心理与主体;宗教与自然法","02;03;04;05;07;08;09;10;11;12;13;14;16;17;18"
"2391","c5cbb5a2-ba32-5002-815c-24b2b06825d0","不助怨","2023-02-17","能力与学习;选择与自由;责任与后果;成本与总账;爱与回应;边界与许可;法律与秩序;生态与自然","02;03;04;05;07;08;10;12;13;14;16;18;25;32"
"2392","97888630-89af-5692-819b-9946bd8114ee","汽油救火","2023-02-16","事实与证据;选择与自由;成本与总账","02;03;07;08;09;10;16;17;18"
"2393","5b090759-391b-5f35-94a6-feaf9a78d18c","终身无孩","2023-02-15","定义与达意;责任与后果;成本与总账;信用与信任;净输出与不掠夺;照料与家庭;法律与秩序;技术与工程;文明与历史;民族与身份;心理与主体;宗教与自然法","02;03;04;05;06;07;08;09;10;11;12;13;14;15;16;17;18;27;31;32;33"
"2394","8cc2ff38-09fc-58b4-963b-ec82cb731991","满分六十","2023-02-14","定义与达意;选择与自由;爱与回应;财富与市场;权力与异议;心理与主体","02;03;04;05;07;08;09;10;12;13;14;16;17;18"
"2395","6f5a0632-7290-553e-bc38-d70985e8decb","言少必失","2023-02-13","定义与达意;能力与学习;选择与自由;责任与后果;成本与总账;财富与市场;法律与秩序;技术与工程;文明与历史;民族与身份;人工智能与机器","02;03;07;08;09;10;11;12;13;15;16;17;18;27;28;29;31;32;33"
"2396","1a4e23ad-d73c-588d-b8f8-097176f16759","another","2023-02-12","能力与学习;选择与自由;成本与总账;照料与家庭;劳动与组织;文明与历史","02;03;04;05;06;07;08;10;11;13;14;15;16;18;31;32;33"
"2397","4c24e562-1881-5ee6-8e1f-b561719574d8","1-1","2023-02-08","事实与证据;能力与学习;成本与总账;爱与回应;法律与秩序;技术与工程;文明与历史;生态与自然","03;04;05;07;08;09;10;11;12;13;14;15;16;17;18;25;31;32;33"
"2398","04f745bd-630a-5994-9348-c167d0edada2","GPT风口","2023-02-08","定义与达意;能力与学习;选择与自由;劳动与组织;技术与工程;人工智能与机器","02;06;07;08;09;10;13;16;17;18;28;29;32;33"
"2399","a69f91cd-8548-5563-b9c7-ecaef08665e6","交换生","2023-02-08","能力与学习;选择与自由;成本与总账;信用与信任;边界与许可;法律与秩序;文明与历史;心理与主体","02;03;05;06;07;08;10;11;12;13;14;15;16;17;18;31;32;33"
"2400","374a442b-2826-5d39-932e-d8896d3adf3f","教训的方法","2023-02-07","定义与达意;能力与学习;选择与自由;责任与后果;成本与总账;信用与信任;边界与许可;心理与主体","02;03;05;06;07;08;09;10;12;13;14;16;17;18"
"2401","d4e88bd0-667f-5950-b470-c5bc9fa24ac7","吸引女生","2023-02-06","能力与学习;心理与主体","08;13;14;17;18"
"2402","ce025d0e-a192-5919-8789-0b1e910f2060","酒多麻袋","2023-02-06","定义与达意;选择与自由;责任与后果;成本与总账;净输出与不掠夺;边界与许可;照料与家庭;法律与秩序","02;03;04;05;07;09;10;12;14;16;17;18"
"2403","c5fe633a-f913-5c1f-9a58-b2e623f247e2","财神笑","2023-02-06","能力与学习;责任与后果;成本与总账;信用与信任;照料与家庭;财富与市场;技术与工程","02;03;04;05;06;08;10;12;13;14;16;17;18;32;33"
"2404","17f4dd67-499a-5b2a-bf5c-72ae5d213fd2","糟糕的进步","2023-02-05","定义与达意;能力与学习;选择与自由;责任与后果;成本与总账;边界与许可;财富与市场;法律与秩序;权力与异议","02;03;05;07;08;09;10;12;13;16;17;18"
"2405","1b6aeab8-8957-5485-9ee0-515b217bf7a4","两条道路","2023-02-05","定义与达意;能力与学习;选择与自由;责任与后果;成本与总账;爱与回应;照料与家庭;权力与异议;技术与工程;心理与主体","02;03;04;05;07;08;09;10;12;13;14;16;17;18;32;33"
"2406","302a55e7-6575-572f-85c6-e601925b3a8a","梦中杀人","2023-02-03","能力与学习;责任与后果;成本与总账;法律与秩序;权力与异议;心理与主体","02;03;07;08;10;12;13;14;17;18"
"2407","67327a36-52d9-5298-92d7-ba67bf69116a","知难不废","2023-02-02","定义与达意;能力与学习;选择与自由;成本与总账;信用与信任;劳动与组织;技术与工程","02;03;06;07;08;09;10;12;13;16;17;18;32;33"
"2408","c9bfc35b-5306-5857-acab-02de435d03d9","我去","2023-02-01","定义与达意;选择与自由;责任与后果;成本与总账;爱与回应;照料与家庭;文明与历史;民族与身份;心理与主体","02;03;04;05;07;08;09;10;11;12;13;14;15;16;17;18;27;31;32;33"
"2409","5cdeb01a-5057-5dc3-8241-d78eac67519c","破网","2023-02-01","选择与自由;爱与回应;照料与家庭;技术与工程;民族与身份;心理与主体","02;04;05;07;08;12;13;14;16;17;18;27;31;32;33"
"2410","2d7d4658-c107-5d56-9d0b-f859d2761bff","推荐字体","2023-01-31","选择与自由;财富与市场;法律与秩序","02;03;07;10;12;13;16;18"
"2411","f7a9915b-3031-56d6-9c10-460d6dff6b53","爱情长跑","2023-01-31","定义与达意;能力与学习;选择与自由;成本与总账;信用与信任;爱与回应;照料与家庭;法律与秩序;文明与历史;民族与身份;心理与主体","02;03;04;05;06;07;08;09;10;11;12;13;14;15;16;17;18;27;31;32;33"
"2412","5e24540d-66c0-582c-8d9a-02f607405b51","电竞养老","2023-01-30","事实与证据;定义与达意;选择与自由","02;07;08;09;16;17;18"
"2413","8ee2e554-595e-54f7-b879-6fd86d4a2416","从小功利","2023-01-30","定义与达意;能力与学习;责任与后果;边界与许可;技术与工程","02;03;05;08;09;10;12;13;16;17;18;32;33"
"2414","1a8ac9a0-031e-582d-bca0-7bded99e2260","罗马彩票","2023-01-29","能力与学习;选择与自由;责任与后果;成本与总账;技术与工程;文明与历史;心理与主体;性别与身体","02;03;05;07;08;10;11;12;13;14;15;16;17;18;31;32;33"
"2415","6eee0d7e-798d-5982-8ce7-0d0d9743f0e9","马赛大曲","2023-01-27","定义与达意;能力与学习;选择与自由;责任与后果;成本与总账;财富与市场;法律与秩序;文明与历史;民族与身份","02;03;07;08;09;10;11;12;13;15;16;17;18;27;31;32;33"
"2416","9aa2e149-8b63-5f5f-bbca-b179e3a1ae02","硬鼻书法","2023-01-27","成本与总账","03;10;18"
"2417","a6cedaa3-5172-59a8-b995-ba479b01c8f2","修行实践","2023-01-26","定义与达意;选择与自由;责任与后果;心理与主体","02;03;07;08;09;10;12;14;16;17;18"
"2418","e6eaee74-6ff9-54b1-98ad-732cd571ee0f","真爱永远","2023-01-26","定义与达意;爱与回应;边界与许可","04;05;09;12;14;16;17;18"
"2419","abb4f396-a0c3-5462-ad17-0b3a6fd2aa28","卵生大猩猩","2023-01-25","能力与学习;责任与后果;劳动与组织;法律与秩序;文明与历史","02;03;06;07;08;10;11;12;13;15;18;31;32;33"
"2420","31535c1b-c337-5829-859b-895fe61bff0d","分手条件","2023-01-25","事实与证据;定义与达意;选择与自由;责任与后果;成本与总账;爱与回应;心理与主体","02;03;04;05;07;08;09;10;12;14;16;17;18"
"2421","29c27b45-31d3-5ee7-ae33-f46a3176d48b","上上大吉","2023-01-25","成本与总账;爱与回应","03;04;05;10;14;16;18"
"2422","3f7ff4b9-1c72-5128-9f2b-6b082811e9d5","自由主义101","2023-01-25","选择与自由;责任与后果;边界与许可;权力与异议","02;03;05;07;10;12;16;18"
"2423","7e45b35c-1082-5cd9-b389-a71c4f3ea261","弯道超车","2023-01-24","能力与学习;责任与后果;成本与总账;财富与市场;法律与秩序;技术与工程;文明与历史","02;03;07;08;10;11;12;13;15;17;18;31;32;33"
"2424","d67648e9-41f2-539b-b5b3-6d84e930aaa7","十五秒","2023-01-24","定义与达意;能力与学习;成本与总账;劳动与组织;法律与秩序;权力与异议;技术与工程;生态与自然;心理与主体;性别与身体","03;05;06;07;08;09;10;12;13;14;16;17;18;25;32;33"
"2425","098fc851-bdd5-5e25-9b4d-0b94ee1ea7b0","平安符","2023-01-24","能力与学习;责任与后果;成本与总账;信用与信任;净输出与不掠夺;边界与许可;心理与主体","02;03;05;06;08;10;12;13;14;16;17;18"
"2426","2a75a685-5994-51bc-b623-2ba599db2618","批判性的声音","2023-01-23","定义与达意;能力与学习;选择与自由;责任与后果;边界与许可;照料与家庭;法律与秩序;权力与异议;技术与工程","02;03;04;05;07;08;09;10;12;13;14;16;17;18;32;33"
"2427","cd7a7195-b2ef-5534-9fdc-1cf47635d300","家族禁忌","2023-01-23","定义与达意;责任与后果;成本与总账;信用与信任;技术与工程","02;03;06;09;10;12;13;17;18;32;33"
"2428","930d9bb4-d98b-5bed-83c9-bdf3561a8b0a","政治正确","2023-01-22","事实与证据;定义与达意;选择与自由;责任与后果;成本与总账;劳动与组织;财富与市场;法律与秩序;权力与异议;文明与历史;民族与身份;宗教与自然法","02;03;06;07;08;09;10;11;12;13;15;16;17;18;27;31;32;33"
"2429","3ea63162-2930-5934-9bd6-7d4493a238cc","想象力匮乏","2023-01-21","边界与许可;文明与历史;民族与身份","05;11;12;13;15;16;18;27;31;32;33"
"2430","2fa34a50-e15b-5a04-bc6c-ae9713d5e638","私聊","2023-01-20","定义与达意;责任与后果;成本与总账;法律与秩序","02;03;07;09;10;12;17;18"
"2431","08a82f82-f89c-53e7-bfeb-c0a18894f5fd","反战","2023-01-20","定义与达意;选择与自由;权力与异议;民族与身份","02;03;07;09;12;16;17;18;27;31"
"2432","72f22e32-39bc-5a67-85f5-6901c3b94994","入门","2023-01-19","事实与证据;能力与学习;选择与自由;成本与总账","02;03;07;08;09;10;13;16;17;18"
"2433","64889885-1b0f-5dca-a8a7-7a8c3f9b7766","绝后","2023-01-19","定义与达意;能力与学习;选择与自由;照料与家庭;劳动与组织;宗教与自然法","02;04;05;06;07;08;09;10;11;13;14;16;17;18"
"2434","29b258e1-d591-5992-bd56-037d86f08a73","白羽恶魔","2023-01-19","能力与学习;选择与自由;成本与总账;财富与市场;法律与秩序;权力与异议;文明与历史;心理与主体","02;03;07;08;10;11;12;13;14;15;16;17;18;31;32;33"
"2435","ba2a38db-2b13-5422-861e-d2c88a7c7c6c","退休","2023-01-19","能力与学习;选择与自由;责任与后果;净输出与不掠夺;劳动与组织;生态与自然;心理与主体;性别与身体","02;03;05;06;07;08;10;12;13;14;16;17;18;25;32"
"2436","d47d3cc5-7a24-5a1b-b775-10c5a06b3bc0","35","2023-01-19","定义与达意;能力与学习;责任与后果;照料与家庭;劳动与组织;文明与历史","02;03;04;05;06;08;09;10;11;12;13;14;15;16;17;18;31;32;33"
"2437","f3ad35e8-3066-5e5c-8c65-e433848aa224","劈柴","2023-01-19","选择与自由;成本与总账;劳动与组织;技术与工程","02;03;06;07;10;13;16;17;18;32;33"
"2438","f603df5e-93e3-539f-9ea1-27c9f81d9c5f","纳税人权利","2023-01-18","能力与学习;责任与后果;成本与总账;边界与许可;法律与秩序;权力与异议","02;03;05;07;08;10;12;13;16;18"
"2439","e02def7c-d18d-516a-ab4b-de583ff27e72","学无门户","2023-01-17","能力与学习;爱与回应;边界与许可;文明与历史","04;05;08;11;12;13;14;15;16;18;31;32;33"
"2440","6cf31ee2-6759-5cb3-b6e2-e2bd3aba6b8a","家族基金","2023-01-17","能力与学习;选择与自由;责任与后果;边界与许可;照料与家庭;财富与市场;权力与异议;文明与历史;心理与主体","02;03;04;05;07;08;10;11;12;13;14;15;16;17;18;31;32;33"
"2441","643af3ce-8ec5-5c03-ab8b-bdbec286ad11","罂粟壳子","2023-01-16","能力与学习;责任与后果;成本与总账;爱与回应;劳动与组织;财富与市场;权力与异议;技术与工程;心理与主体","02;03;04;05;06;07;08;10;12;13;14;16;17;18;32;33"
"2442","50e2fec8-4f5d-54dc-a2f1-777fd38f0817","和平内卷","2023-01-16","责任与后果;成本与总账;边界与许可;财富与市场;法律与秩序;性别与身体","02;03;05;07;10;12;13;14;16;18"
"2443","d2a4cd24-d623-5609-ad8e-57b9903f9c9d","极端的实践标准","2023-01-16","定义与达意;选择与自由;责任与后果;成本与总账;爱与回应;心理与主体","02;03;04;05;07;08;09;10;12;14;16;17;18"
"2444","4efba1a4-7ba6-59c2-85da-5d49d493992b","谁后悔","2023-01-15","定义与达意;能力与学习;责任与后果;成本与总账;照料与家庭;劳动与组织","02;03;04;05;06;08;09;10;12;13;14;16;17;18"
"2445","54f32cfb-46c4-530c-b688-dc4c2a527283","睡得着证","2023-01-15","事实与证据;定义与达意;能力与学习;选择与自由;责任与后果;成本与总账;照料与家庭;法律与秩序;权力与异议;文明与历史","02;03;04;05;07;08;09;10;11;12;13;14;15;16;17;18;31;32;33"
"2446","d3cd3088-4f71-5e87-9a5d-8e2dacead7ef","说得太少","2023-01-14","事实与证据;定义与达意;能力与学习;成本与总账;心理与主体","03;08;09;10;13;14;17;18"
"2447","70bdfb41-d352-519a-b75f-6529ddb6f92f","RUN","2023-01-13","选择与自由;责任与后果;成本与总账;爱与回应;劳动与组织;法律与秩序","02;03;04;05;06;07;10;12;13;14;16;18"
"2448","41af1975-5db2-5f15-881a-0de42795ad6c","脑核心","2023-01-13","能力与学习;选择与自由;心理与主体;性别与身体","02;05;07;08;13;14;16;17;18"
"2449","b1d82e2c-58dc-5d0e-919d-7d2797fae137","鸟山明","2023-01-12","定义与达意;能力与学习;责任与后果;成本与总账;净输出与不掠夺;文明与历史","02;03;05;08;09;10;11;12;13;15;16;17;18;31;32;33"
"2450","f3eec296-c060-5e66-81cc-f51808641d8d","China!","2023-01-12","事实与证据;责任与后果;爱与回应;法律与秩序;权力与异议;心理与主体","02;03;04;05;07;08;09;10;12;14;16;17;18"
"2451","a5402b0b-e8ec-5ab6-84e5-99662271cc6b","被浪费的人才","2023-01-11","定义与达意;能力与学习;责任与后果;成本与总账;边界与许可;法律与秩序;民族与身份","02;03;05;07;08;09;10;12;13;16;17;18;27;31"
"2452","260d3f38-5ff8-5a65-a4b2-a62a50c360ef","小额贷","2023-01-11","定义与达意;选择与自由;责任与后果;成本与总账;信用与信任;照料与家庭;财富与市场;心理与主体","02;03;04;05;06;07;08;09;10;12;13;14;16;17;18"
"2453","2de34923-9512-534e-890b-d6a12739e092","赵哈哈","2023-01-11","定义与达意;能力与学习;选择与自由;责任与后果;成本与总账;边界与许可;财富与市场;权力与异议;技术与工程;文明与历史;民族与身份","02;03;05;07;08;09;10;11;12;13;15;16;17;18;27;31;32;33"
"2454","65230684-87d1-5884-86c3-b5ceca294245","乌克兰的问题","2023-01-09","选择与自由;责任与后果;法律与秩序;权力与异议","02;03;07;10;12;16;18"
"2455","c74ea721-3f30-55ed-9707-87180e65a547","1/3","2023-01-08","成本与总账;爱与回应","03;04;05;10;14;16;18"
"2456","9b4edf26-1808-538f-a8bc-4d25f4c77a94","十三三","2023-01-07","事实与证据;定义与达意;能力与学习;选择与自由;责任与后果;成本与总账;信用与信任;爱与回应;照料与家庭;劳动与组织;文明与历史;心理与主体;性别与身体;宗教与自然法","02;03;04;05;06;07;08;09;10;11;12;13;14;15;16;17;18;31;32;33"
"2457","3e0bc391-7a02-56d8-ad55-497b0625101d","几分熟","2023-01-05","事实与证据;能力与学习;选择与自由;爱与回应;边界与许可;权力与异议;技术与工程;心理与主体","02;03;04;05;07;08;09;12;13;14;16;17;18;32;33"
"2458","6fbb777f-bb15-5b9f-b6e4-7a63f7efe9ab","那啥","2023-01-04","能力与学习;选择与自由;成本与总账","02;03;07;08;10;13;16;18"
"2459","08b2d150-688e-54d9-974d-17d6f6b9e910","善助","2023-01-03","定义与达意;能力与学习;选择与自由;责任与后果;成本与总账;信用与信任;边界与许可;劳动与组织;法律与秩序;权力与异议;技术与工程","02;03;05;06;07;08;09;10;12;13;16;17;18;32;33"
"2460","f22d3bfa-42b5-5f13-82db-8dc87cbd4dbe","民主游戏","2023-01-03","定义与达意;能力与学习;责任与后果;成本与总账;边界与许可;劳动与组织","02;03;05;06;08;09;10;12;13;16;17;18"
"2461","209205a2-788f-594f-9d41-7655d327aeef","没有失业的好地方","2023-01-02","选择与自由;成本与总账;劳动与组织;财富与市场;法律与秩序;民族与身份","02;03;06;07;10;12;13;16;18;27;31"
"2462","46dceda6-e82e-5bcb-a911-1cd7e2871e27","零分卷","2023-01-02","事实与证据;定义与达意;能力与学习;选择与自由;责任与后果;成本与总账;爱与回应;照料与家庭;法律与秩序;心理与主体","02;03;04;05;07;08;09;10;12;13;14;16;17;18"
"2463","fd388f27-9169-5cc5-8f90-25020588acec","武德指数","2023-01-02","定义与达意;能力与学习;选择与自由;成本与总账;边界与许可;法律与秩序;文明与历史;民族与身份","02;03;05;07;08;09;10;11;12;13;15;16;17;18;27;31;32;33"
"2464","87e76c7e-7a4b-5797-992e-13901b4333a3","stake","2023-01-01","事实与证据;定义与达意;能力与学习;选择与自由;成本与总账;净输出与不掠夺;边界与许可;技术与工程","02;03;05;07;08;09;10;12;13;16;17;18;32;33"
"2465","23774bcd-411b-5e5e-813e-f493848c2549","非常幸福","2023-01-01","事实与证据;能力与学习;选择与自由;责任与后果;心理与主体","02;03;07;08;09;10;12;13;14;16;17;18"
"2466","cc0a7881-7fe5-5e06-93c1-8a419d5ca2fe","恶习","2023-01-01","能力与学习;选择与自由;责任与后果;成本与总账;爱与回应;净输出与不掠夺;照料与家庭;法律与秩序;权力与异议","02;03;04;05;07;08;10;12;13;14;16;18"
"2467","025ffa9b-ad03-5535-8c08-8630c725f21e","见死救","2022-12-31","定义与达意;责任与后果;边界与许可;照料与家庭","02;03;04;05;09;10;12;14;16;17;18"
"2468","8e98b07e-b5f1-523b-9fcf-4882ceda59de","一辉","2022-12-30","事实与证据;能力与学习;选择与自由;爱与回应;文明与历史;宗教与自然法","02;04;05;07;08;09;11;13;14;15;16;17;18;31;32;33"
"2469","c8147f48-437b-50e3-b3e1-316521c4389b","唯一依靠","2022-12-30","选择与自由;责任与后果;信用与信任;爱与回应;心理与主体","02;03;04;05;06;07;08;10;12;14;16;17;18"
"2470","bd00b146-f273-55d5-9dcb-c529d96c3ac9","北极蛙","2022-12-30","选择与自由;责任与后果;成本与总账;劳动与组织;财富与市场;技术与工程;文明与历史","02;03;06;07;10;11;12;13;15;16;17;18;31;32;33"
"2471","4293a23f-a714-5203-9632-6e220bce2a13","撩阴腿","2022-12-29","能力与学习;责任与后果;成本与总账;爱与回应","02;03;04;05;08;10;12;13;14;16;18"
"2472","6eb44e7f-c3ba-5212-b188-f39193ff2f5e","一国书","2022-12-27","定义与达意;能力与学习;成本与总账;净输出与不掠夺;照料与家庭;文明与历史;心理与主体","03;04;05;08;09;10;11;13;14;15;16;17;18;31;32;33"
"2473","a7ef3e0f-763e-5292-bf73-73890c9cfa15","水平","2022-12-25","事实与证据;定义与达意;成本与总账;信用与信任;边界与许可","03;05;06;08;09;10;12;16;17;18"
"2474","10394fcb-017a-585f-ad53-9b7fd7c2ee7f","再打打","2022-12-25","事实与证据;能力与学习;责任与后果;成本与总账;劳动与组织;文明与历史","02;03;06;08;09;10;11;12;13;15;17;18;31;32;33"
"2475","c7cf7d4e-d50c-5bfa-956b-f4c87b1d3a86","经史子集","2022-12-25","选择与自由;责任与后果;权力与异议","02;03;07;10;12;16;18"
"2476","af7e49a2-94ef-537d-aaae-eca73f8b42f4","财富观 II","2022-12-24","能力与学习;选择与自由;责任与后果;成本与总账;信用与信任;边界与许可;照料与家庭;财富与市场;文明与历史","02;03;04;05;06;07;08;10;11;12;13;14;15;16;18;31;32;33"
"2477","31ad2a0e-5634-5f5e-baf2-3968cfa6913b","时间理性","2022-12-22","能力与学习;成本与总账;劳动与组织;文明与历史","03;06;08;10;11;13;15;18;31;32;33"
"2478","8431062c-68db-5f1c-af36-df7d266bb060","大会员","2022-12-21","选择与自由;爱与回应;财富与市场;法律与秩序;权力与异议;文明与历史;民族与身份","02;03;04;05;07;10;11;12;13;14;15;16;18;27;31;32;33"
"2479","4a02adb9-819d-5c72-a379-945bec79f3b9","锤子的个人理解","2022-12-20","选择与自由;责任与后果;爱与回应;照料与家庭;财富与市场;文明与历史","02;03;04;05;07;10;11;12;13;14;15;16;18;31;32;33"
"2480","e3301871-3696-5787-8878-1bbf15126a64","那山高","2022-12-19","心理与主体","08;14;17;18"
"2481","0e8bd1e2-2393-58b6-b8c3-cd1acaa9cf6a","长一智","2022-12-19","事实与证据;能力与学习;选择与自由;成本与总账","02;03;07;08;09;10;13;16;17;18"
"2482","1bbde9dd-b5d7-50d1-a07c-35915898a82b","非法改装","2022-12-18","定义与达意;选择与自由;边界与许可;法律与秩序","02;05;07;09;12;16;17;18"
"2483","afeb2d17-8a39-5bca-a8b2-6793d3fc2ef0","摄像头","2022-12-18","选择与自由;责任与后果;照料与家庭;技术与工程","02;03;04;05;07;10;12;13;14;16;17;18;32;33"
"2484","62b47ce9-2a74-596c-89dd-3eea01da2eb5","该与不该","2022-12-18","事实与证据;能力与学习;选择与自由;责任与后果;成本与总账;边界与许可;法律与秩序;文明与历史;心理与主体;宗教与自然法","02;03;05;07;08;09;10;11;12;13;14;15;16;17;18;31;32;33"
"2485","0d21e055-7d5e-578d-96d7-f055bc7f64bb","独立游戏","2022-12-18","定义与达意;能力与学习;选择与自由;法律与秩序;技术与工程;民族与身份","02;07;08;09;12;13;16;17;18;27;31;32;33"
"2486","ec1c1cbb-e156-5b27-b802-21355330794c","主见","2022-12-17","能力与学习;责任与后果;边界与许可;法律与秩序;技术与工程;人工智能与机器","02;03;05;07;08;10;12;13;16;17;18;28;29;32;33"
"2487","2921320f-a79e-5aa2-a01d-91a45f4480b4","老孩侠","2022-12-17","事实与证据;选择与自由;责任与后果;信用与信任","02;03;06;07;08;09;10;12;16;17;18"
"2488","bb73ac70-26cf-581c-8848-f91f9c3d98dd","小改装","2022-12-17","事实与证据;定义与达意;选择与自由;责任与后果;心理与主体","02;03;07;08;09;10;12;14;16;17;18"
"2489","b8da2d88-66cf-5304-a641-14617b838fa6","关键","2022-12-15","能力与学习;责任与后果;文明与历史;宗教与自然法","02;03;07;08;10;11;12;13;15;18;31;32;33"
"2490","1b76917b-aeeb-5990-b9bf-8416f4676299","默认处理","2022-12-14","定义与达意;责任与后果;成本与总账","02;03;09;10;12;17;18"
"2491","5cfe5df3-bf20-5fbc-93a9-dd69b58d74c2","有钱人","2022-12-13","定义与达意;能力与学习;选择与自由;责任与后果;成本与总账;照料与家庭;劳动与组织;财富与市场;宗教与自然法","02;03;04;05;06;07;08;09;10;11;12;13;14;16;17;18"
"2492","6599f61e-24ee-525c-864f-9dea398c3b81","亦真亦假","2022-12-11","能力与学习;选择与自由;责任与后果;成本与总账;信用与信任;财富与市场;法律与秩序;心理与主体","02;03;06;07;08;10;12;13;14;16;17;18"
"2493","77151d4f-fc9c-57d2-9e91-4a3dd3a30fec","blender","2022-12-10","能力与学习;选择与自由;成本与总账;劳动与组织;法律与秩序;技术与工程;生态与自然","02;03;06;07;08;10;12;13;16;17;18;25;32;33"
"2494","870117c9-eba0-5790-bd48-12d86e67fc1c","痛苦问题","2022-12-09","能力与学习;责任与后果;信用与信任;劳动与组织;法律与秩序;权力与异议;心理与主体;性别与身体","02;03;05;06;07;08;10;12;13;14;16;17;18"
"2495","977dd7aa-c7a7-5162-80ca-a65a57606979","撞球游戏","2022-12-09","事实与证据;净输出与不掠夺;照料与家庭;文明与历史","03;04;05;08;09;11;13;14;15;16;17;31;32;33"
"2496","b53ef953-ea64-50ee-945f-c35070818ecb","宝一对","2022-12-08","事实与证据;能力与学习;责任与后果;爱与回应;文明与历史;生态与自然","02;03;04;05;08;09;10;11;12;13;14;15;16;17;18;25;31;32;33"
"2497","747baf9a-3a2e-556f-bae2-6476bd02f429","VENI VIDI VICI","2022-12-07","事实与证据;选择与自由;成本与总账;爱与回应;财富与市场;权力与异议;心理与主体","02;03;04;05;07;08;09;10;12;13;14;16;17;18"
"2498","9200b2d7-5f97-55ff-8b14-c88a0f8573a4","值得坚持","2022-12-07","能力与学习;选择与自由;责任与后果;信用与信任;心理与主体;宗教与自然法","02;03;06;07;08;10;11;12;13;14;16;17;18"
"2499","401f66f2-66de-5221-a516-52909149fd69","chatGPT","2022-12-07","责任与后果;信用与信任;技术与工程;人工智能与机器","02;03;06;10;12;13;17;18;28;29;32;33"
"2500","780fc3e7-27a9-553c-9b25-9f545def2e45","愿意但不满意","2022-12-06","选择与自由;民族与身份;性别与身体;宗教与自然法","02;05;07;11;12;14;16;18;27;31"
"2501","7febcda8-6f4c-5787-9f1e-d4be03e30094","保密义务","2022-12-05","选择与自由;责任与后果;信用与信任;边界与许可;劳动与组织","02;03;05;06;07;10;12;13;16;18"
"2502","265ac1f2-e1fe-5ac2-8117-6eed9fd1460a","三重门","2022-12-04","定义与达意;选择与自由;责任与后果;成本与总账;边界与许可;财富与市场;文明与历史","02;03;05;07;09;10;11;12;13;15;16;17;18;31;32;33"
"2503","2f04cc32-b1e1-578b-a46b-84a482cd3955","蚯蚓","2022-12-04","责任与后果;爱与回应;劳动与组织;法律与秩序;权力与异议;心理与主体","02;03;04;05;06;07;08;10;12;13;14;16;17;18"
"2504","cc5afe46-bf23-5261-a2a3-310299f83fe2","婚姻与稳定","2022-12-03","能力与学习;责任与后果;成本与总账;照料与家庭;劳动与组织;法律与秩序;权力与异议;技术与工程","02;03;04;05;06;07;08;10;12;13;14;16;17;18;32;33"
"2505","17fad4ea-0112-5131-9279-87be21ab1b0c","真正的朋友","2022-12-02","定义与达意;边界与许可","05;09;12;16;17;18"
"2506","e2570c53-5c17-559f-a5e3-8e402813dddf","残疾","2022-11-30","事实与证据;能力与学习;选择与自由;责任与后果;技术与工程;心理与主体","02;03;07;08;09;10;12;13;14;16;17;18;32;33"
"2507","b135816f-3eca-5597-9056-a923e93d17f3","扩建医院","2022-11-30","定义与达意;能力与学习;责任与后果;成本与总账;信用与信任;技术与工程;文明与历史","02;03;06;08;09;10;11;12;13;15;17;18;31;32;33"
"2508","d2ded333-2c24-5153-b1cc-ebf291d534a7","WORKER","2022-11-28","定义与达意;能力与学习;选择与自由;责任与后果;成本与总账;劳动与组织;技术与工程","02;03;06;07;08;09;10;12;13;16;17;18;32;33"
"2509","9e220057-0cc7-5fba-9db6-66dbe57f6b70","反服从性的人","2022-11-27","定义与达意;选择与自由;责任与后果;劳动与组织;法律与秩序;心理与主体","02;03;06;07;08;09;10;12;13;14;16;17;18"
"2510","067005c9-a987-57a9-9c7d-45cf65b3f374","受够了","2022-11-26","选择与自由;责任与后果;成本与总账;净输出与不掠夺;心理与主体","02;03;05;07;08;10;12;14;16;17;18"
"2511","b96ba498-99bc-598f-bddb-ac696e80d523","谣止于勤","2022-11-26","能力与学习;劳动与组织;心理与主体","06;08;10;13;14;17;18"
"2512","38755633-d5ea-52ad-a014-47251464712e","去势","2022-11-26","事实与证据;定义与达意;爱与回应;边界与许可","04;05;08;09;12;14;16;17;18"
"2513","3b85813f-ec88-5770-9f17-eb60f1701990","拿你一双方便筷","2022-11-24","定义与达意;能力与学习;选择与自由;责任与后果;成本与总账;信用与信任;爱与回应;净输出与不掠夺;心理与主体","02;03;04;05;06;07;08;09;10;12;13;14;16;17;18"
"2514","0abed7ff-a5ce-58fe-929f-20ef0fa26e70","羊了个羊","2022-11-22","定义与达意;责任与后果;成本与总账;财富与市场","02;03;09;10;12;13;17;18"
"2515","9c06dc01-31b5-5e34-a3bc-8783d86bdda9","骗局","2022-11-22","事实与证据;定义与达意;能力与学习;责任与后果;成本与总账;信用与信任;爱与回应;照料与家庭;劳动与组织;法律与秩序;宗教与自然法","02;03;04;05;06;07;08;09;10;11;12;13;14;16;17;18"
"2516","78aaaaae-b222-56cb-a439-c2a62c613e1d","犬夜叉","2022-11-19","定义与达意;能力与学习;选择与自由;劳动与组织;文明与历史","02;06;07;08;09;10;11;13;15;16;17;18;31;32;33"
"2517","92be5828-3c0b-5970-9db9-e80783884362","爱与崇拜","2022-11-19","能力与学习;选择与自由;责任与后果;爱与回应;边界与许可;照料与家庭","02;03;04;05;07;08;10;12;13;14;16;18"
"2518","ba5c0ebd-bb52-59c1-b4c7-8496a6b0bd74","nice guy","2022-11-19","能力与学习;选择与自由;责任与后果","02;03;07;08;10;12;13;16;18"
"2519","d5d6aad8-199f-5a61-8e0f-25adec802167","中介","2022-11-19","定义与达意;责任与后果;成本与总账;财富与市场","02;03;09;10;12;13;17;18"
"2520","3d908073-eabd-564b-9947-8f2343879c9a","时序图","2022-11-19","能力与学习;选择与自由;技术与工程","02;07;08;13;16;17;18;32;33"
"2521","ab59ea23-6f8e-5b66-81a9-02121f423dc5","凤凰传奇","2022-11-18","能力与学习;成本与总账;照料与家庭;劳动与组织","03;04;05;06;08;10;13;14;16;18"
"2522","41718046-f6d1-5033-b6b2-378015b1109a","The Game of Mole","2022-11-18","能力与学习;责任与后果;成本与总账;信用与信任;边界与许可;劳动与组织","02;03;05;06;08;10;12;13;16;18"
"2523","b196a9e1-60ec-55c4-bd1c-b6c5cc8db3ae","仁道","2022-11-17","定义与达意;能力与学习;责任与后果;爱与回应;边界与许可;照料与家庭;法律与秩序;文明与历史","02;03;04;05;07;08;09;10;11;12;13;14;15;16;17;18;31;32;33"
"2524","4b4e3d38-7985-5823-aafd-9f44c2d3d20b","移星换斗","2022-11-16","事实与证据;定义与达意;能力与学习;选择与自由;责任与后果;劳动与组织;技术与工程","02;03;06;07;08;09;10;12;13;16;17;18;32;33"
"2525","30c6f374-bb7c-518f-b2fe-d377da5db442","清楚认识自己","2022-11-15","事实与证据;能力与学习;成本与总账;权力与异议;心理与主体","03;07;08;09;10;12;13;14;17;18"
"2526","ef2ea510-55a3-5497-a9ff-2354eb4bb3ab","不说话","2022-11-13","定义与达意;能力与学习;选择与自由;责任与后果;爱与回应;心理与主体","02;03;04;05;07;08;09;10;12;13;14;16;17;18"
"2527","1beb2c0f-6bb5-5905-93a4-18e413503d98","影武者","2022-11-13","能力与学习;选择与自由;责任与后果;成本与总账;信用与信任;权力与异议;性别与身体","02;03;05;06;07;08;10;12;13;14;16;18"
"2528","c920fa88-3a12-561f-a38e-1c791edbb355","以爱为名","2022-11-12","事实与证据;定义与达意;选择与自由;责任与后果;成本与总账;爱与回应;边界与许可;法律与秩序","02;03;04;05;07;08;09;10;12;14;16;17;18"
"2529","060f0fbb-703f-5175-952b-c86b1a949fbb","反敌意监控","2022-11-12","事实与证据;选择与自由;责任与后果;成本与总账;边界与许可;权力与异议","02;03;05;07;08;09;10;12;16;17;18"
"2530","e8835ad8-dfc9-5c23-b9a8-7043fff1f001","宽严相济","2022-11-12","财富与市场","03;10;13"
"2531","69fa13cd-e634-593f-b0eb-4a589375e77c","回家种地","2022-11-10","能力与学习;责任与后果;成本与总账;劳动与组织;财富与市场;技术与工程;生态与自然","02;03;06;08;10;12;13;17;18;25;32;33"
"2532","03d09ea4-001e-5cb4-9bde-37d0fa9d45db","见龙在田","2022-11-09","定义与达意;能力与学习;成本与总账;性别与身体","03;05;08;09;10;13;14;16;17;18"
"2533","c4270c77-1055-568d-9919-ad59078c3a90","晚了两步","2022-11-09","定义与达意;能力与学习;宗教与自然法","07;08;09;11;13;17;18"
"2534","0982b6b3-6ace-5a81-810a-355246ae2ae1","夜场路","2022-11-07","能力与学习;选择与自由;责任与后果;成本与总账;爱与回应;照料与家庭;劳动与组织;财富与市场;法律与秩序;权力与异议","02;03;04;05;06;07;08;10;12;13;14;16;18"
"2535","eb07f369-563f-5aa1-a66d-887cb4c0b139","卑下","2022-11-07","定义与达意;能力与学习;责任与后果;信用与信任;爱与回应;财富与市场","02;03;04;05;06;08;09;10;12;13;14;16;17;18"
"2536","a40e6fa7-a355-53ce-b0a8-07ce2bc5bfbb","被背叛怎么办","2022-11-06","选择与自由;责任与后果;成本与总账;法律与秩序;权力与异议;心理与主体","02;03;07;08;10;12;14;16;17;18"
"2537","903f3cb0-57b6-5bfc-a45d-a014d1b07c74","兽血沸腾","2022-11-06","责任与后果;成本与总账;劳动与组织;法律与秩序","02;03;06;07;10;12;13;18"
"2538","b50e19e9-4d47-5dee-bf0a-b3152cefdfb2","钦赐铁饭碗","2022-11-05","事实与证据;能力与学习;选择与自由;责任与后果;成本与总账;劳动与组织;权力与异议;技术与工程;民族与身份;人工智能与机器","02;03;06;07;08;09;10;12;13;16;17;18;27;28;29;31;32;33"
"2539","8ec003f9-ec06-5003-934d-33634d9ec4a4","巨型小政府","2022-11-05","成本与总账;法律与秩序","03;07;10;12;18"
"2540","bdac4008-c5aa-56f3-a126-07cb000072eb","泰坦尼克","2022-11-05","能力与学习;选择与自由;成本与总账;信用与信任;爱与回应;照料与家庭;劳动与组织;财富与市场;心理与主体","02;03;04;05;06;07;08;10;12;13;14;16;17;18"
"2541","57cbd189-d64c-5932-aa89-8353c4e357cf","聪明到高尚","2022-11-03","能力与学习;责任与后果;成本与总账;边界与许可;劳动与组织;财富与市场;权力与异议;技术与工程","02;03;05;06;07;08;10;12;13;16;17;18;32;33"
"2542","414b9e67-0352-5b8f-9ee8-631231eeebe6","白吃一粒","2022-10-31","能力与学习;选择与自由;责任与后果;信用与信任;文明与历史;心理与主体","02;03;06;07;08;10;11;12;13;14;15;16;17;18;31;32;33"
"2543","be26ace1-ddf2-5438-933f-d2421ba171c5","来之与安之","2022-10-31","事实与证据;选择与自由;成本与总账;劳动与组织;法律与秩序","02;03;06;07;08;09;10;12;13;16;17;18"
"2544","cc4725ed-94fc-5eab-92d3-8ba71e581ab5","私德","2022-10-30","定义与达意;选择与自由;成本与总账;信用与信任;爱与回应;边界与许可;照料与家庭;财富与市场;法律与秩序;权力与异议;心理与主体","02;03;04;05;06;07;08;09;10;12;13;14;16;17;18"
"2545","2bf92107-11dc-543e-b730-097ed3035394","泰森吃我一拳","2022-10-30","能力与学习;责任与后果;成本与总账;财富与市场;法律与秩序;文明与历史;心理与主体","02;03;07;08;10;11;12;13;14;15;17;18;31;32;33"
"2546","7cbc96cf-9425-5eac-bd59-7e0158f72688","底","2022-10-29","能力与学习;信用与信任;照料与家庭;生态与自然;心理与主体","03;04;05;06;08;12;13;14;16;17;18;25;32"
"2547","a687351f-28f0-5b9a-8d9c-41682da6e7a8","一拳","2022-10-29","能力与学习;选择与自由;成本与总账;技术与工程","02;03;07;08;10;13;16;17;18;32;33"
"2548","b5e75058-c6f3-5b49-aaeb-d5213940f02d","反什么战","2022-10-29","定义与达意;能力与学习;选择与自由;权力与异议","02;03;07;08;09;12;13;16;17;18"
"2549","671a8100-699a-5228-b0b6-3c0ca7bd2d7c","孩子气","2022-10-28","事实与证据;定义与达意;选择与自由;成本与总账;技术与工程;心理与主体","02;03;07;08;09;10;13;14;16;17;18;32;33"
"2550","6cb63dfa-049f-5837-b9be-7acd77254cc3","扎实","2022-10-27","定义与达意;能力与学习;选择与自由;净输出与不掠夺;照料与家庭;劳动与组织;心理与主体","02;03;04;05;06;07;08;09;10;13;14;16;17;18"
"2551","53d74bf0-2675-57a3-89ee-1b52cc02b77a","渐行渐远","2022-10-24","成本与总账;心理与主体","03;08;10;14;17;18"
"2552","fb4dffee-1655-5edc-bcd3-de36b1059b63","基本功课","2022-10-23","事实与证据;定义与达意;能力与学习;成本与总账;法律与秩序;文明与历史","03;07;08;09;10;11;12;13;15;17;18;31;32;33"
"2553","b7783aac-09f8-5124-bd0f-03efe1ca23aa","高尔顿钉板","2022-10-23","事实与证据;能力与学习;选择与自由;责任与后果;成本与总账;边界与许可;照料与家庭;权力与异议","02;03;04;05;07;08;09;10;12;13;14;16;17;18"
"2554","cc875464-efa8-5d7e-9f74-09f206845083","事实教育","2022-10-22","事实与证据;定义与达意;能力与学习;选择与自由;责任与后果;照料与家庭;劳动与组织;法律与秩序;技术与工程;心理与主体;性别与身体","02;03;04;05;06;07;08;09;10;12;13;14;16;17;18;32;33"
"2555","2643f7f7-2eda-5445-959b-f71f58bdb9c5","接化发","2022-10-20","能力与学习;选择与自由;爱与回应;净输出与不掠夺;边界与许可;心理与主体","02;03;04;05;07;08;12;13;14;16;17;18"
"2556","ee14ff5b-4e8a-5974-801d-1cf57dda334b","乱撕便条","2022-10-20","定义与达意;能力与学习;选择与自由;成本与总账;爱与回应","02;03;04;05;07;08;09;10;13;14;16;17;18"
"2557","d87d74e2-dcde-5eeb-8961-4a59923c1c27","历史与小板凳","2022-10-19","事实与证据;能力与学习;责任与后果;成本与总账;信用与信任;法律与秩序;权力与异议;文明与历史;心理与主体","02;03;06;07;08;09;10;11;12;13;14;15;17;18;31;32;33"
"2558","078ef8e0-ff0d-5aad-969d-577421b2be00","必要过程","2022-10-19","事实与证据;能力与学习;选择与自由;责任与后果;成本与总账;法律与秩序;权力与异议","02;03;07;08;09;10;12;13;16;17;18"
"2559","a4e1cc7e-2c8f-5563-9097-31e00b169673","过家家","2022-10-18","能力与学习;选择与自由;责任与后果;成本与总账;爱与回应;边界与许可;劳动与组织;法律与秩序;权力与异议;民族与身份;心理与主体","02;03;04;05;06;07;08;10;12;13;14;16;17;18;27;31"
"2560","289c626e-1087-5f78-90c9-33d3a76aa813","监守自盗","2022-10-17","能力与学习;选择与自由;责任与后果;成本与总账;信用与信任;劳动与组织;权力与异议","02;03;06;07;08;10;12;13;16;18"
"2561","4c894763-e5e5-5fd8-9b20-3b91950bf9b2","坚定不移","2022-10-17","定义与达意;能力与学习;选择与自由;成本与总账;爱与回应","02;03;04;05;07;08;09;10;13;14;16;17;18"
"2562","fa459333-0487-5237-b6de-9bdd927ec0e8","世风日下","2022-10-16","事实与证据;照料与家庭","04;05;08;09;14;16;17"
"2563","25fc6c41-fd55-5d14-a8e3-8cb8dcce81d9","搞点科学","2022-10-16","能力与学习;法律与秩序;技术与工程;文明与历史;生态与自然","07;08;11;12;13;15;17;18;25;31;32;33"
"2564","8f454a1f-d9ae-50a8-85f4-4f6da1efff62","有匪君子","2022-10-15","定义与达意;能力与学习;选择与自由;净输出与不掠夺;边界与许可;照料与家庭;劳动与组织","02;03;04;05;06;07;08;09;10;12;13;14;16;17;18"
"2565","e6ada624-544d-5ce1-a752-265b2f9d12da","镜中妖","2022-10-14","事实与证据;能力与学习;责任与后果;成本与总账;权力与异议;心理与主体","02;03;07;08;09;10;12;13;14;17;18"
"2566","548f6103-2d0d-5817-84eb-8da07cd01253","不打盲人","2022-10-11","能力与学习;爱与回应;边界与许可","04;05;08;12;13;14;16;18"
"2567","f2cdf0de-aaea-5723-8ff3-da22d9cc12f5","逼你幸福","2022-10-11","定义与达意;能力与学习;选择与自由;信用与信任;劳动与组织;技术与工程;人工智能与机器;心理与主体","02;03;06;07;08;09;10;12;13;14;16;17;18;28;29;32;33"
"2568","1f05bad7-d4ee-514e-8a1f-802f4d0d1c06","踊跃发言","2022-10-08","能力与学习;选择与自由;成本与总账;爱与回应;文明与历史;性别与身体","02;03;04;05;07;08;10;11;13;14;15;16;18;31;32;33"
"2569","ec62477d-25fe-5585-94cb-29eb75e1cc6e","游戏","2022-10-06","能力与学习;责任与后果;成本与总账;劳动与组织;性别与身体","02;03;05;06;08;10;12;13;14;16;18"
"2570","f8df4598-13da-5716-ad1c-3e3543c2fa37","面对恐惧","2022-10-06","能力与学习;选择与自由;成本与总账;信用与信任;劳动与组织;财富与市场","02;03;06;07;08;10;12;13;16;18"
"2571","609c37a9-1df2-5703-a1a4-b772320cbd72","助人情结","2022-10-05","定义与达意;责任与后果;成本与总账;法律与秩序;权力与异议;心理与主体;宗教与自然法","02;03;07;08;09;10;11;12;14;17;18"
"2572","29eaf118-75ee-54e1-90f9-d89752994274","怀疑理性","2022-10-05","责任与后果;技术与工程;性别与身体","02;03;05;10;12;13;14;16;17;18;32;33"
"2573","4801d0a4-8479-5fc4-8444-a963cec69498","司法公正","2022-10-04","事实与证据;定义与达意;责任与后果;成本与总账;法律与秩序;技术与工程","02;03;07;08;09;10;12;13;17;18;32;33"
"2574","03c9daae-64a8-5be3-bc0a-912076b43b54","失而复得","2022-10-04","事实与证据;能力与学习;选择与自由;信用与信任;财富与市场","02;03;06;07;08;09;10;12;13;16;17;18"
"2575","0f120545-f704-56e9-b0fb-a3b9ced1bd68","果断","2022-10-04","事实与证据;定义与达意;能力与学习;成本与总账;边界与许可;心理与主体","03;05;08;09;10;12;13;14;16;17;18"
"2576","42282539-802d-594a-9855-5456434893a8","改编权","2022-10-03","事实与证据;选择与自由;责任与后果;法律与秩序;权力与异议;文明与历史","02;03;07;08;09;10;11;12;13;15;16;17;18;31;32;33"
"2577","08758bf8-f30d-5a9d-9e56-f8df4cd35d48","我要","2022-10-03","事实与证据;定义与达意;责任与后果;成本与总账;爱与回应;边界与许可;照料与家庭","02;03;04;05;08;09;10;12;14;16;17;18"
"2578","bb8dfbb1-3ace-5657-95b1-2616f792f8aa","火候问题","2022-10-02","事实与证据;能力与学习;选择与自由;责任与后果;成本与总账;权力与异议;生态与自然","02;03;07;08;09;10;12;13;16;17;18;25;32"
"2579","827b070f-d63e-5999-98f3-0fe0d98c656e","吏治中兴","2022-10-02","选择与自由;责任与后果;成本与总账;边界与许可;劳动与组织;法律与秩序;权力与异议;技术与工程;文明与历史","02;03;05;06;07;10;11;12;13;15;16;17;18;31;32;33"
"2580","99fc04c4-6621-5bc7-a7cf-901faec249ae","改编","2022-10-02","事实与证据;定义与达意;责任与后果;爱与回应;劳动与组织;财富与市场;权力与异议;心理与主体;性别与身体","02;03;04;05;06;07;08;09;10;12;13;14;16;17;18"
"2581","d6d1e180-0193-53b2-a5ac-4df3d4481a80","高端人才","2022-10-02","能力与学习;选择与自由;责任与后果;成本与总账;劳动与组织;财富与市场;法律与秩序;技术与工程;文明与历史","02;03;06;07;08;10;11;12;13;15;16;17;18;31;32;33"
"2582","e892fd3d-7312-5761-953c-46c0d0a799cb","因小失大","2022-10-02","能力与学习;选择与自由;责任与后果;成本与总账;边界与许可;劳动与组织;财富与市场;法律与秩序;权力与异议","02;03;05;06;07;08;10;12;13;16;18"
"2583","a662968a-e14c-506d-8fac-21d0e7baf858","眼中的光","2022-10-01","能力与学习;选择与自由;心理与主体;宗教与自然法","02;07;08;11;13;14;16;17;18"
"2584","f2d0a2b0-19ce-50eb-9498-32c01cd5544c","不受欺负","2022-10-01","定义与达意;能力与学习;选择与自由;成本与总账;信用与信任;技术与工程;心理与主体","02;03;06;07;08;09;10;12;13;14;16;17;18;32;33"
"2585","62bd61f3-0057-5fb0-877b-3e0b409a5c49","傲慢的两个来源","2022-09-30","能力与学习;选择与自由;责任与后果;成本与总账;信用与信任;爱与回应;法律与秩序;文明与历史;民族与身份;心理与主体","02;03;04;05;06;07;08;10;11;12;13;14;15;16;17;18;27;31;32;33"
"2586","e1bb81cd-9b24-5c3d-8e8a-d40b6bfa9d7b","理解和对错","2022-09-29","事实与证据;定义与达意;选择与自由;责任与后果;法律与秩序;宗教与自然法","02;03;07;08;09;10;11;12;16;17;18"
"2587","4dd1b33f-3e10-58ae-9a7b-d9e9f132d28c","安全假设","2022-09-28","能力与学习;责任与后果;成本与总账;信用与信任;法律与秩序;技术与工程;生态与自然","02;03;06;07;08;10;12;13;17;18;25;32;33"
"2588","4df08cd0-aa3e-5f13-ac83-7608d26546a8","恶的能力","2022-09-26","定义与达意;能力与学习;选择与自由;责任与后果;成本与总账;劳动与组织;技术与工程","02;03;06;07;08;09;10;12;13;16;17;18;32;33"
"2589","2b6e8ea1-2ba1-5b68-8e71-b349ae4b67d6","稳定","2022-09-23","定义与达意;能力与学习;选择与自由;责任与后果;成本与总账","02;03;07;08;09;10;12;13;16;17;18"
"2590","2253444b-a583-51e3-bb45-efa2897c0ced","不爱交朋友","2022-09-21","事实与证据;定义与达意;能力与学习;责任与后果;劳动与组织;民族与身份","02;03;06;08;09;10;12;13;17;18;27;31"
"2591","ec47187c-e33f-5a1b-b21d-5e62a44cea5d","春眠不觉晓","2022-09-21","选择与自由;责任与后果;成本与总账;劳动与组织;财富与市场;技术与工程;文明与历史","02;03;06;07;10;11;12;13;15;16;17;18;31;32;33"
"2592","1fb11f11-3b90-5193-9239-70a4cca8338b","不同节奏","2022-09-19","能力与学习;选择与自由;技术与工程;文明与历史;人工智能与机器;心理与主体;宗教与自然法","02;07;08;11;13;14;15;16;17;18;28;29;31;32;33"
"2593","45005b86-f7a5-5c95-80d0-7bb2d0423ec0","再全球化","2022-09-18","定义与达意;能力与学习;成本与总账;信用与信任;劳动与组织;财富与市场;法律与秩序;技术与工程;文明与历史","03;06;07;08;09;10;11;12;13;15;17;18;31;32;33"
"2594","6740f6cd-4fca-56bb-8a44-c33d6d96f1c3","结果的结果的结果","2022-09-17","事实与证据;能力与学习;责任与后果;文明与历史","02;03;08;09;10;11;12;13;15;17;18;31;32;33"
"2595","0b762f4e-3abf-5bca-b614-bf33939f7030","洗洗再睡","2022-09-17","事实与证据;责任与后果;成本与总账;边界与许可;技术与工程","02;03;05;08;09;10;12;13;16;17;18;32;33"
"2596","5172d0f0-a5b3-57c2-945b-2f9a7bf7ac96","计较","2022-09-17","定义与达意;能力与学习;选择与自由;责任与后果;权力与异议","02;03;07;08;09;10;12;13;16;17;18"
"2597","50c61030-a6e7-5245-92fc-c14de6061caa","强大","2022-09-16","定义与达意;能力与学习;成本与总账;爱与回应;劳动与组织;文明与历史;心理与主体","03;04;05;06;08;09;10;11;13;14;15;16;17;18;31;32;33"
"2598","92ff9f2e-a801-535d-a7cd-f51cea7bdc5d","你先走","2022-09-10","定义与达意;能力与学习;选择与自由;责任与后果;成本与总账;边界与许可;权力与异议;文明与历史;生态与自然;心理与主体","02;03;05;07;08;09;10;11;12;13;14;15;16;17;18;25;31;32;33"
"2599","ff4dff4b-3a91-5bae-9bfc-d35bb73483f9","两情难悦","2022-09-09","定义与达意;能力与学习;爱与回应;劳动与组织;心理与主体","04;05;06;08;09;10;13;14;16;17;18"
"2600","7d19876b-6035-5ce9-9de8-bb2ca664d4d8","我乃被迫","2022-09-09","事实与证据;定义与达意;选择与自由;责任与后果;爱与回应;净输出与不掠夺;边界与许可;照料与家庭;法律与秩序;权力与异议;心理与主体","02;03;04;05;07;08;09;10;12;14;16;17;18"
"2601","c0985132-cd22-5b26-ac12-174c20ebfe11","为了谁","2022-09-09","定义与达意;选择与自由;成本与总账;信用与信任;爱与回应;净输出与不掠夺;心理与主体","02;03;04;05;06;07;08;09;10;12;14;16;17;18"
"2602","f09783ac-a060-50f2-b8b5-a771c12531fa","好机长","2022-09-09","事实与证据;定义与达意;能力与学习;选择与自由;责任与后果;劳动与组织;法律与秩序;权力与异议;文明与历史;人工智能与机器;心理与主体;性别与身体","02;03;05;06;07;08;09;10;11;12;13;14;15;16;17;18;28;29;31;32;33"
"2603","b4aeced2-23ec-55bc-882f-087443bb41e0","无脑行者","2022-09-08","能力与学习;选择与自由;责任与后果;成本与总账;信用与信任;劳动与组织;财富与市场","02;03;06;07;08;10;12;13;16;18"
"2604","da995778-f801-5c9a-a368-5a570160c872","换个方向","2022-09-06","事实与证据;能力与学习;信用与信任;性别与身体","03;05;06;08;09;12;13;14;16;17;18"
"2605","379c9f1a-c483-59ed-8e58-00dc12311431","左右互搏","2022-09-06","选择与自由;责任与后果;信用与信任;边界与许可;法律与秩序;权力与异议","02;03;05;06;07;10;12;16;18"
"2606","61f12340-b564-598f-a269-11e78a9cd06e","以弱御强","2022-09-06","事实与证据;能力与学习;责任与后果;成本与总账;信用与信任;权力与异议;技术与工程;性别与身体","02;03;05;06;07;08;09;10;12;13;14;16;17;18;32;33"
"2607","8d7b5d9a-1611-506a-a9fe-e7dbd5b517e4","以下事上","2022-09-06","事实与证据;定义与达意;选择与自由;责任与后果;成本与总账;信用与信任;劳动与组织;法律与秩序","02;03;06;07;08;09;10;12;13;16;17;18"
"2608","2970f988-9d75-5ba1-ab4f-f277092c00e6","悲剧","2022-09-05","事实与证据;能力与学习;选择与自由;责任与后果;文明与历史;心理与主体;宗教与自然法","02;03;07;08;09;10;11;12;13;14;15;16;17;18;31;32;33"
"2609","1e9dfe44-9dfa-5c07-9c3d-300c0d987a36","打官司","2022-09-04","事实与证据;能力与学习;成本与总账;爱与回应;劳动与组织;法律与秩序;技术与工程;民族与身份;人工智能与机器","03;04;05;06;07;08;09;10;12;13;14;16;17;18;27;28;29;31;32;33"
"2610","3cdd1e71-de72-51e4-b3fb-3af1b62cb1d4","迟到","2022-09-03","定义与达意;责任与后果;成本与总账;爱与回应;劳动与组织","02;03;04;05;06;09;10;12;13;14;16;17;18"
"2611","832cd939-4837-50c1-93bf-f33f02a90f05","好大碗","2022-09-02","能力与学习;选择与自由;责任与后果;成本与总账;信用与信任;劳动与组织;财富与市场;宗教与自然法","02;03;06;07;08;10;11;12;13;16;18"
"2612","9838b31a-0141-5a0f-8e73-10d36ee4f97e","痒了三块钱","2022-09-02","能力与学习;成本与总账;信用与信任;财富与市场;技术与工程;人工智能与机器;心理与主体","03;06;08;10;12;13;14;17;18;28;29;32;33"
"2613","b8f316e5-ad48-5994-be34-bcee6dd86938","高端初级","2022-09-02","事实与证据;能力与学习;选择与自由;责任与后果;成本与总账;信用与信任;净输出与不掠夺;边界与许可;劳动与组织;财富与市场;技术与工程","02;03;05;06;07;08;09;10;12;13;16;17;18;32;33"
"2614","880b9567-d986-58ba-8fa6-0f9eceb75b8b","无人私语时","2022-09-01","事实与证据;定义与达意;责任与后果;劳动与组织;法律与秩序","02;03;06;07;08;09;10;12;13;17;18"
"2615","9940d588-e733-5f3e-a302-90acc3819b96","认栽","2022-09-01","成本与总账;权力与异议","03;07;10;12;18"
"2616","24f0160b-eb71-56ac-9be5-0178874ae429","孤立","2022-09-01","事实与证据;成本与总账;信用与信任;爱与回应;技术与工程;心理与主体","03;04;05;06;08;09;10;12;13;14;16;17;18;32;33"
"2617","795f3e00-8ea6-5e22-aac4-2589432c9ddf","三年忠告","2022-08-30","能力与学习;成本与总账;信用与信任;爱与回应;财富与市场;生态与自然","03;04;05;06;08;10;12;13;14;16;18;25;32"
"2618","04295c92-aeb2-5400-8418-46b6446e00cf","熟鸡蛋","2022-08-29","事实与证据;能力与学习;选择与自由;技术与工程;心理与主体","02;07;08;09;13;14;16;17;18;32;33"
"2619","42548038-47a1-5078-bc3e-ff59e810053d","请假","2022-08-27","定义与达意;选择与自由;责任与后果;成本与总账;边界与许可;劳动与组织;财富与市场;法律与秩序;权力与异议","02;03;05;06;07;09;10;12;13;16;17;18"
"2620","505d6028-c119-5065-8e2a-df92177064ff","三慈善","2022-08-26","能力与学习;责任与后果;成本与总账;信用与信任;爱与回应;净输出与不掠夺;边界与许可;权力与异议;心理与主体;宗教与自然法","02;03;04;05;06;07;08;10;11;12;13;14;16;17;18"
"2621","e8a5e7d1-574e-5b3c-829c-abbfefdfa155","谈判的底气","2022-08-26","定义与达意;能力与学习;选择与自由;财富与市场","02;03;07;08;09;10;13;16;17;18"
"2622","f64d2354-d498-56e3-8c70-9603ee776258","破防","2022-08-26","选择与自由;责任与后果;成本与总账;爱与回应;边界与许可","02;03;04;05;07;10;12;14;16;18"
"2623","c1397998-8a0a-5b1d-ae17-e982d56a0d85","一念天堂","2022-08-25","定义与达意;边界与许可;文明与历史","05;09;11;12;13;15;16;17;18;31;32;33"
"2624","77cbf9a1-f2ca-5c8c-b2f1-ffe04bb34950","远方的神坛","2022-08-24","能力与学习;选择与自由;成本与总账;爱与回应;劳动与组织;财富与市场","02;03;04;05;06;07;08;10;13;14;16;18"
"2625","0ce38dbe-f87d-5dd1-bd88-3eb4397beb4f","铁鸡蛋","2022-08-22","事实与证据;定义与达意;信用与信任;劳动与组织;法律与秩序;文明与历史;心理与主体","03;06;07;08;09;10;11;12;13;14;15;17;18;31;32;33"
"2626","fe4a9b6a-a525-53ef-b64b-030acf128a3e","童年往事","2022-08-21","选择与自由;成本与总账;财富与市场;法律与秩序;文明与历史","02;03;07;10;11;12;13;15;16;18;31;32;33"
"2627","302ba8d3-d7a4-5d98-8aec-1019b5521a87","肉糜","2022-08-21","事实与证据;能力与学习;责任与后果;成本与总账;信用与信任;权力与异议","02;03;06;07;08;09;10;12;13;17;18"
"2628","bcb01d59-56a8-5a74-beec-cf4d20731b80","事无定数","2022-08-21","选择与自由;责任与后果;性别与身体;宗教与自然法","02;03;05;07;10;11;12;14;16;18"
"2629","7701894b-15bd-54b1-966d-d088078c75bf","精神病","2022-08-20","选择与自由;责任与后果;边界与许可;劳动与组织","02;03;05;06;07;10;12;13;16;18"
"2630","eae19591-d49b-5f9a-b0ee-376f8c5cec61","空置率","2022-08-20","事实与证据;能力与学习;选择与自由;责任与后果;成本与总账;边界与许可;财富与市场;法律与秩序;文明与历史;心理与主体","02;03;05;07;08;09;10;11;12;13;14;15;16;17;18;31;32;33"
"2631","2d127a86-0787-59e0-9ad0-36940d65f94e","圣蓝","2022-08-20","事实与证据;定义与达意;文明与历史;民族与身份;生态与自然;宗教与自然法","07;08;09;11;12;13;15;17;25;27;31;32;33"
"2632","bafc59ba-af05-5857-97a5-f6d336e122e5","止损点","2022-08-20","事实与证据;能力与学习;选择与自由;责任与后果;爱与回应","02;03;04;05;07;08;09;10;12;13;14;16;17;18"
"2633","736a204c-7cb1-5225-a191-fd52c127c544","张艺谋想你","2022-08-19","责任与后果;信用与信任;技术与工程","02;03;06;10;12;13;17;18;32;33"
"2634","c6cb640f-dad1-59b4-aa96-2af069eb392d","自动超人","2022-08-19","责任与后果;成本与总账;法律与秩序;权力与异议;性别与身体","02;03;05;07;10;12;14;16;18"
"2635","5db7173c-86f7-5b4f-a963-4b92020dd336","竟然","2022-08-19","责任与后果","02;03;10;12;18"
"2636","5a8dc76d-bf99-526b-937f-e8195c82885a","无障碍社会","2022-08-18","能力与学习;责任与后果;成本与总账;爱与回应;财富与市场;法律与秩序;技术与工程;文明与历史","02;03;04;05;07;08;10;11;12;13;14;15;16;17;18;31;32;33"
"2637","84156f7e-c6a6-5738-af9b-76af4b36c1d1","缘木求鱼","2022-08-16","事实与证据;选择与自由;责任与后果;爱与回应;民族与身份;心理与主体","02;03;04;05;07;08;09;10;12;14;16;17;18;27;31"
"2638","8110b62f-e0f4-5533-887b-443f31760f4b","痛而不苦","2022-08-15","事实与证据;选择与自由;责任与后果;照料与家庭;权力与异议;文明与历史;心理与主体","02;03;04;05;07;08;09;10;11;12;13;14;15;16;17;18;31;32;33"
"2639","38b1a286-bab2-516b-a9c4-5b26c85ccba7","尽职尽责","2022-08-15","选择与自由;责任与后果","02;03;07;10;12;16;18"
"2640","01245eac-78ed-504e-9a87-8f594815562e","十足真金","2022-08-14","定义与达意;责任与后果;爱与回应","02;03;04;05;09;10;12;14;16;17;18"
"2641","ccb66591-4c8d-5dc2-8ee0-6ae986e9f5bc","天地无用","2022-08-14","定义与达意;能力与学习;选择与自由;责任与后果;成本与总账;爱与回应;法律与秩序;权力与异议;文明与历史;性别与身体","02;03;04;05;07;08;09;10;11;12;13;14;15;16;17;18;31;32;33"
"2642","a5d469ca-ec51-5425-9881-20dc4c62a232","谈的必要","2022-08-14","定义与达意;能力与学习;选择与自由;责任与后果;爱与回应;照料与家庭","02;03;04;05;07;08;09;10;12;13;14;16;17;18"
"2643","3bf94520-85e1-54d0-a50e-6173cf3e9184","丁香医生","2022-08-12","事实与证据;定义与达意;选择与自由;边界与许可;权力与异议;文明与历史;宗教与自然法","02;03;05;07;08;09;11;12;13;15;16;17;18;31;32;33"
"2644","60841c05-0d09-5b33-bda3-7a075dc85f10","小报告","2022-08-11","事实与证据;责任与后果;权力与异议;文明与历史;宗教与自然法","02;03;07;08;09;10;11;12;13;15;17;18;31;32;33"
"2645","ec0484f5-cb65-56a1-bc61-195e16308946","知的义务","2022-08-11","能力与学习;责任与后果;法律与秩序","02;03;07;08;10;12;13;18"
"2646","dec02db1-a5cd-5911-82c1-ee1a343816cd","忌女色","2022-08-09","能力与学习;责任与后果;成本与总账;性别与身体","02;03;05;08;10;12;13;14;16;18"
"2647","4f652d9f-e5e0-517f-8345-23655ac849f1","明奔","2022-08-09","事实与证据;定义与达意;选择与自由;责任与后果;成本与总账;照料与家庭","02;03;04;05;07;08;09;10;12;14;16;17;18"
"2648","d942c146-a94f-5541-9b6d-2a2f3756a612","做朋友","2022-08-07","责任与后果;边界与许可;照料与家庭;劳动与组织;宗教与自然法","02;03;04;05;06;07;10;11;12;13;14;16;18"
"2649","7a3ea1f8-9328-5897-831b-471ae7fe4f76","层层递进","2022-08-07","选择与自由;责任与后果;成本与总账;边界与许可","02;03;05;07;10;12;16;18"
"2650","fa944ca3-c4c5-5496-b579-b54fd31e1cc2","最好的绘画工具","2022-08-06","事实与证据;定义与达意;能力与学习;选择与自由;技术与工程","02;07;08;09;13;16;17;18;32;33"
"2651","cf54ddea-0712-5d68-a1bf-aedc76c9a8b8","舔狗","2022-08-06","定义与达意;能力与学习;成本与总账;净输出与不掠夺;边界与许可;财富与市场","03;05;08;09;10;12;13;16;17;18"
"2652","f48747ba-d12f-54dd-a8db-086ae52b46e5","内心强大","2022-08-05","事实与证据;定义与达意;能力与学习;选择与自由;责任与后果;成本与总账;心理与主体;性别与身体","02;03;05;07;08;09;10;12;13;14;16;17;18"
"2653","cfde3fae-085c-520f-9e98-e0d74743b909","收尾","2022-08-05","责任与后果;边界与许可;劳动与组织;文明与历史","02;03;05;06;10;11;12;13;15;16;18;31;32;33"
"2654","de785bc0-4961-5dd3-a65e-197e6210fa39","失望","2022-08-03","定义与达意;能力与学习;选择与自由;责任与后果;成本与总账;信用与信任;权力与异议;技术与工程","02;03;06;07;08;09;10;12;13;16;17;18;32;33"
"2655","3f584e37-625a-5654-8d82-649fcdee13cd","体制信仰","2022-08-02","能力与学习;选择与自由;劳动与组织;法律与秩序;技术与工程","02;06;07;08;10;12;13;16;17;18;32;33"
"2656","19a670b8-058a-576c-8489-946b8b77f1fc","三缺一","2022-08-02","能力与学习;责任与后果;成本与总账;信用与信任;爱与回应;财富与市场;技术与工程;文明与历史;民族与身份","02;03;04;05;06;08;10;11;12;13;14;15;16;17;18;27;31;32;33"
"2657","d55942b7-74e8-5aa2-96dc-11cdb268c3ec","一切都对","2022-07-31","能力与学习;选择与自由;责任与后果;照料与家庭;财富与市场;法律与秩序;技术与工程;心理与主体","02;03;04;05;07;08;10;12;13;14;16;17;18;32;33"
"2658","15fdd69e-b119-5750-ae6b-a146233be20f","真的穷","2022-07-30","定义与达意;能力与学习;劳动与组织;财富与市场;心理与主体","03;06;08;09;10;13;14;17;18"
"2659","1d4ad5fb-5285-59a2-b45d-fce26184ed15","火烧红莲寺","2022-07-30","事实与证据;能力与学习;选择与自由;责任与后果;成本与总账;净输出与不掠夺;边界与许可;劳动与组织;法律与秩序;技术与工程","02;03;05;06;07;08;09;10;12;13;16;17;18;32;33"
"2660","349b7eca-3498-5a36-b23a-232c4b794bee","爱与妥协","2022-07-29","定义与达意;能力与学习;选择与自由;成本与总账;爱与回应;性别与身体","02;03;04;05;07;08;09;10;13;14;16;17;18"
"2661","68932127-ef69-52eb-952b-ff57983ae108","两罪并罚","2022-07-29","责任与后果;成本与总账;爱与回应;边界与许可;法律与秩序;文明与历史;心理与主体","02;03;04;05;07;08;10;11;12;13;14;15;16;17;18;31;32;33"
"2662","ad3f3289-17e6-5ea2-b864-7e8eb559674e","感动","2022-07-27","能力与学习;选择与自由;成本与总账;信用与信任;照料与家庭;权力与异议;技术与工程;生态与自然;心理与主体;性别与身体","02;03;04;05;06;07;08;10;12;13;14;16;17;18;25;32;33"
"2663","23c1db1d-caf9-56b2-9e28-dd96c0efe517","二舅","2022-07-26","事实与证据;定义与达意;能力与学习;选择与自由;责任与后果;文明与历史;心理与主体","02;03;07;08;09;10;11;12;13;14;15;16;17;18;31;32;33"
"2664","f0d955e7-e13a-5089-ab73-a45d7158adb2","浪费生命","2022-07-24","定义与达意;能力与学习;选择与自由;信用与信任;财富与市场;权力与异议;心理与主体","02;03;06;07;08;09;10;12;13;14;16;17;18"
"2665","de1d7d85-0194-510d-9c09-7a6881f4f734","较真","2022-07-23","事实与证据;定义与达意;能力与学习;责任与后果;成本与总账;劳动与组织;技术与工程","02;03;06;08;09;10;12;13;17;18;32;33"
"2666","a319fbf2-30ab-5b1b-a461-1bebffce6c28","好胜心","2022-07-22","选择与自由;劳动与组织;文明与历史","02;06;07;10;11;13;15;16;18;31;32;33"
"2667","8f31ebbf-abe1-5e00-9e3c-677945219197","失败也不后悔","2022-07-21","选择与自由;成本与总账;信用与信任;心理与主体","02;03;06;07;08;10;12;14;16;17;18"
"2668","9bf0cf63-10e1-563f-ad29-972326ef3b1b","绝对权力","2022-07-21","选择与自由;责任与后果;成本与总账;边界与许可;照料与家庭;法律与秩序;权力与异议","02;03;04;05;07;10;12;14;16;18"
"2669","1a5f0274-73fa-5ffb-b789-aa5688c8f89c","对不住","2022-07-21","事实与证据;定义与达意;选择与自由;责任与后果;成本与总账;爱与回应;照料与家庭;技术与工程;心理与主体","02;03;04;05;07;08;09;10;12;13;14;16;17;18;32;33"
"2670","5e29cbcb-88b5-5462-8ae9-614210b86d5b","犯罪告解","2022-07-20","能力与学习;责任与后果;信用与信任;法律与秩序;技术与工程;心理与主体","02;03;06;07;08;10;12;13;14;17;18;32;33"
"2671","16cac34b-71b3-532e-b447-8193f5db9ae5","道德上限","2022-07-20","责任与后果;成本与总账;净输出与不掠夺;边界与许可;法律与秩序;心理与主体","02;03;05;07;08;10;12;14;16;17;18"
"2672","d96f04f7-147a-5de4-9b45-f47e7d060e86","基于统计","2022-07-20","事实与证据;能力与学习;选择与自由;责任与后果;成本与总账","02;03;07;08;09;10;12;13;16;17;18"
"2673","379c7e66-c205-54fe-802a-cad2064b98f4","大保镖","2022-07-18","事实与证据;定义与达意;能力与学习;选择与自由;爱与回应;边界与许可;照料与家庭;法律与秩序","02;04;05;07;08;09;12;13;14;16;17;18"
"2674","7f0c6274-815f-5e47-b05c-50885af9bff7","不在意","2022-07-17","成本与总账;信用与信任;边界与许可","03;05;06;10;12;16;18"
"2675","3f7b2102-9d7c-5cf5-8501-0c6bd2a380ca","特种愚蠢","2022-07-17","信用与信任;爱与回应;照料与家庭;法律与秩序;权力与异议","03;04;05;06;07;12;14;16;18"
"2676","197a6496-6c4a-5581-a8b3-9a7344fbb0c4","受到威胁","2022-07-16","事实与证据;责任与后果;成本与总账;权力与异议","02;03;07;08;09;10;12;17;18"
"2677","758aaf21-924d-5ecc-9516-fcd4a08c28cc","透视","2022-07-15","定义与达意;能力与学习;权力与异议","03;07;08;09;12;13;17;18"
"2678","7767bebe-642a-5820-acd1-a8bbd91c9c99","拍蒜","2022-07-15","选择与自由;责任与后果;边界与许可;权力与异议;技术与工程;文明与历史","02;03;05;07;10;11;12;13;15;16;17;18;31;32;33"
"2679","0ea1a348-5e25-5fdc-8c58-965a95d50c0b","谈钱","2022-07-14","能力与学习;责任与后果;成本与总账;照料与家庭;心理与主体","02;03;04;05;08;10;12;13;14;16;17;18"
"2680","a6f650b2-9cb9-59da-9063-a5c7b3d7c17d","没关系","2022-07-14","定义与达意;责任与后果;净输出与不掠夺;照料与家庭;法律与秩序","02;03;04;05;07;09;10;12;14;16;17;18"
"2681","fe5ccbcb-3d1d-5130-ab0d-dad6b257d493","最完美的复仇","2022-07-13","定义与达意;能力与学习;责任与后果;信用与信任;人工智能与机器","02;03;06;08;09;10;12;13;17;18;28;29;33"
"2682","0021e83a-e494-5dd8-b599-1957f68d2680","打游戏","2022-07-11","能力与学习;选择与自由;责任与后果;爱与回应;照料与家庭;权力与异议;技术与工程;生态与自然;心理与主体;宗教与自然法","02;03;04;05;07;08;10;11;12;13;14;16;17;18;25;32;33"
"2683","f7e397e3-a317-56f1-8a6d-cb4ecdc03d40","面向灾难经营","2022-07-10","能力与学习;劳动与组织;财富与市场;法律与秩序","03;06;07;08;10;12;13;18"
"2684","9bb900b3-6d50-5e1f-b5bc-e718737d2030","不败之地","2022-07-10","事实与证据;能力与学习;选择与自由;信用与信任;边界与许可","02;03;05;06;07;08;09;12;13;16;17;18"
"2685","11883ef8-1209-5f39-91f4-3db2f7fcdf71","说得漂亮","2022-07-10","事实与证据;定义与达意;能力与学习;选择与自由;责任与后果;信用与信任;技术与工程;心理与主体","02;03;06;07;08;09;10;12;13;14;16;17;18;32;33"
"2686","566e2030-b43c-5ff6-ab29-00648a6f0203","刑罚之外","2022-07-09","责任与后果;信用与信任;照料与家庭;劳动与组织;法律与秩序","02;03;04;05;06;07;10;12;13;14;16;18"
"2687","b75adaa9-456a-517a-a9b4-fd1fcd8849a0","权力的游戏","2022-07-09","事实与证据;能力与学习;成本与总账;权力与异议;文明与历史","03;07;08;09;10;11;12;13;15;17;18;31;32;33"
"2688","271d8f7f-c694-5db0-91c4-4af81d5ef096","嬉笑的对价","2022-07-08","事实与证据;能力与学习;责任与后果;成本与总账;文明与历史;心理与主体","02;03;08;09;10;11;12;13;14;15;17;18;31;32;33"
"2689","6d761db2-aa20-5949-a97d-92fed232684a","买东西","2022-07-08","选择与自由;责任与后果;成本与总账;信用与信任;边界与许可;照料与家庭;财富与市场","02;03;04;05;06;07;10;12;13;14;16;18"
"2690","013fbc42-4fbc-5347-8e02-127c9fae7cd4","奴婢","2022-07-06","选择与自由;边界与许可;劳动与组织;财富与市场;权力与异议","02;03;05;06;07;10;12;13;16;18"
"2691","6288b127-9b76-55a0-9ddf-ff8f789b3850","华容道","2022-07-06","心理与主体","08;14;17;18"
"2692","e82d4166-a90e-533f-afba-be82df365d92","不害怕","2022-07-05","责任与后果;成本与总账;信用与信任;爱与回应;劳动与组织;心理与主体","02;03;04;05;06;08;10;12;13;14;16;17;18"
"2693","65f73b92-a0e0-51ff-8fb4-57cb38dff2a4","自以为是","2022-07-05","事实与证据;定义与达意;责任与后果;净输出与不掠夺;边界与许可;照料与家庭;权力与异议;心理与主体","02;03;04;05;07;08;09;10;12;14;16;17;18"
"2694","bced4d35-b749-589b-bc62-b7e2d73f079e","不容人","2022-07-04","选择与自由;责任与后果;成本与总账;边界与许可;劳动与组织","02;03;05;06;07;10;12;13;16;18"
"2695","f455e627-834a-5efb-afe9-c311b5694325","说话的兽","2022-07-04","定义与达意;劳动与组织;技术与工程;生态与自然","06;09;10;13;17;18;25;32;33"
"2696","1b09fbf6-006b-5ee1-b3ba-d91cadfffc5f","差距","2022-07-04","成本与总账;爱与回应;权力与异议;技术与工程;文明与历史;宗教与自然法","03;04;05;07;10;11;12;13;14;15;16;17;18;31;32;33"
"2697","e6eab32b-51b4-5362-8abe-9e60799eb5c5","倾国倾城","2022-07-03","事实与证据;能力与学习;成本与总账;边界与许可;心理与主体","03;05;08;09;10;12;13;14;16;17;18"
"2698","cb821afd-e3f2-57df-b04a-2b17f3d655e3","先活着","2022-07-03","定义与达意;能力与学习;责任与后果;文明与历史;民族与身份;性别与身体","02;03;05;08;09;10;11;12;13;14;15;16;17;18;27;31;32;33"
"2699","417e4884-889f-5262-9702-3e27537ba0e1","溯溪鞋","2022-07-03","事实与证据;定义与达意;能力与学习;责任与后果;成本与总账;技术与工程;文明与历史","02;03;08;09;10;11;12;13;15;17;18;31;32;33"
"2700","a53b03b0-bc3c-573a-a3eb-5c329c3ff3e0","不听预言","2022-07-03","事实与证据;能力与学习;选择与自由;责任与后果;信用与信任","02;03;06;07;08;09;10;12;13;16;17;18"
"2701","9438ff43-04e8-565a-a113-b15ff91f8835","no run","2022-07-02","选择与自由;责任与后果;成本与总账;劳动与组织;财富与市场;权力与异议;文明与历史","02;03;06;07;10;11;12;13;15;16;18;31;32;33"
"2702","01e40e65-766a-56aa-b088-1f8ca8c4b18d","盾构机","2022-07-02","定义与达意;责任与后果;爱与回应;净输出与不掠夺;边界与许可;法律与秩序;心理与主体","02;03;04;05;07;08;09;10;12;14;16;17;18"
"2703","c6ba22a0-450d-5387-94f0-2e9566a989fc","苏州面","2022-07-01","事实与证据;责任与后果;成本与总账;财富与市场;文明与历史","02;03;08;09;10;11;12;13;15;17;18;31;32;33"
"2704","cbee0c35-60d8-52da-9840-21ac29ffbb76","礼敬","2022-07-01","定义与达意;能力与学习;选择与自由;成本与总账;照料与家庭;劳动与组织;法律与秩序;文明与历史;性别与身体","02;03;04;05;06;07;08;09;10;11;12;13;14;15;16;17;18;31;32;33"
"2705","f8287ec8-2410-57d6-a7a1-849ae813da76","独立调查","2022-07-01","事实与证据;定义与达意;能力与学习;选择与自由;责任与后果;照料与家庭","02;03;04;05;07;08;09;10;12;13;14;16;17;18"
"2706","e8873042-d451-5335-87d7-638f1926a64a","刻奇","2022-07-01","权力与异议","03;07;12;18"
"2707","8a25a8bc-5bdd-5b5f-9efc-9bfa084089ce","咨询安全","2022-06-30","责任与后果;成本与总账;净输出与不掠夺;照料与家庭;权力与异议;技术与工程;心理与主体","02;03;04;05;07;08;10;12;13;14;16;17;18;32;33"
"2708","d259c0c0-7071-5286-a949-17610195fbc1","烂尾","2022-06-30","事实与证据;选择与自由;责任与后果;成本与总账;财富与市场;法律与秩序;技术与工程;文明与历史","02;03;07;08;09;10;11;12;13;15;16;17;18;31;32;33"
"2709","69fb1c20-a7cc-5b0c-82a4-cc1509d87e71","没品笑话","2022-06-30","成本与总账","03;10;18"
"2710","65213d12-fd12-5848-a55e-f3f5306a5a85","涨跌原理","2022-06-30","能力与学习;选择与自由;成本与总账;财富与市场","02;03;07;08;10;13;16;18"
"2711","74a64c05-77d8-543c-8f88-c04cd12b6a47","你的事","2022-06-30","定义与达意;能力与学习;选择与自由;责任与后果;照料与家庭","02;03;04;05;07;08;09;10;12;13;14;16;17;18"
"2712","3156b363-95db-524d-be3f-c6c021d48c67","忠诚","2022-06-29","选择与自由;责任与后果;成本与总账;信用与信任;法律与秩序","02;03;06;07;10;12;16;18"
"2713","816ec4c2-c356-5dd3-99fc-4b7f4dfcebed","敬酒不吃","2022-06-29","定义与达意;选择与自由;责任与后果;爱与回应","02;03;04;05;07;09;10;12;14;16;17;18"
"2714","6e071723-872f-51dc-992c-3b28ef18fc10","首要意义","2022-06-29","爱与回应;权力与异议;文明与历史;心理与主体","03;04;05;07;08;11;12;13;14;15;16;17;18;31;32;33"
"2715","5ef5017a-546e-5792-a433-323a1efbcda8","贪爱相生","2022-06-28","爱与回应;净输出与不掠夺","03;04;05;14;16"
"2716","861fef3e-8a74-5dfc-a4a0-0288640bc5a6","亲密关系的充分理由","2022-06-28","定义与达意;选择与自由;爱与回应;净输出与不掠夺;法律与秩序;生态与自然;性别与身体","02;03;04;05;07;09;12;13;14;16;17;18;25;32"
"2717","8093cce8-fbd1-5050-b629-09fed6563b52","质疑","2022-06-27","定义与达意;能力与学习;选择与自由;成本与总账;劳动与组织;法律与秩序;权力与异议","02;03;06;07;08;09;10;12;13;16;17;18"
"2718","ffa889d1-0345-59e0-ab96-1108c3d0744d","魔法蛋","2022-06-26","定义与达意;能力与学习;法律与秩序;权力与异议;生态与自然","03;07;08;09;12;13;17;18;25;32"
"2719","c39bea66-fb30-50f3-901c-11ee75ae6544","指天指地","2022-06-26","定义与达意;选择与自由;成本与总账;爱与回应;权力与异议;生态与自然;性别与身体","02;03;04;05;07;09;10;12;13;14;16;17;18;25;32"
"2720","dbe8efe2-7620-5e5f-8692-69b10734c2ef","优质选择","2022-06-26","事实与证据;定义与达意;能力与学习;选择与自由;成本与总账;照料与家庭;劳动与组织;财富与市场;性别与身体","02;03;04;05;06;07;08;09;10;13;14;16;17;18"
"2721","f2411d1a-c591-5573-b775-8c66bfd10783","礼","2022-06-25","定义与达意;照料与家庭;权力与异议","03;04;05;07;09;12;14;16;17;18"
"2722","e17f90d5-4085-5395-9be5-be3a2051882d","ToTheEnd","2022-06-25","能力与学习;选择与自由;责任与后果;爱与回应;心理与主体;性别与身体","02;03;04;05;07;08;10;12;13;14;16;17;18"
"2723","1e9285f3-0e63-5075-b4ea-8671d426a4eb","情绪的价值","2022-06-25","事实与证据;能力与学习;责任与后果;爱与回应;边界与许可;照料与家庭;心理与主体","02;03;04;05;08;09;10;12;13;14;16;17;18"
"2724","8fc84f4e-9e6d-518e-ade4-eded801247a8","击破心理防线","2022-06-25","定义与达意;能力与学习;责任与后果;边界与许可;权力与异议;心理与主体;宗教与自然法","02;03;05;07;08;09;10;11;12;13;14;16;17;18"
"2725","b3332d8f-753e-517f-a8cf-ddbf5b520b9c","工程师路线","2022-06-24","选择与自由;责任与后果;成本与总账;净输出与不掠夺;技术与工程;宗教与自然法","02;03;05;07;10;11;12;13;16;17;18;32;33"
"2726","27645330-14d7-537c-988e-749f9724a4bf","处警","2022-06-23","事实与证据;责任与后果;边界与许可;法律与秩序;权力与异议","02;03;05;07;08;09;10;12;16;17;18"
"2727","1155f4fb-8091-50ec-b819-d4ab8a70c752","巧克力肉包子","2022-06-23","定义与达意;能力与学习;选择与自由;责任与后果;爱与回应;劳动与组织;财富与市场;法律与秩序;心理与主体;宗教与自然法","02;03;04;05;06;07;08;09;10;11;12;13;14;16;17;18"
"2728","fccccc30-5e4b-5ddf-b768-b06b33c15eb8","慈力线","2022-06-22","定义与达意;能力与学习;选择与自由;爱与回应;照料与家庭;法律与秩序;权力与异议;文明与历史;心理与主体","02;03;04;05;07;08;09;11;12;13;14;15;16;17;18;31;32;33"
"2729","a849e6cb-7115-5915-94f6-4641a1b6ff68","十八岁","2022-06-22","责任与后果;成本与总账;信用与信任;爱与回应;净输出与不掠夺;照料与家庭","02;03;04;05;06;10;12;14;16;18"
"2730","77ca1624-6031-5dd3-90fe-bc5809d7f9a0","下水救生","2022-06-22","事实与证据;定义与达意;能力与学习;选择与自由;成本与总账;技术与工程","02;03;07;08;09;10;13;16;17;18;32;33"
"2731","a68a01bc-2422-5423-83d9-3b55945366da","冷漠否","2022-06-22","定义与达意;选择与自由;责任与后果","02;03;07;09;10;12;16;17;18"
"2732","fd8bd9b8-73be-50e8-ab0b-671b55e035a6","关心军事","2022-06-22","定义与达意;能力与学习;选择与自由;责任与后果;成本与总账;爱与回应;财富与市场;法律与秩序;技术与工程","02;03;04;05;07;08;09;10;12;13;14;16;17;18;32;33"
"2733","02b905db-f897-5f58-89a0-8cf878a85d91","失业率高","2022-06-21","事实与证据;选择与自由;责任与后果;成本与总账;照料与家庭;劳动与组织;财富与市场;法律与秩序;技术与工程","02;03;04;05;06;07;08;09;10;12;13;14;16;17;18;32;33"
"2734","dd7fcf4a-cd69-5c01-ac59-013e264561a1","枝头雀","2022-06-21","成本与总账;爱与回应;照料与家庭;劳动与组织;财富与市场;法律与秩序;心理与主体","03;04;05;06;07;08;10;12;13;14;16;17;18"
"2735","5a334348-46e8-512e-9225-32415ff56897","地气","2022-06-21","事实与证据;定义与达意;选择与自由;成本与总账;边界与许可;劳动与组织;技术与工程","02;03;05;06;07;08;09;10;12;13;16;17;18;32;33"
"2736","bcea6ced-942b-5c81-a034-f05bdb371ea9","四步一没有","2022-06-21","能力与学习;选择与自由;责任与后果;成本与总账;劳动与组织;心理与主体","02;03;06;07;08;10;12;13;14;16;17;18"
"2737","8dedae32-f1a6-56bb-a836-49d58f2d86d4","组织能力","2022-06-19","定义与达意;能力与学习;选择与自由;责任与后果;成本与总账;边界与许可;劳动与组织;技术与工程;文明与历史","02;03;05;06;07;08;09;10;11;12;13;15;16;17;18;31;32;33"
"2738","44896616-7faa-5795-8b06-09a10f3d6dcc","橡皮擦","2022-06-18","定义与达意;能力与学习;技术与工程;心理与主体","08;09;13;14;17;18;32;33"
"2739","9f319eb9-7a47-5637-bfa1-8faf25e73203","诅咒苦难","2022-06-17","事实与证据;爱与回应;劳动与组织;心理与主体","04;05;06;08;09;10;13;14;16;17;18"
"2740","5c7a7815-24a4-5722-b78b-83403189114f","怀疑与猜疑","2022-06-17","事实与证据;定义与达意;能力与学习;选择与自由;责任与后果;成本与总账;边界与许可;财富与市场;技术与工程","02;03;05;07;08;09;10;12;13;16;17;18;32;33"
"2741","36df39c1-61d4-5937-844e-d5c1d4d65b0e","字斟句酌","2022-06-16","定义与达意;能力与学习;责任与后果;成本与总账;信用与信任;边界与许可;照料与家庭","02;03;04;05;06;08;09;10;12;13;14;16;17;18"
"2742","dd973972-58ea-5e3d-b6a2-ce028d360717","变现","2022-06-16","能力与学习;选择与自由;成本与总账;爱与回应;照料与家庭;劳动与组织;财富与市场","02;03;04;05;06;07;08;10;13;14;16;18"
"2743","3ff3f82d-bc1d-50c9-92b0-2b5d3be3834a","爱的产生","2022-06-16","爱与回应;劳动与组织;法律与秩序;文明与历史","04;05;06;07;10;11;12;13;14;15;16;18;31;32;33"
"2744","e1487c16-3630-54a6-bf9a-cc300d221463","The Signal","2022-06-14","事实与证据;能力与学习;成本与总账;技术与工程;文明与历史","03;08;09;10;11;13;15;17;18;31;32;33"
"2745","e9e8c3ae-0066-52ff-97e7-49eb120c12ba","戒指","2022-06-14","选择与自由;照料与家庭;财富与市场;权力与异议;心理与主体","02;03;04;05;07;08;10;12;13;14;16;17;18"
"2746","7cedc0c1-5f45-5879-a4e8-4ed8b9b11b25","小吉尼斯","2022-06-13","能力与学习;爱与回应;照料与家庭;技术与工程;心理与主体","04;05;08;13;14;16;17;18;32;33"
"2747","b9d32db8-c36e-5931-a4b0-ee9a9d5ffca8","保持善良","2022-06-13","能力与学习;选择与自由;责任与后果;成本与总账;劳动与组织;财富与市场;法律与秩序;技术与工程","02;03;06;07;08;10;12;13;16;17;18;32;33"
"2748","e37940f2-5632-554f-b5ab-19592157779d","扫黑除恶","2022-06-12","事实与证据;责任与后果;成本与总账;爱与回应;权力与异议;文明与历史;心理与主体","02;03;04;05;07;08;09;10;11;12;13;14;15;16;17;18;31;32;33"
"2749","83b5aef7-2025-5e0e-89df-5e329b53fc3c","分得清","2022-06-12","定义与达意;责任与后果;爱与回应;边界与许可;法律与秩序","02;03;04;05;07;09;10;12;14;16;17;18"
"2750","827cceb1-fcbe-52ee-8f35-00d4c2a242c5","社会化","2022-06-12","定义与达意;能力与学习;责任与后果;成本与总账;信用与信任;爱与回应;照料与家庭;劳动与组织;法律与秩序","02;03;04;05;06;07;08;09;10;12;13;14;16;17;18"
"2751","9219aa2c-84a5-512d-9343-288bf28df1ea","我的自由与你的安全","2022-06-11","定义与达意;选择与自由;责任与后果;成本与总账;边界与许可","02;03;05;07;09;10;12;16;17;18"
"2752","0c890fbf-4c5f-59da-a65f-93de44f3d892","抗骚扰","2022-06-11","能力与学习;选择与自由;成本与总账;财富与市场;权力与异议;技术与工程;心理与主体","02;03;07;08;10;12;13;14;16;17;18;32;33"
"2753","6b750917-8dbb-5b3f-aca5-520e461a9940","无明","2022-06-11","定义与达意;能力与学习;选择与自由;责任与后果;成本与总账;劳动与组织;技术与工程;心理与主体;性别与身体","02;03;05;06;07;08;09;10;12;13;14;16;17;18;32;33"
"2754","202a2c65-da79-5c2a-82b4-afaf01d933af","无知骚扰","2022-06-10","事实与证据;定义与达意;能力与学习;责任与后果;成本与总账;爱与回应;生态与自然","02;03;04;05;08;09;10;12;13;14;16;17;18;25;32"
"2755","9e331c63-31ac-5328-aa0c-524de39aef37","元天赋","2022-06-10","定义与达意;能力与学习;心理与主体","08;09;13;14;17;18"
"2756","eaa1d952-119f-5ebd-88ec-3093430f7530","爱的底线","2022-06-09","事实与证据;定义与达意;选择与自由;信用与信任;爱与回应;净输出与不掠夺;边界与许可;照料与家庭;法律与秩序;性别与身体","02;03;04;05;06;07;08;09;12;14;16;17;18"
"2757","50b7bac2-7f75-5c83-85cd-f633547e3f26","学英语","2022-06-09","能力与学习;选择与自由;成本与总账;法律与秩序;技术与工程;文明与历史","02;03;07;08;10;11;12;13;15;16;17;18;31;32;33"
"2758","571762ad-24ca-5894-844b-462266f99d17","废话","2022-06-08","定义与达意;责任与后果;爱与回应;法律与秩序;心理与主体","02;03;04;05;07;08;09;10;12;14;16;17;18"
"2759","777e32cf-f889-52a0-ba04-13dcc9370c4d","开心","2022-06-06","信用与信任;爱与回应;劳动与组织;财富与市场;心理与主体","03;04;05;06;08;10;12;13;14;16;17;18"
"2760","7f981e12-db71-5ae4-8078-8a1aa272c630","俄罗斯工业体系","2022-06-06","事实与证据;能力与学习;成本与总账;财富与市场;法律与秩序","03;07;08;09;10;12;13;17;18"
"2761","b8e6a43a-e1cb-5687-9e0a-4b42d6883171","安全感互助","2022-06-06","能力与学习;责任与后果;爱与回应;照料与家庭;心理与主体","02;03;04;05;08;10;12;13;14;16;17;18"
"2762","8d27f4d8-1afe-5e0e-8657-e05df5e4b369","新帝国陨落","2022-06-06","成本与总账;法律与秩序;权力与异议;文明与历史;民族与身份","03;07;10;11;12;13;15;18;27;31;32;33"
"2763","5bd3dca7-140f-5f64-8cc4-bbb68ef65259","父母恩","2022-06-05","定义与达意;选择与自由;责任与后果;成本与总账;净输出与不掠夺;照料与家庭;法律与秩序;文明与历史","02;03;04;05;07;09;10;11;12;13;14;15;16;17;18;31;32;33"
"2764","8d2772c6-29ee-54e0-865e-876e460ae84b","分享","2022-06-05","选择与自由;责任与后果;成本与总账;信用与信任;照料与家庭;劳动与组织;财富与市场;权力与异议","02;03;04;05;06;07;10;12;13;14;16;18"
"2765","293479dd-0dd2-5aed-b1f6-ab14ac236565","紧急呼救2","2022-06-04","能力与学习;选择与自由;责任与后果;成本与总账;信用与信任;爱与回应","02;03;04;05;06;07;08;10;12;13;14;16;18"
"2766","72a308cb-ab83-5660-8990-e6c7a0a06f36","砸采样点","2022-06-04","定义与达意;责任与后果;成本与总账;信用与信任;爱与回应;照料与家庭;劳动与组织;权力与异议;文明与历史;心理与主体","02;03;04;05;06;07;08;09;10;11;12;13;14;15;16;17;18;31;32;33"
"2767","c42eaa53-b800-554e-9b8c-ebda044cd094","紧急呼救","2022-06-04","能力与学习;选择与自由;责任与后果;照料与家庭;权力与异议","02;03;04;05;07;08;10;12;13;14;16;18"
"2768","71a83d91-454d-53e9-8c09-84475d2471c8","从无到有","2022-06-03","事实与证据;定义与达意;选择与自由;成本与总账","02;03;07;08;09;10;16;17;18"
"2769","d487bc28-9e79-5b7b-8dd9-c62640cf0214","自下人一等","2022-06-03","定义与达意;能力与学习;选择与自由;责任与后果;成本与总账;爱与回应;财富与市场;心理与主体;性别与身体","02;03;04;05;07;08;09;10;12;13;14;16;17;18"
"2770","614df40a-0cae-5b44-b68e-324559dfc2c0","别时礼","2022-06-01","选择与自由;责任与后果;爱与回应;边界与许可;财富与市场","02;03;04;05;07;10;12;13;14;16;18"
"2771","9504036d-d94f-5ae7-8066-a181cdb6d93e","军事同盟","2022-06-01","定义与达意;选择与自由;责任与后果;成本与总账;法律与秩序;权力与异议","02;03;07;09;10;12;16;17;18"
"2772","f5d0bccd-ddba-5d4b-854b-4983069839f6","裁员过渡","2022-06-01","事实与证据;能力与学习;成本与总账;信用与信任;劳动与组织;财富与市场","03;06;08;09;10;12;13;17;18"
"2773","36eb82de-b201-5c46-b833-9b2a81a3e56e","应然人生","2022-05-31","定义与达意;能力与学习;选择与自由;信用与信任;照料与家庭;技术与工程;文明与历史","02;03;04;05;06;07;08;09;11;12;13;14;15;16;17;18;31;32;33"
"2774","78d79236-1242-5ce9-8747-adfb63093a92","百万基站","2022-05-30","事实与证据;能力与学习;责任与后果;成本与总账;技术与工程;文明与历史;生态与自然","02;03;08;09;10;11;12;13;15;17;18;25;31;32;33"
"2775","f88de7f7-215f-5177-aa9f-3285a202afa2","岂甘人后","2022-05-29","定义与达意;能力与学习;照料与家庭;民族与身份;心理与主体","04;05;08;09;12;13;14;16;17;18;27;31"
"2776","d2ec8527-5248-5c7b-87c4-81ab4b4a7e14","战争罪","2022-05-29","定义与达意;选择与自由;责任与后果;法律与秩序","02;03;07;09;10;12;16;17;18"
"2777","00790ebd-8a17-533e-9185-6853b69db4d0","123和321","2022-05-28","选择与自由;责任与后果;生态与自然","02;03;07;10;12;13;16;18;25;32"
"2778","11273ac5-c1a7-5414-b1ff-20cec8b2396b","头顶那个洞","2022-05-27","事实与证据;能力与学习;责任与后果;信用与信任;技术与工程","02;03;06;08;09;10;12;13;17;18;32;33"
"2779","b4ecba65-1b4f-55af-82c1-7052cbe399bb","常见猥琐原因","2022-05-27","",""
"2780","2e34cdf2-7f92-5fab-b642-c65aa1ddbc4e","职业介绍","2022-05-27","事实与证据;技术与工程","08;09;13;17;18;32;33"
"2781","942e8d44-009d-527c-8783-27656520b8de","诛心病","2022-05-27","事实与证据;能力与学习;选择与自由;责任与后果;成本与总账;法律与秩序;权力与异议;技术与工程;心理与主体","02;03;07;08;09;10;12;13;14;16;17;18;32;33"
"2782","2afb95a7-5ca8-5051-8189-3cd6ad67bcac","美人","2022-05-26","定义与达意;成本与总账;爱与回应;心理与主体;性别与身体","03;04;05;08;09;10;14;16;17;18"
"2783","06ac509e-a452-5db7-9a99-c1510e294262","四级威慑","2022-05-26","能力与学习;选择与自由;成本与总账;信用与信任;法律与秩序","02;03;06;07;08;10;12;13;16;18"
"2784","d67dd01f-6537-50b1-b809-60c6c3014a7c","目标谷爱凌","2022-05-24","事实与证据;定义与达意;能力与学习;责任与后果;成本与总账;爱与回应;照料与家庭;权力与异议;心理与主体;宗教与自然法","02;03;04;05;07;08;09;10;11;12;13;14;16;17;18"
"2785","1f6d2379-e6ed-5e52-a24d-1bbb60aa586b","预备死亡","2022-05-24","权力与异议","03;07;12;18"
"2786","5fb90f05-459a-520d-9c10-08b51dcf477f","定规矩","2022-05-24","责任与后果;爱与回应;照料与家庭;权力与异议","02;03;04;05;07;10;12;14;16;18"
"2787","4ee31cc9-ff47-5590-a87e-3f968e2ca5b2","摞你命3000","2022-05-24","定义与达意;能力与学习;边界与许可;心理与主体;宗教与自然法","05;07;08;09;11;12;13;14;16;17;18"
"2788","5fec34bb-5049-51a4-8bc8-ca7f92368431","乾坤一掷","2022-05-24","能力与学习;责任与后果;成本与总账;爱与回应;边界与许可;性别与身体","02;03;04;05;08;10;12;13;14;16;18"
"2789","8b633042-75dc-513c-b51e-2589a2e36add","阴谋阳谋","2022-05-23","定义与达意;责任与后果;信用与信任;边界与许可;财富与市场","02;03;05;06;09;10;12;13;16;17;18"
"2790","3c059ce5-a00e-5dff-bfae-e1b5ada7f798","炫耀","2022-05-23","选择与自由;责任与后果;成本与总账;权力与异议;心理与主体","02;03;07;08;10;12;14;16;17;18"
"2791","b5aff6db-4390-583a-99a8-9fd60c395c18","遥远的救世主","2022-05-22","能力与学习;选择与自由;责任与后果;成本与总账;边界与许可;权力与异议;技术与工程","02;03;05;07;08;10;12;13;16;17;18;32;33"
"2792","e006246c-99e4-5167-8b91-f2cc432be493","尊重阴影","2022-05-22","",""
"2793","ecc7009e-724d-5c08-80fa-e9ffa550fec7","万本无利","2022-05-21","事实与证据;定义与达意;责任与后果;成本与总账;爱与回应;劳动与组织;权力与异议;文明与历史;心理与主体","02;03;04;05;06;07;08;09;10;11;12;13;14;15;16;17;18;31;32;33"
"2794","053d3a24-e6d2-5ec1-910b-9024132adc88","三下","2022-05-20","事实与证据;定义与达意;能力与学习;成本与总账;信用与信任;爱与回应;劳动与组织","03;04;05;06;08;09;10;12;13;14;16;17;18"
"2795","6480bb5e-b827-56ee-8fc9-df1e2f42acb7","离沪潮","2022-05-20","事实与证据","08;09;17"
"2796","15cc6f0e-795f-5e49-b419-3e88bf2bc12d","错得及格","2022-05-18","定义与达意;能力与学习;选择与自由;责任与后果;成本与总账;照料与家庭;劳动与组织;文明与历史","02;03;04;05;06;07;08;09;10;11;12;13;14;15;16;17;18;31;32;33"
"2797","559feedb-9fc6-581d-903d-390f15d8817c","粮食短缺","2022-05-17","能力与学习;选择与自由;责任与后果;成本与总账;法律与秩序;权力与异议;生态与自然","02;03;07;08;10;12;13;16;18;25;32"
"2798","df05dfc5-5321-5909-b795-92f028e0d631","run","2022-05-16","能力与学习;选择与自由;责任与后果;成本与总账;爱与回应;权力与异议;民族与身份","02;03;04;05;07;08;10;12;13;14;16;18;27;31"
"2799","a598979d-23af-5ea8-bf59-88521a408e91","C919","2022-05-16","定义与达意;能力与学习;选择与自由;成本与总账;财富与市场;法律与秩序;技术与工程","02;03;07;08;09;10;12;13;16;17;18;32;33"
"2800","8d90f95a-6167-5349-befe-fce99202ac09","公信力缺失","2022-05-16","责任与后果;成本与总账;信用与信任;净输出与不掠夺;照料与家庭;文明与历史;心理与主体;性别与身体","02;03;04;05;06;08;10;11;12;13;14;15;16;17;18;31;32;33"
"2801","c5647178-ada2-5fb9-83c1-53bacf5207bb","阶层与阶级","2022-05-15","定义与达意;能力与学习;成本与总账;财富与市场","03;08;09;10;13;17;18"
"2802","8f54cceb-1271-5caf-ad10-3dad984dd25f","中间人","2022-05-15","事实与证据;定义与达意;选择与自由;责任与后果;爱与回应;财富与市场","02;03;04;05;07;08;09;10;12;13;14;16;17;18"
"2803","a93a128b-60a3-5ad4-a583-7637c439b3fc","The Whole Package","2022-05-15","事实与证据;能力与学习;责任与后果;成本与总账;净输出与不掠夺;劳动与组织;文明与历史;民族与身份;心理与主体","02;03;05;06;08;09;10;11;12;13;14;15;16;17;18;27;31;32;33"
"2804","c246a2d0-edd9-5cb9-b9cc-55fb041ac501","组织行为","2022-05-15","事实与证据;选择与自由;责任与后果;边界与许可;劳动与组织","02;03;05;06;07;08;09;10;12;13;16;17;18"
"2805","259a79c1-6124-5842-a483-15a978f4d9eb","历史常识","2022-05-14","法律与秩序;文明与历史","07;11;12;13;15;18;31;32;33"
"2806","3444c1ed-fa7f-5bad-9546-9abbb06b6078","阴阳怪气","2022-05-14","定义与达意;能力与学习;选择与自由;法律与秩序;技术与工程;宗教与自然法","02;07;08;09;11;12;13;16;17;18;32;33"
"2807","ee00aa47-8c75-59b7-9276-a81433af15ae","普通人","2022-05-14","定义与达意;选择与自由;责任与后果;边界与许可;照料与家庭","02;03;04;05;07;09;10;12;14;16;17;18"
"2808","32f16077-799b-59cf-b3b1-63274a2819a0","悲观癖","2022-05-14","成本与总账;心理与主体","03;08;10;14;17;18"
"2809","5817e781-5844-5b6d-b9e0-d8d7f4515037","有眼色","2022-05-13","定义与达意;能力与学习;责任与后果;成本与总账;边界与许可;劳动与组织;权力与异议;技术与工程","02;03;05;06;07;08;09;10;12;13;16;17;18;32;33"
"2810","6745fff8-e6b6-50fc-93be-1d267be74de4","发达中国","2022-05-12","能力与学习;成本与总账;财富与市场;法律与秩序;技术与工程;民族与身份;生态与自然","03;07;08;10;12;13;17;18;25;27;31;32;33"
"2811","3efdaad0-027e-5869-bea1-c82362800241","同学同事","2022-05-09","选择与自由;责任与后果;信用与信任;爱与回应;财富与市场","02;03;04;05;06;07;10;12;13;14;16;18"
"2812","97b9a750-f79c-5620-90bf-f7d9566c7a22","北约东扩","2022-05-09","选择与自由;成本与总账;劳动与组织;法律与秩序;文明与历史","02;03;06;07;10;11;12;13;15;16;18;31;32;33"
"2813","f277a4cb-9ef9-568d-bdd4-cded9bf6f054","大块肉","2022-05-08","责任与后果;成本与总账;照料与家庭;劳动与组织;技术与工程;文明与历史","02;03;04;05;06;10;11;12;13;14;15;16;17;18;31;32;33"
"2814","102ed3b5-1e3a-558c-b703-3f5f8a9981ce","唯一的错误","2022-05-07","选择与自由;成本与总账;文明与历史;民族与身份","02;03;07;10;11;12;13;15;16;18;27;31;32;33"
"2815","4d879527-1c94-559f-988d-5e393d72fa7f","功勋员工","2022-05-06","事实与证据;能力与学习;责任与后果;成本与总账;劳动与组织","02;03;06;08;09;10;12;13;17;18"
"2816","8f4fbf3b-2b47-50af-bc66-1acd58a9b947","劳动技能","2022-05-06","能力与学习;责任与后果;成本与总账;照料与家庭;劳动与组织;心理与主体","02;03;04;05;06;08;10;12;13;14;16;17;18"
"2817","5d312599-60d7-50fc-96a1-e9253fd00471","气场","2022-05-06","定义与达意;能力与学习;责任与后果;成本与总账;净输出与不掠夺;边界与许可;法律与秩序;权力与异议","02;03;05;07;08;09;10;12;13;16;17;18"
"2818","fdffa89a-41bf-59a1-a82c-6861abb0f42c","家庭政治","2022-05-04","选择与自由;责任与后果;成本与总账;爱与回应;照料与家庭;性别与身体","02;03;04;05;07;10;12;14;16;18"
"2819","403915cd-5488-5ea6-a178-e102bbdeed71","完整的清高","2022-05-04","定义与达意;能力与学习;选择与自由;责任与后果;净输出与不掠夺;边界与许可;劳动与组织;财富与市场;权力与异议;心理与主体","02;03;05;06;07;08;09;10;12;13;14;16;17;18"
"2820","1e577fd1-a046-5127-9929-5202856b6a66","无碍","2022-05-03","事实与证据;能力与学习;责任与后果;劳动与组织;法律与秩序;技术与工程;文明与历史;心理与主体;性别与身体","02;03;05;06;07;08;09;10;11;12;13;14;15;16;17;18;31;32;33"
"2821","2a1f91e7-5a30-56c2-9911-60daae47c96f","支持","2022-05-02","定义与达意;选择与自由;成本与总账","02;03;07;09;10;16;17;18"
"2822","149a29cf-6e7b-551b-a63c-2c87ae7ed35d","正当防卫门槛","2022-05-02","成本与总账;法律与秩序;权力与异议","03;07;10;12;18"
"2823","96b2ec38-2d74-5c67-b2e3-3584e56ba488","跑慢点","2022-05-02","事实与证据;能力与学习;成本与总账;信用与信任","03;06;08;09;10;12;13;17;18"
"2824","615a0db6-fef2-56f1-803a-e8c3c32d28ad","民主与民智","2022-05-02","定义与达意;选择与自由;边界与许可;劳动与组织;财富与市场;权力与异议","02;03;05;06;07;09;10;12;13;16;17;18"
"2825","7d2b1943-dfe5-51ff-a702-212c7bd6f89d","伊斯兰女性","2022-05-01","事实与证据;文明与历史;民族与身份;性别与身体","05;08;09;11;12;13;14;15;16;17;27;31;32;33"
"2826","b434044a-5680-5bc5-9318-c41710a714d7","MoneyTalk","2022-04-30","能力与学习;责任与后果;成本与总账;劳动与组织;财富与市场","02;03;06;08;10;12;13;18"
"2827","e9892997-8053-52a9-a5a9-9a6e0cd2a1d2","政审","2022-04-30","事实与证据;责任与后果;成本与总账;照料与家庭;劳动与组织;法律与秩序","02;03;04;05;06;07;08;09;10;12;13;14;16;17;18"
"2828","17dd8cea-f63d-52e9-bac8-fdc48d95c8d4","出自选择","2022-04-30","事实与证据;选择与自由;成本与总账;爱与回应;技术与工程;心理与主体","02;03;04;05;07;08;09;10;13;14;16;17;18;32;33"
"2829","edb5579c-b2b2-5ec5-bb81-0a7e390317fa","病得不轻","2022-04-29","定义与达意;成本与总账;心理与主体","03;08;09;10;14;17;18"
"2830","9839b0b1-8ab4-5484-98b1-025dc2eb2244","学会不轻视","2022-04-29","能力与学习;选择与自由;心理与主体","02;07;08;13;14;16;17;18"
"2831","adcf4200-dc0e-5f62-8fd9-7825425b6f92","言论自由","2022-04-29","事实与证据;定义与达意;选择与自由;责任与后果;照料与家庭;法律与秩序","02;03;04;05;07;08;09;10;12;14;16;17;18"
"2832","602ff705-4b5e-59ac-8c6a-2572864adc21","蓝血专业","2022-04-28","能力与学习;责任与后果;照料与家庭;财富与市场;法律与秩序","02;03;04;05;07;08;10;12;13;14;16;18"
"2833","8cbfa0fd-2eb5-551e-89ff-c6a18d222905","抵抗通胀的王牌","2022-04-28","定义与达意;能力与学习;责任与后果;成本与总账;信用与信任;劳动与组织;生态与自然","02;03;06;08;09;10;12;13;17;18;25;32"
"2834","46e28567-b972-5358-8f70-67f621fbbfe5","内耗","2022-04-26","定义与达意;责任与后果;照料与家庭;劳动与组织;技术与工程;心理与主体","02;03;04;05;06;08;09;10;12;13;14;16;17;18;32;33"
"2835","9e4c5970-900d-5365-bc77-976df56cef35","锄奸","2022-04-26","选择与自由;责任与后果;权力与异议","02;03;07;10;12;16;18"
"2836","cfcb0065-b90f-5d63-aaa3-bb99f1d26065","带节奏","2022-04-26","能力与学习;选择与自由;责任与后果;成本与总账;权力与异议;技术与工程;民族与身份","02;03;07;08;10;12;13;16;17;18;27;31;32;33"
"2837","f46a0755-178e-5cca-a92d-5dad6cd1eafb","统战价值","2022-04-24","定义与达意;能力与学习;成本与总账;法律与秩序;文明与历史","03;07;08;09;10;11;12;13;15;17;18;31;32;33"
"2838","98476b8e-1a8b-548b-b4a2-f070316af23b","正常吗","2022-04-24","责任与后果;技术与工程;心理与主体","02;03;08;10;12;13;14;17;18;32;33"
"2839","b2555285-d58b-5c32-9789-c893ed3600a3","评价表现","2022-04-24","事实与证据;能力与学习;选择与自由;责任与后果;边界与许可;权力与异议","02;03;05;07;08;09;10;12;13;16;17;18"
"2840","c6034e6b-8477-594b-b6bb-8a7395758bfb","耗材","2022-04-24","事实与证据;定义与达意;选择与自由","02;07;08;09;16;17;18"
"2841","3c5adff1-6b20-5999-a366-0033a5945401","子女的要求","2022-04-23","能力与学习;选择与自由;责任与后果;成本与总账;信用与信任;爱与回应;照料与家庭;财富与市场","02;03;04;05;06;07;08;10;12;13;14;16;18"
"2842","11df04ce-286f-534f-9f43-69112ff942fb","生死契阔","2022-04-22","能力与学习;爱与回应;心理与主体","04;05;08;13;14;16;17;18"
"2843","e8f95c53-65c1-513e-aa90-141e0712e2c8","与世长存","2022-04-22","事实与证据;信用与信任;爱与回应;权力与异议;技术与工程;文明与历史;宗教与自然法","03;04;05;06;07;08;09;11;12;13;14;15;16;17;18;31;32;33"
"2844","fba22283-af77-547d-afe1-b4350b10db89","零起点","2022-04-21","能力与学习;选择与自由;责任与后果;成本与总账;信用与信任;爱与回应;边界与许可;照料与家庭;劳动与组织;财富与市场;法律与秩序;权力与异议","02;03;04;05;06;07;08;10;12;13;14;16;18"
"2845","2c4fb7de-76cc-562a-975c-616de92f5957","留学生打人","2022-04-19","定义与达意;能力与学习;选择与自由;责任与后果;成本与总账;爱与回应;边界与许可;劳动与组织;法律与秩序;民族与身份;心理与主体;性别与身体;宗教与自然法","02;03;04;05;06;07;08;09;10;11;12;13;14;16;17;18;27;31"
"2846","a3789420-2208-5538-8511-460e4a95ab7b","侵略者","2022-04-17","事实与证据;法律与秩序;权力与异议;文明与历史","03;07;08;09;11;12;13;15;17;18;31;32;33"
"2847","0d9dbec1-f2c2-5928-a0fd-da2cd42fd4f4","大小事","2022-04-17","能力与学习;责任与后果;成本与总账;爱与回应;净输出与不掠夺;边界与许可;劳动与组织;法律与秩序;权力与异议;心理与主体;性别与身体","02;03;04;05;06;07;08;10;12;13;14;16;17;18"
"2848","d33a7feb-806a-53c2-aa06-b154cfbe70ee","BetterWay","2022-04-17","定义与达意;能力与学习;责任与后果;成本与总账;爱与回应;劳动与组织","02;03;04;05;06;08;09;10;12;13;14;16;17;18"
"2849","01954ef3-808e-5132-8519-b4f416d90284","一点点","2022-04-16","事实与证据;选择与自由;法律与秩序;权力与异议;文明与历史","02;03;07;08;09;11;12;13;15;16;17;18;31;32;33"
"2850","d99da116-33da-5a33-873c-11f20093dfa0","崇高之名","2022-04-16","责任与后果;成本与总账;爱与回应;边界与许可;财富与市场","02;03;04;05;10;12;13;14;16;18"
"2851","4a693ca8-a8d3-53fc-9b61-0da6581ca5d6","应急储备","2022-04-14","能力与学习;选择与自由;成本与总账;爱与回应;照料与家庭;劳动与组织;财富与市场;法律与秩序;生态与自然;心理与主体","02;03;04;05;06;07;08;10;12;13;14;16;17;18;25;32"
"2852","5f18f6be-a2d1-58b1-8290-4ba6e84673a1","被别人管","2022-04-13","能力与学习;选择与自由;责任与后果;边界与许可;照料与家庭;劳动与组织;法律与秩序","02;03;04;05;06;07;08;10;12;13;14;16;18"
"2853","8dcbcd3c-ba15-56aa-8215-9c7de25d299f","无根消息","2022-04-12","定义与达意;责任与后果;成本与总账;法律与秩序;心理与主体","02;03;07;08;09;10;12;14;17;18"
"2854","f9514baa-aba2-598e-92f5-2204a5cbda4d","十个军团","2022-04-09","能力与学习;责任与后果;成本与总账;爱与回应;劳动与组织;财富与市场;法律与秩序;技术与工程","02;03;04;05;06;07;08;10;12;13;14;16;17;18;32;33"
"2855","a4b0e11a-9cf1-59bc-83b7-d671271eb36e","第二层防线","2022-04-07","能力与学习;选择与自由;成本与总账;劳动与组织;法律与秩序;权力与异议;技术与工程","02;03;06;07;08;10;12;13;16;17;18;32;33"
"2856","4660735d-ce7d-5a3e-be20-19823dd154df","营级战术群","2022-04-06","能力与学习;成本与总账;边界与许可;劳动与组织;法律与秩序;权力与异议","03;05;06;07;08;10;12;13;16;18"
"2857","918788f5-1308-500d-a36d-905cf98b3677","撑腰","2022-04-06","能力与学习;责任与后果;边界与许可;劳动与组织;法律与秩序;权力与异议;技术与工程","02;03;05;06;07;08;10;12;13;16;17;18;32;33"
"2858","b917ac0d-506f-51b4-8346-f42ed45539b9","赢麻了","2022-04-05","能力与学习;选择与自由;责任与后果;心理与主体","02;03;07;08;10;12;13;14;16;17;18"
"2859","de84a4e4-f0f3-5170-a3b3-377284188fdf","客观理性评价","2022-04-05","事实与证据;选择与自由;责任与后果;成本与总账;边界与许可;劳动与组织;财富与市场","02;03;05;06;07;08;09;10;12;13;16;17;18"
"2860","a027981a-8c33-5aa5-83dc-a130cf3cb4ea","屋子里的大象","2022-04-05","事实与证据;能力与学习;边界与许可;照料与家庭;法律与秩序;权力与异议;文明与历史;民族与身份;心理与主体","03;04;05;07;08;09;11;12;13;14;15;16;17;18;27;31;32;33"
"2861","1083a482-5f00-5be3-b22c-d4cbe4eeb2a3","悲壮","2022-04-04","选择与自由;责任与后果;成本与总账;财富与市场;法律与秩序;生态与自然","02;03;07;10;12;13;16;18;25;32"
"2862","faeeee28-19ee-5ab7-bfb1-51bf4e15d9e6","人安乐","2022-04-04","能力与学习;选择与自由;责任与后果;成本与总账;信用与信任;爱与回应;边界与许可;照料与家庭;劳动与组织;财富与市场;法律与秩序;技术与工程","02;03;04;05;06;07;08;10;12;13;14;16;17;18;32;33"
"2863","281994ae-74d3-5bad-948b-acf4cdcc8875","乱世英杰","2022-04-03","事实与证据;定义与达意;能力与学习;责任与后果;成本与总账;信用与信任;劳动与组织;权力与异议;心理与主体","02;03;06;07;08;09;10;12;13;14;17;18"
"2864","6faf3661-664b-56e9-ac89-86446d0d236d","L4","2022-04-02","能力与学习;选择与自由;责任与后果;成本与总账;信用与信任;边界与许可;权力与异议;技术与工程;人工智能与机器;心理与主体","02;03;05;06;07;08;10;12;13;14;16;17;18;28;29;32;33"
"2865","2104f9c6-4204-5f61-ad39-f5b88c676617","真的啊","2022-03-31","事实与证据;定义与达意;选择与自由;责任与后果;爱与回应;边界与许可;照料与家庭;心理与主体","02;03;04;05;07;08;09;10;12;14;16;17;18"
"2866","8aee5c23-2248-5655-b543-529ba961f3a2","黑白冒犯","2022-03-29","事实与证据;责任与后果;边界与许可;法律与秩序;权力与异议;文明与历史;心理与主体;性别与身体","02;03;05;07;08;09;10;11;12;13;14;15;16;17;18;31;32;33"
"2867","dd48459c-0fa3-5be0-8752-054105ce60c3","话事人","2022-03-28","定义与达意;能力与学习;责任与后果;信用与信任;法律与秩序;生态与自然","02;03;06;07;08;09;10;12;13;17;18;25;32"
"2868","072af26f-5f98-56ed-9555-1f3d9913ef6a","野兽","2022-03-28","事实与证据;能力与学习;选择与自由;成本与总账;生态与自然;心理与主体;性别与身体","02;03;05;07;08;09;10;13;14;16;17;18;25;32"
"2869","1af3d00d-2d7c-5355-9846-72e318421609","诉诸权威","2022-03-27","事实与证据;能力与学习;选择与自由;责任与后果;信用与信任","02;03;06;07;08;09;10;12;13;16;17;18"
"2870","a484752b-b139-5614-a16d-413289c73684","乱","2022-03-27","事实与证据;能力与学习;选择与自由;心理与主体","02;07;08;09;13;14;16;17;18"
"2871","f53725b4-e0a4-52ab-85a9-c34d04ab5ca7","一个坑","2022-03-26","事实与证据;能力与学习;成本与总账;信用与信任;劳动与组织;法律与秩序;权力与异议;心理与主体","03;06;07;08;09;10;12;13;14;17;18"
"2872","511b985c-7e5c-5932-85a9-78f1eef4a26a","权利错觉","2022-03-26","事实与证据;能力与学习;选择与自由;责任与后果;成本与总账;信用与信任;边界与许可;劳动与组织;法律与秩序;心理与主体;宗教与自然法","02;03;05;06;07;08;09;10;11;12;13;14;16;17;18"
"2873","92e90c21-c992-5fa5-898d-af3fc91ec1e7","知识分子的弱点","2022-03-25","事实与证据;能力与学习;选择与自由;边界与许可;法律与秩序;心理与主体","02;05;07;08;09;12;13;14;16;17;18"
"2874","89d7a567-f8b4-53ce-8a5d-15681133f50a","有空吗","2022-03-25","定义与达意;能力与学习;成本与总账;信用与信任;边界与许可;劳动与组织;法律与秩序","03;05;06;07;08;09;10;12;13;16;17;18"
"2875","0fe9fb14-a1f6-56ca-a765-bd881a115afa","纯声援","2022-03-24","定义与达意;责任与后果;成本与总账;信用与信任;劳动与组织","02;03;06;09;10;12;13;17;18"
"2876","297f4b21-e387-554c-b1d2-587e34c9d4ce","兑换银钱的人","2022-03-24","能力与学习;责任与后果;成本与总账;财富与市场;法律与秩序;权力与异议;技术与工程;生态与自然;心理与主体","02;03;07;08;10;12;13;14;17;18;25;32;33"
"2877","d3e0b996-4451-5ecd-9843-232354293ced","重复一千遍","2022-03-23","能力与学习;责任与后果;信用与信任;法律与秩序;权力与异议;技术与工程","02;03;06;07;08;10;12;13;17;18;32;33"
"2878","9a312fab-4396-5c2a-9634-427394f9ed81","你们仨","2022-03-23","选择与自由;信用与信任;爱与回应;劳动与组织","02;03;04;05;06;07;10;12;13;14;16;18"
"2879","b6afc655-9492-5922-bc73-20125b78f30d","毕生努力","2022-03-23","定义与达意;责任与后果;劳动与组织;法律与秩序;民族与身份;心理与主体","02;03;06;07;08;09;10;12;13;14;17;18;27;31"
"2880","18957a97-d99c-5418-9e53-ceba51419004","找关系","2022-03-22","能力与学习;责任与后果;成本与总账;照料与家庭;劳动与组织;财富与市场","02;03;04;05;06;08;10;12;13;14;16;18"
"2881","536589e5-4d36-5352-8e65-b2340c87ef5f","朋友之道","2022-03-22","定义与达意;能力与学习;选择与自由;成本与总账;爱与回应;法律与秩序","02;03;04;05;07;08;09;10;12;13;14;16;17;18"
"2882","22c2b873-94b4-561a-ba0c-6814625f7b47","为什么我们会输掉认知战","2022-03-20","定义与达意;能力与学习;成本与总账;劳动与组织;法律与秩序;权力与异议;技术与工程;心理与主体","03;06;07;08;09;10;12;13;14;17;18;32;33"
"2883","7dbf938f-07f2-51c7-a2eb-d63b7d63443c","优势在我","2022-03-19","事实与证据;能力与学习;选择与自由;权力与异议;心理与主体","02;03;07;08;09;12;13;14;16;17;18"
"2884","1e3bd635-e8db-5537-9d3e-add1df90e413","集体主义","2022-03-17","定义与达意;能力与学习;选择与自由;责任与后果;成本与总账;劳动与组织;财富与市场;法律与秩序;文明与历史","02;03;06;07;08;09;10;11;12;13;15;16;17;18;31;32;33"
"2885","f9abacc6-cc2b-557c-a13b-c2b36b317606","尊重你的敌人","2022-03-16","事实与证据;能力与学习;成本与总账;信用与信任;财富与市场;心理与主体;性别与身体","03;05;06;08;09;10;12;13;14;16;17;18"
"2886","4de871a3-9732-5df7-b11c-8ea641697cd8","无谓细节","2022-03-15","事实与证据;定义与达意;能力与学习;责任与后果;成本与总账;信用与信任;边界与许可;劳动与组织;心理与主体","02;03;05;06;08;09;10;12;13;14;16;17;18"
"2887","ba3cff9f-2b47-554e-8fde-57fd7628d75c","不可替代","2022-03-15","定义与达意;能力与学习;信用与信任;照料与家庭;技术与工程","03;04;05;06;08;09;12;13;14;16;17;18;32;33"
"2888","ca67589d-d0fc-50a3-8da5-afd057312fd2","三征兆","2022-03-13","定义与达意;能力与学习;成本与总账;法律与秩序;权力与异议;技术与工程;心理与主体","03;07;08;09;10;12;13;14;17;18;32;33"
"2889","9518eaf1-7ada-5e3a-a4a9-cdcd2eececdf","Follow the money","2022-03-11","事实与证据;责任与后果;成本与总账;信用与信任","02;03;06;08;09;10;12;17;18"
"2890","a2144e6b-92c9-5467-af3e-4515d1eede5c","第二终战剧本","2022-03-08","选择与自由;责任与后果;成本与总账;法律与秩序;权力与异议;生态与自然;宗教与自然法","02;03;07;10;11;12;13;16;18;25;32"
"2891","3159e748-f501-5b8e-96b8-fb3a95f1d4a2","再次崛起","2022-03-07","能力与学习;法律与秩序;权力与异议;文明与历史;心理与主体","03;07;08;11;12;13;14;15;17;18;31;32;33"
"2892","d0f1ea97-d404-56e8-8cbe-5e008f726bd3","石与鸟","2022-03-05","能力与学习;选择与自由;成本与总账;净输出与不掠夺;财富与市场;法律与秩序","02;03;05;07;08;10;12;13;16;18"
"2893","bcc2b54c-9a03-5934-a854-2f628cf53ede","实践中的正义","2022-03-05","事实与证据;定义与达意;能力与学习;选择与自由;责任与后果;成本与总账;边界与许可;法律与秩序;文明与历史;宗教与自然法","02;03;05;07;08;09;10;11;12;13;15;16;17;18;31;32;33"
"2894","f7e156a2-2426-5742-b94a-9ad6a88da159","越说越错","2022-03-04","定义与达意;能力与学习;选择与自由;责任与后果;成本与总账;财富与市场;法律与秩序;权力与异议;文明与历史;心理与主体","02;03;07;08;09;10;11;12;13;14;15;16;17;18;31;32;33"
"2895","d74d0e64-a84f-57b9-a6c8-9ccb09efb816","泽连斯基","2022-03-03","选择与自由;责任与后果;成本与总账;信用与信任;爱与回应;生态与自然;心理与主体","02;03;04;05;06;07;08;10;12;13;14;16;17;18;25;32"
"2896","d933801e-618b-5746-b82e-b8fa241201d2","5亿","2022-03-02","能力与学习;选择与自由;责任与后果;成本与总账;信用与信任;法律与秩序;心理与主体","02;03;06;07;08;10;12;13;14;16;17;18"
"2897","250efd15-8d36-5eb3-af3f-c09b71e72cd5","不符合预期","2022-03-01","事实与证据;能力与学习;选择与自由;心理与主体","02;07;08;09;13;14;16;17;18"
"2898","0069ab17-6b87-579a-b7f6-a4ada4c5dff3","到底在争夺什么","2022-02-28","事实与证据;选择与自由;责任与后果;权力与异议;技术与工程;文明与历史;心理与主体","02;03;07;08;09;10;11;12;13;14;15;16;17;18;31;32;33"
"2899","dd8b2fea-82bd-5a75-8224-dd2da0e8160b","不投降","2022-02-27","能力与学习;选择与自由;责任与后果;成本与总账;信用与信任;照料与家庭;劳动与组织;法律与秩序;文明与历史;民族与身份;心理与主体","02;03;04;05;06;07;08;10;11;12;13;14;15;16;17;18;27;31;32;33"
"2900","fa217c7b-64be-581b-ac17-7f743dc6bf24","俄乌战争","2022-02-27","事实与证据;能力与学习;选择与自由;责任与后果;成本与总账;信用与信任;法律与秩序;权力与异议;心理与主体","02;03;06;07;08;09;10;12;13;14;16;17;18"
"2901","8f66fc6f-9415-5914-b852-6f6ac9006f8c","千层浪","2022-02-27","能力与学习;选择与自由;责任与后果;成本与总账;信用与信任;法律与秩序;技术与工程;文明与历史;民族与身份","02;03;06;07;08;10;11;12;13;15;16;17;18;27;31;32;33"
"2902","ed3f7e3b-618d-5337-96e6-ee00fa45354c","张冠李戴","2022-02-26","事实与证据;定义与达意;爱与回应","04;05;08;09;14;16;17"
"2903","19ef42c6-91f8-5a54-aace-18df09c83d5d","银行级好友","2022-02-22","定义与达意;能力与学习;选择与自由;责任与后果;成本与总账;信用与信任;净输出与不掠夺;技术与工程","02;03;05;06;07;08;09;10;12;13;16;17;18;32;33"
"2904","45561c85-627c-5925-b5a6-2daa496bf346","三好","2022-02-21","事实与证据;定义与达意;能力与学习;成本与总账;信用与信任;财富与市场","03;06;08;09;10;12;13;17;18"
"2905","41b291a9-8c28-5520-9046-643f213aa41c","慈不掌兵","2022-02-17","责任与后果;成本与总账;边界与许可;文明与历史;心理与主体","02;03;05;08;10;11;12;13;14;15;16;17;18;31;32;33"
"2906","43c08ac9-e7e2-5a44-aac5-6b170b419924","骇客帝国","2022-02-16","定义与达意;能力与学习;选择与自由;责任与后果;成本与总账;照料与家庭;财富与市场;法律与秩序;技术与工程","02;03;04;05;07;08;09;10;12;13;14;16;17;18;32;33"
"2907","2b500e48-491a-537f-8a8a-6bba75958df4","爱国","2022-02-16","定义与达意;能力与学习;选择与自由;责任与后果;成本与总账;爱与回应;边界与许可;法律与秩序;民族与身份;心理与主体","02;03;04;05;07;08;09;10;12;13;14;16;17;18;27;31"
"2908","ff5f998f-c7ae-58df-b13b-833270bf7b69","求助力","2022-02-16","能力与学习;选择与自由;责任与后果;成本与总账;信用与信任;心理与主体","02;03;06;07;08;10;12;13;14;16;17;18"
"2909","df22d0bd-7bd4-59cf-b6ef-10cbe65cf546","基础建设","2022-01-26","定义与达意;能力与学习;选择与自由;爱与回应;边界与许可;劳动与组织;技术与工程;文明与历史;生态与自然","02;04;05;06;07;08;09;10;11;12;13;14;15;16;17;18;25;31;32;33"
"2910","021e8171-6b59-552d-885e-5d477e157c7e","尖头鞋","2022-01-23","选择与自由;技术与工程;性别与身体","02;05;07;13;14;16;17;18;32;33"
"2911","4874b0ab-21f3-572d-9c98-b7ffbeb4305e","TOUGHNESS","2022-01-10","定义与达意;能力与学习;选择与自由;责任与后果;爱与回应;边界与许可;照料与家庭;劳动与组织;财富与市场;法律与秩序;权力与异议;心理与主体;宗教与自然法","02;03;04;05;06;07;08;09;10;11;12;13;14;16;17;18"
"2912","5977ef7d-09e1-577b-8c5d-78966dedd655","企业幼稚病","2021-12-18","定义与达意;能力与学习;选择与自由;责任与后果;爱与回应;边界与许可;照料与家庭;劳动与组织;文明与历史;心理与主体","02;03;04;05;06;07;08;09;10;11;12;13;14;15;16;17;18;31;32;33"
"2913","f74808cf-74e2-57bf-912c-cdf6b57bb57b","画坑","2021-12-17","事实与证据;定义与达意;能力与学习;成本与总账;爱与回应;劳动与组织;财富与市场;技术与工程;人工智能与机器;性别与身体","03;04;05;06;08;09;10;13;14;16;17;18;28;29;32;33"
"2914","68324fb5-3f02-5ec4-bef2-a05955a66b87","攻防一体","2021-12-17","定义与达意;选择与自由;责任与后果;成本与总账;边界与许可;劳动与组织;权力与异议;文明与历史;心理与主体","02;03;05;06;07;08;09;10;11;12;13;14;15;16;17;18;31;32;33"
"2915","e4d01c0f-9653-5dfb-9f2b-df6f79e6ad2d","轻佻","2021-12-16","事实与证据;定义与达意;选择与自由;责任与后果;成本与总账;边界与许可;法律与秩序;权力与异议;文明与历史","02;03;05;07;08;09;10;11;12;13;15;16;17;18;31;32;33"
"2916","f31faac8-5f8e-5a8f-9027-ee2fdc4c05da","欣赏欲","2021-12-16","能力与学习;责任与后果;成本与总账;爱与回应;边界与许可;文明与历史;心理与主体;性别与身体","02;03;04;05;08;10;11;12;13;14;15;16;17;18;31;32;33"
"2917","ad7a2b19-c99f-5eb5-a357-1494e6fc0d66","群居隐患","2021-12-15","能力与学习;成本与总账;财富与市场;技术与工程;文明与历史;生态与自然","03;08;10;11;13;15;17;18;25;31;32;33"
"2918","176add1e-56b4-5d48-b7a7-d1fa6088e665","长枪","2021-12-15","能力与学习;选择与自由;成本与总账;信用与信任;爱与回应;照料与家庭;劳动与组织;法律与秩序;技术与工程","02;03;04;05;06;07;08;10;12;13;14;16;17;18;32;33"
"2919","3dc13b9a-09c0-5cb4-8a5b-e39ff6f08e47","RIP","2021-12-15","定义与达意;能力与学习;选择与自由;责任与后果;爱与回应;边界与许可;劳动与组织;财富与市场;权力与异议;技术与工程;心理与主体;宗教与自然法","02;03;04;05;06;07;08;09;10;11;12;13;14;16;17;18;32;33"
"2920","ba45d8bb-feb3-5e50-b6ed-978a386eb253","苦难的价值","2021-12-14","事实与证据;定义与达意;能力与学习;责任与后果;成本与总账;边界与许可;文明与历史;心理与主体","02;03;05;08;09;10;11;12;13;14;15;16;17;18;31;32;33"
"2921","c438cee5-4a05-550f-854b-4eafff75656e","买下美国","2021-12-14","选择与自由;成本与总账;财富与市场;权力与异议","02;03;07;10;12;13;16;18"
"2922","68581455-103d-5db6-892f-f0a9ffe5d236","乡愿","2021-12-13","定义与达意;能力与学习;责任与后果;成本与总账;爱与回应;技术与工程;文明与历史","02;03;04;05;08;09;10;11;12;13;14;15;16;17;18;31;32;33"
"2923","7e9e9148-c754-5272-abfb-f0c67968160f","林冲的悲剧","2021-12-13","事实与证据;能力与学习;责任与后果;法律与秩序;权力与异议;性别与身体","02;03;05;07;08;09;10;12;13;14;16;17;18"
"2924","33e818e0-6f7a-52c2-aa8d-0e85a8b0dad4","高级妩媚感","2021-12-12","定义与达意;能力与学习;选择与自由;财富与市场;技术与工程","02;03;07;08;09;10;13;16;17;18;32;33"
"2925","7d18580c-c12a-5c24-8550-6d77fee880fe","滑来滑去","2021-12-12","定义与达意;选择与自由;责任与后果;成本与总账;信用与信任;爱与回应;净输出与不掠夺;边界与许可;心理与主体","02;03;04;05;06;07;08;09;10;12;14;16;17;18"
"2926","f6ac6356-c19e-5244-96dc-2c7dc4952f21","探险精神","2021-12-12","事实与证据;能力与学习;选择与自由;责任与后果;成本与总账;法律与秩序;技术与工程","02;03;07;08;09;10;12;13;16;17;18;32;33"
"2927","d1e4b776-aac6-510f-9fa8-d30c1f3b5092","大国影响","2021-12-12","事实与证据;定义与达意;能力与学习;选择与自由;成本与总账;信用与信任;爱与回应;净输出与不掠夺;边界与许可;劳动与组织;法律与秩序;心理与主体","02;03;04;05;06;07;08;09;10;12;13;14;16;17;18"
"2928","5eb35cf3-45c5-5dc6-a59e-1142426dba84","因爱生恨","2021-12-11","能力与学习;选择与自由;责任与后果;成本与总账;爱与回应;边界与许可;技术与工程","02;03;04;05;07;08;10;12;13;14;16;17;18;32;33"
"2929","35dffb27-ba3f-5178-b9be-843697d1d39d","严刑拷打","2021-12-08","事实与证据;能力与学习;成本与总账;信用与信任;劳动与组织;技术与工程;心理与主体","03;06;08;09;10;12;13;14;17;18;32;33"
"2930","9e289dd9-9c65-511d-84b5-4accebb894d2","精致的利己主义者","2021-12-07","定义与达意;能力与学习;选择与自由;成本与总账;信用与信任;财富与市场;法律与秩序;文明与历史;心理与主体","02;03;06;07;08;09;10;11;12;13;14;15;16;17;18;31;32;33"
"2931","c6b59e81-143b-57f3-aa5a-5f5da72edefe","哀兵","2021-12-06","定义与达意;能力与学习;责任与后果;成本与总账;法律与秩序;心理与主体;性别与身体","02;03;05;07;08;09;10;12;13;14;16;17;18"
"2932","f3d40c79-86a9-5f8a-9c42-244f3efbed92","对待软弱者","2021-12-06","定义与达意;能力与学习;选择与自由;责任与后果;成本与总账;爱与回应;净输出与不掠夺;边界与许可;劳动与组织;心理与主体","02;03;04;05;06;07;08;09;10;12;13;14;16;17;18"
"2933","1e493ff3-362a-51d6-82b9-a6be15e730e9","感动三分钟","2021-12-06","选择与自由;责任与后果;权力与异议","02;03;07;10;12;16;18"
"2934","710c18a0-b0d8-55ce-a2f4-29a214b6b92a","条约保护","2021-12-04","事实与证据;能力与学习;选择与自由;责任与后果;成本与总账;信用与信任;劳动与组织;法律与秩序;权力与异议;文明与历史","02;03;06;07;08;09;10;11;12;13;15;16;17;18;31;32;33"
"2935","5a1f97fa-3170-5edc-9cd4-de6dddf22e9e","合理","2021-12-04","事实与证据;定义与达意;能力与学习;选择与自由;责任与后果;成本与总账;信用与信任;边界与许可;照料与家庭;劳动与组织;权力与异议;技术与工程;心理与主体","02;03;04;05;06;07;08;09;10;12;13;14;16;17;18;32;33"
"2936","6ec4e28d-f50f-5b1d-9c55-cab7a590fe2f","大成就者","2021-12-01","事实与证据;定义与达意;能力与学习;选择与自由;责任与后果;成本与总账;爱与回应;净输出与不掠夺;财富与市场;权力与异议;技术与工程;心理与主体","02;03;04;05;07;08;09;10;12;13;14;16;17;18;32;33"
"2937","2b41e782-37c3-56bc-b2df-0de09ead4bcc","道德与伦理","2021-12-01","定义与达意;边界与许可","05;09;12;16;17;18"
"2938","516eac41-ff65-5b7c-bc30-cc16fe123324","知己知彼","2021-12-01","能力与学习;法律与秩序;文明与历史;民族与身份;心理与主体","07;08;11;12;13;14;15;17;18;27;31;32;33"
"2939","69fec9d5-5b9b-550e-95b8-b815f95602ef","笑傲江湖","2021-11-29","定义与达意;能力与学习;成本与总账;信用与信任;心理与主体;性别与身体","03;05;06;08;09;10;12;13;14;16;17;18"
"2940","5a0b24aa-e92c-55a6-bfc6-0dca2a40f38b","后悔的真相","2021-11-29","事实与证据;能力与学习;选择与自由;责任与后果;民族与身份;心理与主体;宗教与自然法","02;03;07;08;09;10;11;12;13;14;16;17;18;27;31"
"2941","5a25e07b-0430-5733-9df4-0432de42ab93","打黄盖","2021-11-28","事实与证据;定义与达意;选择与自由;信用与信任;法律与秩序;权力与异议;文明与历史","02;03;06;07;08;09;11;12;13;15;16;17;18;31;32;33"
"2942","2543bee1-0509-5827-8afd-f3f8b7841ca0","左躲右闪","2021-11-27","事实与证据;能力与学习;选择与自由;责任与后果;成本与总账;照料与家庭;劳动与组织;法律与秩序;文明与历史;心理与主体","02;03;04;05;06;07;08;09;10;11;12;13;14;15;16;17;18;31;32;33"
"2943","8721089a-ff63-5827-accd-ce09e688ee39","历史的燃料","2021-11-27","事实与证据;定义与达意;责任与后果;净输出与不掠夺;财富与市场;法律与秩序;技术与工程;文明与历史;宗教与自然法","02;03;05;07;08;09;10;11;12;13;15;16;17;18;31;32;33"
"2944","3bf4ccb1-b9ac-5a10-a20c-72cae976888c","大义灭亲","2021-11-27","事实与证据;照料与家庭","04;05;08;09;14;16;17"
"2945","8a232e01-e8d5-5a3c-ba97-1d9f3e83ff76","保持单纯","2021-11-27","定义与达意;能力与学习;选择与自由;责任与后果;成本与总账;爱与回应;照料与家庭;劳动与组织;法律与秩序","02;03;04;05;06;07;08;09;10;12;13;14;16;17;18"
"2946","fb15019d-5dc7-5781-baaa-04e40235420e","不服从管理","2021-11-26","事实与证据;定义与达意;能力与学习;选择与自由;责任与后果;成本与总账;信用与信任;照料与家庭;劳动与组织;法律与秩序;技术与工程","02;03;04;05;06;07;08;09;10;12;13;14;16;17;18;32;33"
"2947","8ecdb3cd-3406-5b53-a2eb-8eb14f313af7","留门","2021-11-26","能力与学习;选择与自由;成本与总账;爱与回应;心理与主体","02;03;04;05;07;08;10;13;14;16;17;18"
"2948","f2d1e9a0-6681-50c0-a39e-98ff27573d57","观点与事实","2021-11-21","事实与证据;定义与达意;能力与学习;选择与自由;责任与后果;成本与总账;法律与秩序;技术与工程","02;03;07;08;09;10;12;13;16;17;18;32;33"
"2949","544289fa-024f-552b-80a7-a7fc53c3faef","说实话","2021-11-19","事实与证据;定义与达意;能力与学习;选择与自由;责任与后果;成本与总账;边界与许可;法律与秩序;心理与主体","02;03;05;07;08;09;10;12;13;14;16;17;18"
"2950","913f1fd9-3d73-546a-b924-70174ef27403","普通不普通","2021-11-19","责任与后果;成本与总账;照料与家庭","02;03;04;05;10;12;14;16;18"
"2951","d418db03-2fe4-5993-9de1-04238c444316","应该不应该","2021-11-19","能力与学习;责任与后果;成本与总账;爱与回应;法律与秩序","02;03;04;05;07;08;10;12;13;14;16;18"
"2952","15dce3b4-0a90-586c-88c0-df18b4afba6b","抗寒","2021-11-18","定义与达意;能力与学习;选择与自由;成本与总账;爱与回应;权力与异议;性别与身体","02;03;04;05;07;08;09;10;12;13;14;16;17;18"
"2953","86644dee-d70d-54e8-bac5-cddb4ed8116d","人间失格","2021-11-17","定义与达意;能力与学习;责任与后果;成本与总账;边界与许可;财富与市场;文明与历史;人工智能与机器;心理与主体;宗教与自然法","02;03;05;07;08;09;10;11;12;13;14;15;16;17;18;28;29;31;32;33"
"2954","a8f53ce5-eb79-5fc4-b117-3b514c800b5e","自爱","2021-11-14","定义与达意;能力与学习;选择与自由;责任与后果;成本与总账;爱与回应;照料与家庭;财富与市场;心理与主体","02;03;04;05;07;08;09;10;12;13;14;16;17;18"
"2955","c06153e9-8335-5313-b906-2fa86e4f86db","钱和暴力的问题","2021-11-12","能力与学习;责任与后果;成本与总账;照料与家庭;劳动与组织;财富与市场;法律与秩序;技术与工程;文明与历史","02;03;04;05;06;07;08;10;11;12;13;14;15;16;17;18;31;32;33"
"2956","e4b84f2f-dd8c-5163-a062-003fd1ec871f","善良程度","2021-11-11","定义与达意;能力与学习;成本与总账;信用与信任;净输出与不掠夺;权力与异议","03;05;06;07;08;09;10;12;13;16;17;18"
"2957","84ba987e-16f2-529f-9276-1e20ef628e1e","元宇宙","2021-11-09","能力与学习;责任与后果;成本与总账;边界与许可;财富与市场;法律与秩序;权力与异议;技术与工程;宗教与自然法","02;03;05;07;08;10;11;12;13;16;17;18;32;33"
"2958","86144d35-7a44-50d0-89ae-16e3b50beacf","性侵危机","2021-11-09","事实与证据;能力与学习;选择与自由;责任与后果;成本与总账;信用与信任;爱与回应;边界与许可;劳动与组织;法律与秩序;权力与异议;文明与历史;心理与主体;宗教与自然法","02;03;04;05;06;07;08;09;10;11;12;13;14;15;16;17;18;31;32;33"
"2959","09575f9e-4f36-5a4e-84b3-95ee737857e8","诚实","2021-11-07","事实与证据;定义与达意;能力与学习;责任与后果;成本与总账;信用与信任;爱与回应;边界与许可;照料与家庭;技术与工程;文明与历史","02;03;04;05;06;08;09;10;11;12;13;14;15;16;17;18;31;32;33"
"2960","e59be25c-048f-578c-8db4-de6d91ffa564","起步晚","2021-11-06","定义与达意;能力与学习;选择与自由;责任与后果;照料与家庭;劳动与组织;性别与身体","02;03;04;05;06;07;08;09;10;12;13;14;16;17;18"
"2961","aa3362a3-1394-5fb2-b870-27444f488906","主动的被动","2021-11-05","定义与达意;选择与自由;责任与后果;成本与总账;爱与回应;劳动与组织;法律与秩序;权力与异议;心理与主体","02;03;04;05;06;07;08;09;10;12;13;14;16;17;18"
"2962","993121c5-585f-52c7-a1c3-cc4ecf2bef9b","拉链开了","2021-11-04","事实与证据;责任与后果;成本与总账;净输出与不掠夺;边界与许可;劳动与组织;权力与异议;技术与工程;性别与身体","02;03;05;06;07;08;09;10;12;13;14;16;17;18;32;33"
"2963","59e78a8f-20c4-5bef-b45d-5001de9ab6a7","最高效途径","2021-11-04","事实与证据;能力与学习;选择与自由;责任与后果;成本与总账;信用与信任;爱与回应;照料与家庭;心理与主体","02;03;04;05;06;07;08;09;10;12;13;14;16;17;18"
"2964","17c7e10b-bdf9-5343-a98d-d2198954c38c","喜欢","2021-11-04","选择与自由;责任与后果;成本与总账;爱与回应;净输出与不掠夺;边界与许可","02;03;04;05;07;10;12;14;16;18"
"2965","e7e3a39f-f17b-5259-b894-d27225ef0722","花钱","2021-11-04","定义与达意;成本与总账;信用与信任;劳动与组织;财富与市场;心理与主体","03;06;08;09;10;12;13;14;17;18"
"2966","18d7e708-d9bd-5013-bff1-74356c8bc260","宁死不啊","2021-11-03","能力与学习;选择与自由;责任与后果","02;03;07;08;10;12;13;16;18"
"2967","c996df2d-f43e-5f55-b0c9-adf98ae5eecd","MMA","2021-11-02","定义与达意;能力与学习;选择与自由;责任与后果;劳动与组织;财富与市场;法律与秩序;文明与历史;性别与身体","02;03;05;06;07;08;09;10;11;12;13;14;15;16;17;18;31;32;33"
"2968","6ad5e541-0333-5238-b6af-c7a30f93aff4","闲聊","2021-11-02","事实与证据;定义与达意;能力与学习;责任与后果;边界与许可;照料与家庭;劳动与组织;法律与秩序;技术与工程;文明与历史","02;03;04;05;06;07;08;09;10;11;12;13;14;15;16;17;18;31;32;33"
"2969","3615d28b-a22f-5138-83c4-adc150cab782","概率化","2021-11-01","事实与证据;能力与学习;成本与总账;法律与秩序;心理与主体","03;07;08;09;10;12;13;14;17;18"
"2970","c2c44c3f-aaea-55b6-8b72-ae45b16468f2","冷漠","2021-10-31","事实与证据;定义与达意;能力与学习;选择与自由;责任与后果;成本与总账;信用与信任;爱与回应;文明与历史","02;03;04;05;06;07;08;09;10;11;12;13;14;15;16;17;18;31;32;33"
"2971","d961128c-e769-5f85-8f9d-65ef9b17bd15","厌倦","2021-10-30","能力与学习;选择与自由;责任与后果;成本与总账;爱与回应;边界与许可;文明与历史;生态与自然;心理与主体;性别与身体;宗教与自然法","02;03;04;05;07;08;10;11;12;13;14;15;16;17;18;25;31;32;33"
"2972","ea3780b0-d9e7-5900-a615-8db5a3d0695f","不爱国的权利","2021-10-29","事实与证据;定义与达意;选择与自由;责任与后果;成本与总账;爱与回应;净输出与不掠夺;边界与许可;法律与秩序;民族与身份;心理与主体","02;03;04;05;07;08;09;10;12;14;16;17;18;27;31"
"2973","c543b132-890d-5e9a-aaa8-8af88b44030b","爱国爱党","2021-10-29","定义与达意;选择与自由;责任与后果;成本与总账;爱与回应;净输出与不掠夺;照料与家庭;劳动与组织;法律与秩序;民族与身份","02;03;04;05;06;07;09;10;12;13;14;16;17;18;27;31"
"2974","f3fdecc8-fe6b-53a3-a23b-246d1b8acd80","进步退步","2021-10-28","能力与学习;心理与主体","08;13;14;17;18"
"2975","20da2bc1-1c84-5f1f-acca-f49b3d8050a5","辩论","2021-10-28","事实与证据;定义与达意;能力与学习;责任与后果;爱与回应;心理与主体","02;03;04;05;08;09;10;12;13;14;16;17;18"
"2976","d14dd351-55b7-5bf2-be2c-f0b39f68c0fa","基本造型能力","2021-10-27","定义与达意;能力与学习;选择与自由;劳动与组织;技术与工程;心理与主体","02;06;07;08;09;10;13;14;16;17;18;32;33"
"2977","e6589a7d-0d44-5934-9be0-cbf5f637a329","循序渐进","2021-10-26","能力与学习;选择与自由;责任与后果;成本与总账;财富与市场;权力与异议;心理与主体;性别与身体","02;03;05;07;08;10;12;13;14;16;17;18"
"2978","c5debfc1-81d4-5fe7-a4eb-421255f21c5d","多加小心","2021-10-26","事实与证据;能力与学习;选择与自由;责任与后果;成本与总账;信用与信任;劳动与组织;文明与历史","02;03;06;07;08;09;10;11;12;13;15;16;17;18;31;32;33"
"2979","334b5f77-c843-5bbd-856d-3cfdfe2b324f","稻草","2021-10-26","定义与达意;能力与学习;选择与自由","02;07;08;09;13;16;17;18"
"2980","a55115eb-cc96-50a2-b499-2f6758cc9060","跟对人","2021-10-25","能力与学习;选择与自由;信用与信任;爱与回应;劳动与组织;财富与市场","02;03;04;05;06;07;08;10;12;13;14;16;18"
"2981","441cf32c-8c93-5210-adab-7cf36b7d1fe0","高贵的敌人","2021-10-24","事实与证据;定义与达意;责任与后果;成本与总账;信用与信任;边界与许可;心理与主体","02;03;05;06;08;09;10;12;14;16;17;18"
"2982","49434619-0e7e-57da-baef-3ad6b3ef9731","成功秘诀","2021-10-23","事实与证据;选择与自由;爱与回应;财富与市场;心理与主体","02;03;04;05;07;08;09;10;13;14;16;17;18"
"2983","e108515f-375c-53c9-8f6d-1ee2c16b275a","最大成长速度","2021-10-23","能力与学习;责任与后果;边界与许可","02;03;05;08;10;12;13;16;18"
"2984","c8a3029e-592c-5d61-b3aa-31b07904c393","陨石弹头","2021-10-23","事实与证据;能力与学习","08;09;13;17;18"
"2985","b34afaf7-ccc5-568a-82ee-192c29ca219d","题词","2021-10-23","责任与后果;爱与回应;照料与家庭","02;03;04;05;10;12;14;16;18"
"2986","88851a96-afb8-568e-8058-58dd3fb7d513","期望","2021-10-21","事实与证据;能力与学习;选择与自由;责任与后果;成本与总账;信用与信任;照料与家庭;劳动与组织;权力与异议;心理与主体","02;03;04;05;06;07;08;09;10;12;13;14;16;17;18"
"2987","de2b9bba-b9e5-5d19-9892-3bc86b6ff7e7","谁危险","2021-10-20","选择与自由;责任与后果;成本与总账;照料与家庭;劳动与组织;文明与历史;性别与身体","02;03;04;05;06;07;10;11;12;13;14;15;16;18;31;32;33"
"2988","3cd625ad-b554-58e5-b39f-c07f337bc84d","司机聊政治","2021-10-20","事实与证据;成本与总账;爱与回应;边界与许可;技术与工程;文明与历史;心理与主体","03;04;05;08;09;10;11;12;13;14;15;16;17;18;31;32;33"
"2989","24db0efe-bab4-5206-a46b-8ca465c982dd","日本沉没","2021-10-20","能力与学习;成本与总账;财富与市场;权力与异议;技术与工程;文明与历史;心理与主体","03;07;08;10;11;12;13;14;15;17;18;31;32;33"
"2990","c003e57b-e1ae-5398-948b-0917da2c2f99","毒圈","2021-10-19","定义与达意;选择与自由;净输出与不掠夺;边界与许可;照料与家庭;权力与异议;心理与主体","02;03;04;05;07;08;09;12;14;16;17;18"
"2991","9f574c71-e87e-5100-aad3-ec55f74defc8","溢美之词","2021-10-19","事实与证据;定义与达意;能力与学习;责任与后果;成本与总账;信用与信任;劳动与组织;文明与历史;心理与主体","02;03;06;08;09;10;11;12;13;14;15;17;18;31;32;33"
"2992","b9950a33-84ee-5b45-8e65-a68cf6b87c38","荒谬的偏激","2021-10-17","事实与证据;定义与达意;能力与学习;责任与后果;成本与总账;爱与回应;边界与许可;技术与工程;心理与主体","02;03;04;05;08;09;10;12;13;14;16;17;18;32;33"
"2993","e84dd5b4-e2e3-5bf2-aefe-f896bde14fbd","不道歉的小朋友","2021-10-16","定义与达意;能力与学习;选择与自由;责任与后果;成本与总账;权力与异议","02;03;07;08;09;10;12;13;16;17;18"
"2994","a177bf25-51a0-5fe3-8a9b-5ba0b9b53420","生包子","2021-10-16","事实与证据;定义与达意;能力与学习;选择与自由;责任与后果;成本与总账;边界与许可;照料与家庭;财富与市场;法律与秩序;权力与异议;文明与历史;性别与身体","02;03;04;05;07;08;09;10;11;12;13;14;15;16;17;18;31;32;33"
"2995","015043d1-01b8-5915-9d30-d13722a542e7","宗教的价值","2021-10-16","事实与证据;选择与自由;边界与许可;劳动与组织;权力与异议;心理与主体;宗教与自然法","02;03;05;06;07;08;09;10;11;12;13;14;16;17;18"
"2996","ccd58184-c27d-5a28-8102-c9014bc245cc","快餐式","2021-10-15","能力与学习;选择与自由;责任与后果;成本与总账;爱与回应;边界与许可;照料与家庭;权力与异议;技术与工程","02;03;04;05;07;08;10;12;13;14;16;17;18;32;33"
"2997","3f63259f-f57b-5e42-9dd0-1c393d0ccc58","肇因与动因","2021-10-14","定义与达意;责任与后果;成本与总账;照料与家庭;劳动与组织;权力与异议;心理与主体","02;03;04;05;06;07;08;09;10;12;13;14;16;17;18"
"2998","0aba0de3-c05e-5d06-863e-fe424c0f1d32","大道理","2021-10-14","事实与证据;定义与达意;能力与学习;责任与后果;成本与总账;照料与家庭;劳动与组织;财富与市场;权力与异议","02;03;04;05;06;07;08;09;10;12;13;14;16;17;18"
"2999","4c4b1750-f3b6-5df1-a530-ca38dc46feb3","双相情感障碍","2021-10-14","事实与证据;定义与达意;能力与学习;成本与总账;信用与信任;爱与回应;净输出与不掠夺;财富与市场;心理与主体","03;04;05;06;08;09;10;12;13;14;16;17;18"
"3000","cceb64c7-9d26-56ab-8b55-4cebb78c5907","贵人","2021-10-13","定义与达意;成本与总账;净输出与不掠夺;心理与主体","03;05;08;09;10;14;16;17;18"
"3001","70eca7e6-7828-5c65-9abe-9ac614e2a603","小挂锁","2021-10-12","定义与达意;选择与自由;边界与许可;劳动与组织;法律与秩序;权力与异议;技术与工程","02;03;05;06;07;09;10;12;13;16;17;18;32;33"
"3002","df97c1e7-0ca5-5966-852c-dab887432c69","去中心化","2021-10-11","定义与达意;能力与学习;选择与自由;责任与后果;成本与总账;爱与回应;劳动与组织;心理与主体","02;03;04;05;06;07;08;09;10;12;13;14;16;17;18"
"3003","5a178938-542c-5c4f-ac4b-687c2bca12c8","政权合法性","2021-10-10","事实与证据;定义与达意;选择与自由;责任与后果;成本与总账;边界与许可;法律与秩序;权力与异议;技术与工程;文明与历史;心理与主体","02;03;05;07;08;09;10;11;12;13;14;15;16;17;18;31;32;33"
"3004","77f17048-e29e-531e-9301-339800767294","末日","2021-10-10","定义与达意;选择与自由;责任与后果;成本与总账;劳动与组织;心理与主体","02;03;06;07;08;09;10;12;13;14;16;17;18"
"3005","30d3cf46-f085-53f5-9c13-b4c6ea2ea292","房价下跌","2021-10-10","能力与学习;选择与自由;责任与后果;成本与总账;财富与市场;生态与自然","02;03;07;08;10;12;13;16;18;25;32"
"3006","f6506ebc-519d-5bac-bd31-fb473166c11f","写实","2021-10-10","事实与证据;定义与达意;能力与学习;生态与自然","08;09;13;17;18;25;32"
"3007","a2dc4c1c-8723-50ec-8dea-7bb314e4f3e4","使用说明","2021-10-10","事实与证据;定义与达意;选择与自由;责任与后果;边界与许可;法律与秩序;权力与异议;文明与历史","02;03;05;07;08;09;10;11;12;13;15;16;17;18;31;32;33"
"3008","a0c919bf-79b6-5d77-92cb-e733786c19b9","弱肉强食","2021-10-09","事实与证据;定义与达意;选择与自由;信用与信任;劳动与组织;权力与异议;生态与自然","02;03;06;07;08;09;10;12;13;16;17;18;25;32"
"3009","7b69137e-336c-57a8-ae10-e381ff0a4ce7","沙漠开发","2021-10-09","事实与证据;能力与学习;选择与自由;成本与总账;技术与工程;文明与历史;生态与自然","02;03;07;08;09;10;11;13;15;16;17;18;25;31;32;33"
"3010","19d11285-e09f-508a-9125-c4e64d5c4894","反压力","2021-10-09","能力与学习;责任与后果;成本与总账;信用与信任;爱与回应;照料与家庭;法律与秩序;权力与异议;心理与主体;宗教与自然法","02;03;04;05;06;07;08;10;11;12;13;14;16;17;18"
"3011","b5ff5d76-3c9a-59a5-adaa-44bead3af302","自证清白","2021-10-09","事实与证据;定义与达意;责任与后果;成本与总账;净输出与不掠夺;法律与秩序;心理与主体","02;03;05;07;08;09;10;12;14;16;17;18"
"3012","9697031a-e0f0-53fd-bdd9-11d215c22214","穷得没尊严","2021-10-07","能力与学习;选择与自由;财富与市场;权力与异议","02;03;07;08;10;12;13;16;18"
"3013","36b2a2f2-24ee-5394-b233-ed445913a11c","取名","2021-10-07","能力与学习;选择与自由;责任与后果;边界与许可;照料与家庭;技术与工程;宗教与自然法","02;03;04;05;07;08;10;11;12;13;14;16;17;18;32;33"
"3014","5e101de4-3d71-50ac-a40f-a44e522dc110","抢孩子","2021-10-06","能力与学习;选择与自由;责任与后果;成本与总账;信用与信任;劳动与组织;财富与市场;法律与秩序;技术与工程","02;03;06;07;08;10;12;13;16;17;18;32;33"
"3015","4d90d813-57c2-5257-9b5f-e6a622e3da11","最好的陌生人","2021-10-05","事实与证据;定义与达意;能力与学习;选择与自由;责任与后果;爱与回应;边界与许可;照料与家庭;劳动与组织;权力与异议;心理与主体","02;03;04;05;06;07;08;09;10;12;13;14;16;17;18"
"3016","ae5c6465-625f-594c-8a80-cc552f59afd3","渔隐","2021-10-04","能力与学习;选择与自由;边界与许可;技术与工程","02;05;07;08;12;13;16;17;18;32;33"
"3017","8ea811a4-f3bc-5514-a7cc-8e375ea20a39","彩礼","2021-10-04","事实与证据;定义与达意;能力与学习;选择与自由;责任与后果;成本与总账;信用与信任;爱与回应;边界与许可;照料与家庭","02;03;04;05;06;07;08;09;10;12;13;14;16;17;18"
"3018","28a007be-9c0c-5a02-ae5f-a67ce621501a","WhatThen","2021-10-04","定义与达意;能力与学习;选择与自由;责任与后果;边界与许可;照料与家庭;财富与市场;文明与历史","02;03;04;05;07;08;09;10;11;12;13;14;15;16;17;18;31;32;33"
"3019","670401ad-58ae-5d29-bce3-79f0ff90c037","永生","2021-10-03","选择与自由;信用与信任;法律与秩序;文明与历史","02;03;06;07;11;12;13;15;16;18;31;32;33"
"3020","7a7c0663-576e-57e2-9af8-33d822af3378","游坦之","2021-10-03","事实与证据;能力与学习;爱与回应;照料与家庭;劳动与组织;权力与异议;心理与主体;宗教与自然法","03;04;05;06;07;08;09;10;11;12;13;14;16;17;18"
"3021","49916798-b254-5233-9e37-d730a569413d","滑过去","2021-10-03","定义与达意;能力与学习;责任与后果;边界与许可;照料与家庭;权力与异议","02;03;04;05;07;08;09;10;12;13;14;16;17;18"
"3022","01135a1f-54a7-50ec-bd49-ff63370198ae","大实话","2021-10-02","事实与证据;爱与回应;边界与许可;心理与主体;性别与身体","04;05;08;09;12;14;16;17;18"
"3023","cffb9669-3743-55fd-bfa4-9e9cdd52e18a","被说幼稚的男人","2021-10-02","事实与证据;定义与达意;能力与学习;选择与自由;责任与后果;成本与总账;信用与信任;照料与家庭;民族与身份;心理与主体;性别与身体","02;03;04;05;06;07;08;09;10;12;13;14;16;17;18;27;31"
"3024","cefd82f1-f851-5bba-b716-d260498828aa","读书与行路","2021-10-01","能力与学习;选择与自由;成本与总账;照料与家庭;文明与历史","02;03;04;05;07;08;10;11;13;14;15;16;18;31;32;33"
"3025","d384261b-7b05-53e7-a274-ec4888819617","崇拜与自恋","2021-10-01","能力与学习;责任与后果;信用与信任;爱与回应;照料与家庭;法律与秩序;权力与异议;心理与主体","02;03;04;05;06;07;08;10;12;13;14;16;17;18"
"3026","d4fe2872-b79f-5a6a-9345-01300a1b88f7","匿名","2021-10-01","事实与证据;定义与达意;责任与后果;成本与总账;权力与异议;技术与工程","02;03;07;08;09;10;12;13;17;18;32;33"
"3027","7dbd8ae4-e6ea-5955-926b-5a9a1e107eb8","吃老虎的猪","2021-09-30","事实与证据;定义与达意;能力与学习;成本与总账;信用与信任;边界与许可;权力与异议;心理与主体","03;05;06;07;08;09;10;12;13;14;16;17;18"
"3028","9bb45818-08bb-5e2d-ac38-c1ed82b65198","爱你的仇敌","2021-09-27","定义与达意;能力与学习;选择与自由;责任与后果;成本与总账;爱与回应;净输出与不掠夺;边界与许可;劳动与组织;法律与秩序;文明与历史;心理与主体","02;03;04;05;06;07;08;09;10;11;12;13;14;15;16;17;18;31;32;33"
"3029","cdef0b0b-c75b-5adb-bfe4-a31cfd57fbe7","独来独往","2021-09-25","事实与证据;定义与达意;能力与学习;选择与自由;边界与许可;权力与异议;心理与主体","02;03;05;07;08;09;12;13;14;16;17;18"
"3030","30e5174c-9159-5ff6-a76d-92e3f8e490bd","MINECRAFT","2021-09-25","事实与证据;选择与自由","02;07;08;09;16;17;18"
"3031","d6caba27-799e-5786-b238-5ad3df95d8fe","养废了","2021-09-25","定义与达意;能力与学习;选择与自由;责任与后果;成本与总账;净输出与不掠夺;边界与许可;照料与家庭;法律与秩序;权力与异议;心理与主体","02;03;04;05;07;08;09;10;12;13;14;16;17;18"
"3032","7b291b56-0d3f-5db6-ae7b-b45ee12d31d1","皆有其时","2021-09-25","事实与证据;能力与学习;选择与自由;成本与总账;劳动与组织;权力与异议;心理与主体","02;03;06;07;08;09;10;12;13;14;16;17;18"
"3033","342be96d-3419-5f63-8f86-03c77a6b1b29","不接受权与不接受","2021-09-25","选择与自由;责任与后果;成本与总账;爱与回应;边界与许可;照料与家庭;权力与异议;心理与主体;性别与身体","02;03;04;05;07;08;10;12;14;16;17;18"
"3034","4fd8d53b-9ab0-56be-9e99-260fafa4844d","父母反对婚姻","2021-09-25","定义与达意;能力与学习;选择与自由;责任与后果;信用与信任;爱与回应;边界与许可;照料与家庭;权力与异议;技术与工程","02;03;04;05;06;07;08;09;10;12;13;14;16;17;18;32;33"
"3035","beb62240-efcb-50cb-ac99-b2ef1dc53fbf","穿越幽谷","2021-09-25","选择与自由;照料与家庭;权力与异议;心理与主体;性别与身体;宗教与自然法","02;03;04;05;07;08;11;12;14;16;17;18"
"3036","ed7f16cb-08c4-518d-8c24-4aad4d2649e8","热烈和长久","2021-09-25","事实与证据;定义与达意;能力与学习;选择与自由;责任与后果;信用与信任;爱与回应;边界与许可;法律与秩序;心理与主体","02;03;04;05;06;07;08;09;10;12;13;14;16;17;18"
"3037","184747ba-23ba-57ed-bc44-a3b089e7c397","婚闹","2021-09-25","事实与证据;能力与学习;选择与自由;责任与后果;成本与总账;边界与许可;照料与家庭;权力与异议;民族与身份","02;03;04;05;07;08;09;10;12;13;14;16;17;18;27;31"
"3038","88f8cd6c-cc37-5882-8a95-3b344367317b","煤电核电绿电","2021-09-24","能力与学习;选择与自由;责任与后果;成本与总账;财富与市场;法律与秩序;权力与异议;技术与工程;文明与历史;生态与自然;心理与主体","02;03;07;08;10;11;12;13;14;15;16;17;18;25;31;32;33"
"3039","57f21c94-a994-5ccc-b882-28b516f8f74a","哭出来的奶","2021-09-24","事实与证据;能力与学习;选择与自由;责任与后果;成本与总账;信用与信任;净输出与不掠夺;照料与家庭;劳动与组织;法律与秩序;权力与异议;文明与历史","02;03;04;05;06;07;08;09;10;11;12;13;14;15;16;17;18;31;32;33"
"3040","6e19481e-b83e-5b79-a4a2-db1137fca698","愚蠢的不尊重","2021-09-23","定义与达意;选择与自由;责任与后果;爱与回应;边界与许可;技术与工程","02;03;04;05;07;09;10;12;13;14;16;17;18;32;33"
"3041","142b7910-91cc-5b9d-be21-e4f2a5051daa","严肃","2021-09-22","定义与达意;责任与后果;成本与总账;信用与信任;爱与回应;边界与许可;权力与异议;心理与主体","02;03;04;05;06;07;08;09;10;12;14;16;17;18"
"3042","fa663875-0620-5040-8dde-c6ff28ced8d5","错误方法","2021-09-22","选择与自由;责任与后果;信用与信任;边界与许可;劳动与组织;财富与市场;法律与秩序;权力与异议;技术与工程;文明与历史","02;03;05;06;07;10;11;12;13;15;16;17;18;31;32;33"
"3043","e457fe82-86ed-5900-be4a-4c86f0d18279","天赋","2021-09-21","事实与证据;能力与学习;选择与自由;责任与后果;成本与总账;边界与许可;照料与家庭;财富与市场;权力与异议;民族与身份;心理与主体;性别与身体","02;03;04;05;07;08;09;10;12;13;14;16;17;18;27;31"
"3044","61ff68ba-4204-5ff1-ad52-749269ff3c06","小bug","2021-09-21","事实与证据;定义与达意;能力与学习;选择与自由;责任与后果;成本与总账;信用与信任;财富与市场;权力与异议;性别与身体","02;03;05;06;07;08;09;10;12;13;14;16;17;18"
"3045","a0de9c17-64cb-5b93-8492-9691dc915e45","塑料膜","2021-09-21","事实与证据;能力与学习;选择与自由;成本与总账;信用与信任;财富与市场;权力与异议;心理与主体","02;03;06;07;08;09;10;12;13;14;16;17;18"
"3046","1bce8e69-c9c2-5dd2-aa6e-da202c2c414f","看得见爱的眼睛","2021-09-20","能力与学习;成本与总账;爱与回应;边界与许可;权力与异议;生态与自然;心理与主体;宗教与自然法","03;04;05;07;08;10;11;12;13;14;16;17;18;25;32"
"3047","1b57ad1f-7772-5b75-ae7e-07b6494a969b","雨伞","2021-09-20","选择与自由;财富与市场","02;03;07;10;13;16;18"
"3048","d3eee9db-d390-567d-b166-aaf12bdf87c3","谁先来","2021-09-19","能力与学习;成本与总账;爱与回应","03;04;05;08;10;13;14;16;18"
"3049","62a05923-6e3c-53d0-8df1-8191052b3e07","人民的选择","2021-09-19","定义与达意;选择与自由;成本与总账;法律与秩序;权力与异议;文明与历史","02;03;07;09;10;11;12;13;15;16;17;18;31;32;33"
"3050","43abc4ce-799c-55cd-a4f8-c4f88916f608","世俗","2021-09-19","定义与达意;成本与总账;财富与市场;法律与秩序;心理与主体;宗教与自然法","03;07;08;09;10;11;12;13;14;17;18"
"3051","37d4e7ca-e0a5-5bd8-adb3-60fbdcf1d821","木秀于林","2021-09-19","定义与达意;能力与学习;选择与自由;责任与后果;成本与总账;爱与回应;照料与家庭;劳动与组织;法律与秩序;权力与异议;生态与自然;心理与主体","02;03;04;05;06;07;08;09;10;12;13;14;16;17;18;25;32"
"3052","b87113fb-cff3-5fa7-a574-7c9e4bd31182","从心所欲不逾矩","2021-09-18","能力与学习;选择与自由;权力与异议","02;03;07;08;12;13;16;18"
"3053","d1214dbe-4723-5271-87d0-553c09dae130","小长官","2021-09-17","定义与达意;选择与自由;信用与信任;边界与许可;劳动与组织;财富与市场;心理与主体","02;03;05;06;07;08;09;10;12;13;14;16;17;18"
"3054","5f277aec-2ac7-5616-abe3-9026484d0e6e","先轻信后多疑","2021-09-17","能力与学习;选择与自由;责任与后果;成本与总账;信用与信任;爱与回应;法律与秩序;权力与异议;心理与主体","02;03;04;05;06;07;08;10;12;13;14;16;17;18"
"3055","c62b410a-cd65-51a0-9473-5aba19991c3c","钻牛角尖","2021-09-17","责任与后果;成本与总账;爱与回应;边界与许可;照料与家庭;法律与秩序;技术与工程;人工智能与机器","02;03;04;05;07;10;12;13;14;16;17;18;28;29;32;33"
"3056","9bd79646-e19a-568d-9e4f-b3f2d84b0460","工业互联网","2021-09-17","能力与学习;选择与自由;成本与总账;劳动与组织;财富与市场;法律与秩序;权力与异议;技术与工程","02;03;06;07;08;10;12;13;16;17;18;32;33"
"3057","7d7ce7f8-7253-58c3-9594-eb3434ceda51","Circle-Of-Shame","2021-09-17","能力与学习;责任与后果;信用与信任;照料与家庭;心理与主体","02;03;04;05;06;08;10;12;13;14;16;17;18"
"3058","d354eef8-ef1d-5180-82ee-df9b517b6c5d","BoyzIIMen","2021-09-16","能力与学习;责任与后果;爱与回应;文明与历史","02;03;04;05;08;10;11;12;13;14;15;16;18;31;32;33"
"3059","0ccda9c2-88cf-5cd4-a55c-ced38178fb48","何如不问","2021-09-16","事实与证据;能力与学习;选择与自由;责任与后果;成本与总账;信用与信任;爱与回应;边界与许可;照料与家庭;财富与市场;权力与异议;文明与历史;心理与主体","02;03;04;05;06;07;08;09;10;11;12;13;14;15;16;17;18;31;32;33"
"3060","216d13e6-8ee0-50dc-9742-fc574000cf0c","插队","2021-09-15","事实与证据;选择与自由;责任与后果;成本与总账;净输出与不掠夺;边界与许可;劳动与组织","02;03;05;06;07;08;09;10;12;13;16;17;18"
"3061","e1e6c6a3-48dd-5e91-aa1d-a3633a906f1b","侠","2021-09-15","能力与学习;选择与自由;责任与后果;成本与总账;爱与回应;权力与异议;技术与工程;心理与主体","02;03;04;05;07;08;10;12;13;14;16;17;18;32;33"
"3062","81eeecc9-b812-500c-9f02-060163010709","基线","2021-09-15","事实与证据;能力与学习;责任与后果;成本与总账;爱与回应;照料与家庭;法律与秩序;权力与异议;心理与主体","02;03;04;05;07;08;09;10;12;13;14;16;17;18"
"3063","ef74f74c-d6b9-57cc-90d0-7f30b92fd59c","有重量的善良","2021-09-15","定义与达意;能力与学习;选择与自由;责任与后果;成本与总账;信用与信任;边界与许可;劳动与组织;财富与市场","02;03;05;06;07;08;09;10;12;13;16;17;18"
"3064","94670543-e0fb-5eed-b007-e18ce6ecfba8","为政以德","2021-09-14","定义与达意;能力与学习;选择与自由;责任与后果;成本与总账;财富与市场;法律与秩序;权力与异议;技术与工程;文明与历史;心理与主体","02;03;07;08;09;10;11;12;13;14;15;16;17;18;31;32;33"
"3065","fd6ce60d-0578-5565-94b4-e1dc85b9de05","莫家走","2021-09-14","事实与证据;定义与达意;能力与学习;选择与自由;责任与后果;成本与总账;信用与信任;爱与回应;边界与许可;照料与家庭;劳动与组织;财富与市场;法律与秩序;权力与异议;技术与工程;心理与主体;性别与身体","02;03;04;05;06;07;08;09;10;12;13;14;16;17;18;32;33"
"3066","f991ec66-3f7b-571b-b7ee-0fc3e130b28e","居安思危","2021-09-14","事实与证据;能力与学习;选择与自由;责任与后果;成本与总账;劳动与组织;财富与市场;权力与异议;文明与历史;心理与主体","02;03;06;07;08;09;10;11;12;13;14;15;16;17;18;31;32;33"
"3067","8e603160-bfb0-5850-9285-1df0afc3ca91","优先保护","2021-09-14","责任与后果;成本与总账;法律与秩序;权力与异议","02;03;07;10;12;18"
"3068","ac77e18f-6fdf-54f1-92b0-0583ea6b0a83","键政","2021-09-13","事实与证据;定义与达意;选择与自由;责任与后果;成本与总账;信用与信任;爱与回应;净输出与不掠夺;边界与许可;财富与市场;法律与秩序;权力与异议;民族与身份;心理与主体","02;03;04;05;06;07;08;09;10;12;13;14;16;17;18;27;31"
"3069","d680ad11-26a6-5468-a86f-0cc8d87222ac","俄罗斯","2021-09-13","能力与学习;选择与自由;责任与后果;爱与回应;法律与秩序;技术与工程;文明与历史;民族与身份;心理与主体;性别与身体;宗教与自然法","02;03;04;05;07;08;10;11;12;13;14;15;16;17;18;27;31;32;33"
"3070","9f72a63c-1478-5d48-9dc8-7aae6606e424","背水之战","2021-09-13","事实与证据;能力与学习;责任与后果;成本与总账;照料与家庭;法律与秩序;权力与异议;技术与工程;文明与历史;民族与身份;性别与身体","02;03;04;05;07;08;09;10;11;12;13;14;15;16;17;18;27;31;32;33"
"3071","f082310c-2aa3-5de8-aacd-3239ca103c99","感谢的必要","2021-09-13","定义与达意;责任与后果;爱与回应;照料与家庭;法律与秩序;权力与异议","02;03;04;05;07;09;10;12;14;16;17;18"
"3072","bb64707c-4cba-502c-add2-2fc5fe19c902","看不到希望","2021-09-12","事实与证据;责任与后果;劳动与组织","02;03;06;08;09;10;12;13;17;18"
"3073","1ce4d6cc-8208-5fe2-8a2f-7b400fdbd1ed","被拣选的人","2021-09-12","定义与达意;选择与自由;责任与后果;成本与总账;爱与回应;净输出与不掠夺;照料与家庭;劳动与组织;财富与市场;法律与秩序;文明与历史;心理与主体;宗教与自然法","02;03;04;05;06;07;08;09;10;11;12;13;14;15;16;17;18;31;32;33"
"3074","c2eca8a1-ce60-5fcd-991b-f75ab62565dd","生而贫穷","2021-09-12","事实与证据;能力与学习;选择与自由;责任与后果;成本与总账;爱与回应;照料与家庭;权力与异议;技术与工程;心理与主体","02;03;04;05;07;08;09;10;12;13;14;16;17;18;32;33"
"3075","72b5f24a-e0ee-51c0-9dc0-2cdae4f5b00b","燎原幻觉","2021-09-12","事实与证据;能力与学习;选择与自由;责任与后果;成本与总账;信用与信任;照料与家庭;劳动与组织;财富与市场;权力与异议;心理与主体;性别与身体","02;03;04;05;06;07;08;09;10;12;13;14;16;17;18"
"3076","0ad5c1b3-acb7-5db7-8b17-dc274311a05d","先于且高于一切","2021-09-12","事实与证据;定义与达意;选择与自由;爱与回应;法律与秩序","02;04;05;07;08;09;12;14;16;17;18"
"3077","f5cc8b78-ec1c-5b1f-bbbf-e6b3b4050354","钱","2021-09-11","选择与自由;成本与总账;信用与信任;照料与家庭;财富与市场;权力与异议;技术与工程","02;03;04;05;06;07;10;12;13;14;16;17;18;32;33"
"3078","ed242744-0a7d-5673-b319-b7e914cf2bbf","脑休息","2021-09-11","能力与学习;选择与自由;劳动与组织;权力与异议;心理与主体;性别与身体","02;03;05;06;07;08;10;12;13;14;16;17;18"
"3079","4dfbef5f-0303-5780-abff-855f27ccc11b","报案问题","2021-09-11","事实与证据;定义与达意;能力与学习;责任与后果;成本与总账;爱与回应;照料与家庭;法律与秩序;人工智能与机器","02;03;04;05;07;08;09;10;12;13;14;16;17;18;28;29;33"
"3080","c282eb0f-77fa-52d2-9ebf-893353de4a0f","世面","2021-09-10","能力与学习;选择与自由;责任与后果;照料与家庭;劳动与组织;财富与市场;法律与秩序;文明与历史;心理与主体;性别与身体","02;03;04;05;06;07;08;10;11;12;13;14;15;16;17;18;31;32;33"
"3081","c1f46289-2ba4-5195-96d4-189ee1c542c8","女性恐惧","2021-09-10","事实与证据;定义与达意;能力与学习;选择与自由;责任与后果;成本与总账;爱与回应;边界与许可;照料与家庭;劳动与组织;财富与市场;法律与秩序;权力与异议;生态与自然;心理与主体;性别与身体","02;03;04;05;06;07;08;09;10;12;13;14;16;17;18;25;32"
"3082","431419df-4bd1-5224-9d79-23be92298836","两种伪善","2021-09-09","责任与后果;成本与总账;心理与主体","02;03;08;10;12;14;17;18"
"3083","4c7b89c8-50ad-57e4-813d-079e9a2caab0","最终困难","2021-09-09","选择与自由;责任与后果;信用与信任;边界与许可;照料与家庭;权力与异议;心理与主体","02;03;04;05;06;07;08;10;12;14;16;17;18"
"3084","4ea06b32-0918-58de-9e0f-a1cd877b69af","膝盖的目的","2021-09-09","事实与证据;定义与达意;能力与学习;选择与自由;责任与后果;劳动与组织;心理与主体;性别与身体","02;03;05;06;07;08;09;10;12;13;14;16;17;18"
"3085","7b72a9f0-61e2-563d-8d25-2a5788f6fe88","反恐","2021-09-09","事实与证据;定义与达意;成本与总账;爱与回应;边界与许可","03;04;05;08;09;10;12;14;16;17;18"
"3086","4fb2efbb-9757-5049-bc9c-8dca10f4383a","世故","2021-09-09","事实与证据;能力与学习;选择与自由;责任与后果;成本与总账;技术与工程","02;03;07;08;09;10;12;13;16;17;18;32;33"
"3087","d6cfe09b-09c8-5fa2-9ef9-b4fd1578eabf","富得不幸福","2021-09-08","责任与后果;成本与总账;财富与市场;心理与主体","02;03;08;10;12;13;14;17;18"
"3088","550b55cc-125d-5989-b69b-1d76045f01e6","无知的责任","2021-09-08","能力与学习;选择与自由;责任与后果;成本与总账;爱与回应;法律与秩序;权力与异议","02;03;04;05;07;08;10;12;13;14;16;18"
"3089","3f40373a-5ff6-5034-9545-f2a2ae38d71e","悲欣交集","2021-09-08","能力与学习;责任与后果;成本与总账;心理与主体","02;03;08;10;12;13;14;17;18"
"3090","f2f28830-036c-5c78-b946-6b019938238b","年轻并不好","2021-09-08","定义与达意;能力与学习;选择与自由;权力与异议;心理与主体","02;03;07;08;09;12;13;14;16;17;18"
"3091","1bb8d250-88cf-5ef3-8d94-493059bcaeb0","挖掘隐私","2021-09-07","定义与达意;责任与后果;成本与总账;信用与信任;爱与回应;边界与许可;法律与秩序;权力与异议;心理与主体","02;03;04;05;06;07;08;09;10;12;14;16;17;18"
"3092","4e9df607-c4c2-576b-a9d8-7751f086a094","印刷信息量","2021-09-07","选择与自由;责任与后果;成本与总账;信用与信任;技术与工程","02;03;06;07;10;12;13;16;17;18;32;33"
"3093","3d3248e4-9d92-5f63-8f2f-cf98c71f0727","懂人的事","2021-09-07","定义与达意;能力与学习;选择与自由;成本与总账;照料与家庭;劳动与组织;财富与市场;法律与秩序","02;03;04;05;06;07;08;09;10;12;13;14;16;17;18"
"3094","8bb27ace-41e2-5e1b-9e5f-18c995d423ca","检验信仰的客观标准","2021-09-06","事实与证据;定义与达意;选择与自由;成本与总账;信用与信任;劳动与组织;财富与市场","02;03;06;07;08;09;10;12;13;16;17;18"
"3095","79b4b119-7e6a-527d-a28c-6e9da34b7dde","安慰","2021-09-05","事实与证据;能力与学习;选择与自由;责任与后果;信用与信任;边界与许可;照料与家庭;文明与历史;心理与主体","02;03;04;05;06;07;08;09;10;11;12;13;14;15;16;17;18;31;32;33"
"3096","aede86bf-086d-54f4-9602-774aef4dc5c0","生养众多，遍满地面","2021-09-04","事实与证据;定义与达意;能力与学习;选择与自由;责任与后果;成本与总账;边界与许可;照料与家庭;权力与异议;技术与工程;民族与身份;生态与自然;宗教与自然法","02;03;04;05;07;08;09;10;11;12;13;14;16;17;18;25;27;31;32;33"
"3097","3b709d00-56f3-5df6-90d3-c510a9378cf0","父权","2021-09-04","事实与证据;能力与学习;选择与自由;照料与家庭;劳动与组织;法律与秩序;权力与异议;文明与历史;心理与主体;性别与身体","02;03;04;05;06;07;08;09;10;11;12;13;14;15;16;17;18;31;32;33"
"3098","4ad882da-422d-55ba-b1dd-c23ac17e54ea","拿号去","2021-09-03","能力与学习;责任与后果;信用与信任;爱与回应;净输出与不掠夺;边界与许可;财富与市场;心理与主体","02;03;04;05;06;08;10;12;13;14;16;17;18"
"3099","8513b7e4-494a-5261-ad8a-df720360775f","出于恐惧的仇恨","2021-09-02","事实与证据;选择与自由;成本与总账;爱与回应;法律与秩序;心理与主体","02;03;04;05;07;08;09;10;12;14;16;17;18"
"3100","99e9a036-ccdc-5f7a-aaad-04f51b1a2171","智能终端","2021-09-02","定义与达意;能力与学习;选择与自由;责任与后果;信用与信任;爱与回应;边界与许可;照料与家庭;权力与异议;性别与身体","02;03;04;05;06;07;08;09;10;12;13;14;16;17;18"
"3101","9d2ea40e-1a02-5a09-9d26-bcd7029d4af8","袁世凯","2021-09-01","定义与达意;选择与自由;成本与总账;法律与秩序;权力与异议;文明与历史","02;03;07;09;10;11;12;13;15;16;17;18;31;32;33"
"3102","1677f126-b725-51a2-9dc5-c4cad63f711b","不准参赛","2021-09-01","能力与学习;文明与历史;心理与主体","08;11;13;14;15;17;18;31;32;33"
"3103","ac2d41bb-c9e6-5a3a-be3f-d7bc018cf19a","浮桥","2021-08-31","能力与学习;成本与总账;财富与市场;权力与异议;技术与工程;文明与历史","03;07;08;10;11;12;13;15;17;18;31;32;33"
"3104","e695de01-fda3-5344-9313-72c5131083cb","基督教国家","2021-08-30","事实与证据;定义与达意;能力与学习;选择与自由;边界与许可;劳动与组织;法律与秩序;权力与异议;文明与历史;宗教与自然法","02;03;05;06;07;08;09;10;11;12;13;15;16;17;18;31;32;33"
"3105","e01cd2d8-42c9-527e-b0d5-15c893ca33cb","诛心","2021-08-30","定义与达意;能力与学习;责任与后果;成本与总账;信用与信任;爱与回应;边界与许可;权力与异议","02;03;04;05;06;07;08;09;10;12;13;14;16;17;18"
"3106","f6a8864b-f8ca-5f77-80e7-1e5e88f21e38","忙工作","2021-08-30","选择与自由;责任与后果;成本与总账;爱与回应;照料与家庭;劳动与组织;财富与市场;心理与主体","02;03;04;05;06;07;08;10;12;13;14;16;17;18"
"3107","7826192b-ff12-527c-a3b6-a2a4a7b27947","达尔文公园","2021-08-30","事实与证据;能力与学习;选择与自由;责任与后果;成本与总账;法律与秩序;技术与工程;文明与历史;民族与身份","02;03;07;08;09;10;11;12;13;15;16;17;18;27;31;32;33"
"3108","ccb93643-398b-572c-a79c-4a74516771ed","底层出身","2021-08-30","选择与自由;权力与异议;生态与自然","02;03;07;12;13;16;18;25;32"
"3109","ed26c0bb-1fd9-51f3-80c5-fd5da75f39e7","法庭大忌","2021-08-29","事实与证据;定义与达意;成本与总账;法律与秩序;权力与异议","03;07;08;09;10;12;17;18"
"3110","3e1440d2-e16d-5280-9726-8879567b511b","不合理权","2021-08-29","事实与证据;能力与学习;选择与自由;责任与后果;成本与总账;信用与信任;爱与回应;边界与许可;劳动与组织;财富与市场;法律与秩序;权力与异议;性别与身体;宗教与自然法","02;03;04;05;06;07;08;09;10;11;12;13;14;16;17;18"
"3111","9ca1b90b-93fc-57ef-8f8d-d7da13257d13","存在权","2021-08-29","能力与学习;选择与自由;责任与后果;边界与许可;心理与主体","02;03;05;07;08;10;12;13;14;16;17;18"
"3112","553e9af8-5af0-5294-a38d-ddb46dd38ebb","在意讨厌","2021-08-29","定义与达意;能力与学习;选择与自由;责任与后果;爱与回应;法律与秩序;性别与身体","02;03;04;05;07;08;09;10;12;13;14;16;17;18"
"3113","77072e5c-c21e-53e8-8b6b-17c83ca7dbf6","只对我忠心","2021-08-29","能力与学习;选择与自由;责任与后果;成本与总账;边界与许可;劳动与组织;法律与秩序;权力与异议;技术与工程;文明与历史;心理与主体;宗教与自然法","02;03;05;06;07;08;10;11;12;13;14;15;16;17;18;31;32;33"
"3114","c2dbbc23-bb5b-58ce-9948-f91e80163242","玻璃房子","2021-08-29","事实与证据;选择与自由;成本与总账;生态与自然;心理与主体","02;03;07;08;09;10;13;14;16;17;18;25;32"
"3115","c5354fb0-7345-5864-8522-2c0cfdad3c2e","战马阉割","2021-08-28","定义与达意;文明与历史;生态与自然","09;11;13;15;17;25;31;32;33"
"3116","d78d5ed7-ee55-5e51-b964-54a93c64df8c","进化心理学","2021-08-28","能力与学习;选择与自由;成本与总账;爱与回应;照料与家庭;财富与市场;权力与异议;技术与工程;文明与历史;心理与主体;性别与身体","02;03;04;05;07;08;10;11;12;13;14;15;16;17;18;31;32;33"
"3117","69aff58c-5672-5cc6-a46f-343f993f0747","还魂丹","2021-08-28","能力与学习;责任与后果;劳动与组织;文明与历史;性别与身体","02;03;05;06;08;10;11;12;13;14;15;16;18;31;32;33"
"3118","4f217c11-7ebd-5bd5-a797-16e28293f8f4","明亡实存","2021-08-28","事实与证据;选择与自由;成本与总账;法律与秩序;权力与异议;技术与工程;文明与历史;民族与身份","02;03;07;08;09;10;11;12;13;15;16;17;18;27;31;32;33"
"3119","4f72f4a3-33d7-55fe-aa4d-300850062184","恐怖主义","2021-08-27","定义与达意;责任与后果;爱与回应;边界与许可;法律与秩序;文明与历史","02;03;04;05;07;09;10;11;12;13;14;15;16;17;18;31;32;33"
"3120","45bd75cf-1aac-5c9b-be05-4c4532675144","女武者","2021-08-27","事实与证据;能力与学习;选择与自由;责任与后果;成本与总账;照料与家庭;技术与工程;文明与历史;心理与主体;性别与身体","02;03;04;05;07;08;09;10;11;12;13;14;15;16;17;18;31;32;33"
"3121","62291377-1569-554e-8588-16631e5fa723","商业歧视","2021-08-27","定义与达意;选择与自由;责任与后果;成本与总账;爱与回应;边界与许可;财富与市场;法律与秩序;民族与身份;心理与主体","02;03;04;05;07;08;09;10;12;13;14;16;17;18;27;31"
"3122","409ca1ad-035c-5955-a2e5-85e41f273d67","举报","2021-08-26","事实与证据;选择与自由;责任与后果;成本与总账;边界与许可;法律与秩序","02;03;05;07;08;09;10;12;16;17;18"
"3123","539ce0f5-875a-5e13-977b-49be099b6459","删评权","2021-08-26","定义与达意;能力与学习;选择与自由;责任与后果;成本与总账;边界与许可;法律与秩序;权力与异议;技术与工程","02;03;05;07;08;09;10;12;13;16;17;18;32;33"
"3124","c2038ba6-3f8d-5cb4-9d84-2e5667316198","渣起来","2021-08-24","事实与证据;选择与自由;责任与后果;成本与总账;爱与回应;净输出与不掠夺;照料与家庭;财富与市场;法律与秩序;权力与异议;心理与主体","02;03;04;05;07;08;09;10;12;13;14;16;17;18"
"3125","5fcaadb8-9bba-5d43-9f03-0c374dfc9729","农村的未来","2021-08-24","定义与达意;能力与学习;选择与自由;成本与总账;财富与市场;法律与秩序;权力与异议;技术与工程;文明与历史;民族与身份;生态与自然;心理与主体","02;03;07;08;09;10;11;12;13;14;15;16;17;18;25;27;31;32;33"
"3126","16440a52-2cc5-5dc6-be62-678a92101ba1","殖民地","2021-08-24","定义与达意;能力与学习;成本与总账;劳动与组织;法律与秩序;权力与异议;民族与身份","03;06;07;08;09;10;12;13;17;18;27;31"
"3127","2d788a0a-e49d-57c2-898e-a8c4510e07cc","残忍","2021-08-24","事实与证据;能力与学习;选择与自由;责任与后果;成本与总账;信用与信任;爱与回应;权力与异议;心理与主体","02;03;04;05;06;07;08;09;10;12;13;14;16;17;18"
"3128","049ac2a7-fd8b-5c5c-b78c-1133cbd4c75e","人才流失","2021-08-24","能力与学习;成本与总账;劳动与组织;法律与秩序;权力与异议;技术与工程;文明与历史;生态与自然;心理与主体;性别与身体","03;05;06;07;08;10;11;12;13;14;15;16;17;18;25;31;32;33"
"3129","fcbdb21e-dcc6-5d9c-a409-879b28c534fa","分寸感","2021-08-23","定义与达意;能力与学习;边界与许可;技术与工程","05;08;09;12;13;16;17;18;32;33"
"3130","00294405-825d-5392-b1c5-e0a14c3fdc3e","弹性距离","2021-08-23","选择与自由;责任与后果;爱与回应;边界与许可","02;03;04;05;07;10;12;14;16;18"
"3131","e6e1f5ac-c602-5de9-8494-c0736c2a4c90","老板及格线","2021-08-22","事实与证据;定义与达意;能力与学习;成本与总账;财富与市场;法律与秩序","03;07;08;09;10;12;13;17;18"
"3132","5a919a8b-f17c-5cf5-9d12-b74249f8845b","喜欢哲学","2021-08-20","定义与达意;选择与自由;爱与回应;权力与异议;性别与身体","02;03;04;05;07;09;12;14;16;17;18"
"3133","84c0c7b5-5151-50bd-b68c-8e7157080109","拜物癖","2021-08-19","定义与达意;能力与学习;爱与回应;财富与市场;权力与异议;生态与自然;性别与身体","03;04;05;07;08;09;10;12;13;14;16;17;18;25;32"
"3134","66917df2-05fa-51f8-a776-1e5959ebcd2d","奇葩法","2021-08-18","选择与自由;责任与后果;法律与秩序","02;03;07;10;12;16;18"
"3135","55c1023d-2fa3-5c8b-b389-42714b09ee16","高粘液体","2021-08-18","事实与证据;定义与达意;能力与学习;选择与自由;责任与后果;边界与许可","02;03;05;07;08;09;10;12;13;16;17;18"
"3136","0e4b0837-bf37-58fa-8a6c-db65d160463a","闲聊协议","2021-08-18","选择与自由;成本与总账;信用与信任;爱与回应;边界与许可;权力与异议;技术与工程","02;03;04;05;06;07;10;12;13;14;16;17;18;32;33"
"3137","ab248d79-188c-5a17-a07b-e246f7cd66d6","对待讨厌的人","2021-08-18","能力与学习;责任与后果;成本与总账;净输出与不掠夺;边界与许可;劳动与组织","02;03;05;06;08;10;12;13;16;18"
"3138","9ad583ec-6558-57de-97e6-0697183f978d","谁的责任","2021-08-18","定义与达意;能力与学习;选择与自由;责任与后果;成本与总账;边界与许可;技术与工程;心理与主体","02;03;05;07;08;09;10;12;13;14;16;17;18;32;33"
"3139","ec8a140e-5a8b-5ca5-8f14-14ca8bc70988","高估","2021-08-17","事实与证据;定义与达意;能力与学习;选择与自由;成本与总账;劳动与组织;财富与市场;技术与工程","02;03;06;07;08;09;10;13;16;17;18;32;33"
"3140","4402a57c-6f3f-5969-9ef3-09094bf5ec28","公权力","2021-08-16","能力与学习;责任与后果;成本与总账;劳动与组织;法律与秩序;权力与异议;生态与自然;心理与主体","02;03;06;07;08;10;12;13;14;17;18;25;32"
"3141","aa51d03b-f9f9-5da8-97b2-37ee86b68cdd","欣赏","2021-08-15","定义与达意;能力与学习;选择与自由;责任与后果;成本与总账;心理与主体;性别与身体","02;03;05;07;08;09;10;12;13;14;16;17;18"
"3142","9a9cc8fa-1fed-5d17-9443-f15488b73654","大男子主义","2021-08-15","定义与达意;能力与学习;选择与自由;责任与后果;成本与总账;爱与回应;法律与秩序;权力与异议;文明与历史;心理与主体;性别与身体","02;03;04;05;07;08;09;10;11;12;13;14;15;16;17;18;31;32;33"
"3143","0cead9dc-2c0c-5dc2-a0fb-a2f4ca21bdaa","人人都像你这样","2021-08-14","定义与达意;责任与后果;成本与总账;边界与许可;劳动与组织","02;03;05;06;09;10;12;13;16;17;18"
"3144","3f858799-5fda-5e26-9e08-46a21b6cc22f","胆小莫入","2021-08-13","事实与证据;定义与达意;能力与学习;责任与后果;成本与总账;边界与许可;心理与主体;宗教与自然法","02;03;05;07;08;09;10;11;12;13;14;16;17;18"
"3145","4910df0d-14a5-5898-b0d1-25f9ab11929f","作","2021-08-13","事实与证据;选择与自由;责任与后果;成本与总账;爱与回应;照料与家庭;技术与工程;心理与主体;性别与身体","02;03;04;05;07;08;09;10;12;13;14;16;17;18;32;33"
"3146","7a1c8188-ae03-5b9b-8e40-5d457a247736","勿处实祸","2021-08-13","定义与达意;责任与后果;成本与总账;法律与秩序;技术与工程;文明与历史;心理与主体","02;03;07;08;09;10;11;12;13;14;15;17;18;31;32;33"
"3147","5eb6615d-3018-5ca0-bbe7-35b92e96888d","伊于胡底","2021-08-12","选择与自由;责任与后果;信用与信任;法律与秩序;技术与工程;文明与历史;生态与自然;宗教与自然法","02;03;06;07;10;11;12;13;15;16;17;18;25;31;32;33"
"3148","b21788a5-33f3-5722-96d6-9a822c440d4a","三合一","2021-08-12","能力与学习;责任与后果;财富与市场;权力与异议;技术与工程;文明与历史;心理与主体","02;03;07;08;10;11;12;13;14;15;17;18;31;32;33"
"3149","0d240675-d5cd-543d-bb03-85da63324dae","花名","2021-08-11","定义与达意;责任与后果;成本与总账;边界与许可;照料与家庭;劳动与组织;文明与历史","02;03;04;05;06;09;10;11;12;13;14;15;16;17;18;31;32;33"
"3150","8a1a3b58-a9b9-52ae-b499-b46d524c633e","责打教育","2021-08-11","事实与证据;能力与学习;选择与自由;成本与总账;边界与许可;权力与异议;技术与工程;文明与历史","02;03;05;07;08;09;10;11;12;13;15;16;17;18;31;32;33"
"3151","7929b4f3-534d-57b5-87f9-1790a8490f50","无爱信仰","2021-08-11","事实与证据;选择与自由;责任与后果;爱与回应;法律与秩序;权力与异议;人工智能与机器;心理与主体","02;03;04;05;07;08;09;10;12;13;14;16;17;18;28;29;33"
"3152","57146303-1714-5d24-b18f-8643040174f8","星星","2021-08-11","事实与证据;能力与学习;选择与自由;信用与信任;爱与回应;心理与主体","02;03;04;05;06;07;08;09;12;13;14;16;17;18"
"3153","f3ba3d75-eb6f-5607-96a3-9dda01573743","艺术文凭","2021-08-10","能力与学习;选择与自由;财富与市场;权力与异议;技术与工程","02;03;07;08;10;12;13;16;17;18;32;33"
"3154","d2f3064b-56f3-5a3c-b406-ae1cd45c33a4","防不胜防","2021-08-10","定义与达意;能力与学习;选择与自由;责任与后果;成本与总账;法律与秩序","02;03;07;08;09;10;12;13;16;17;18"
"3155","2e00d65d-864a-527e-97cd-153f7fa83423","你肯吗","2021-08-09","定义与达意;能力与学习;选择与自由;责任与后果;成本与总账;照料与家庭;财富与市场;法律与秩序;技术与工程;心理与主体","02;03;04;05;07;08;09;10;12;13;14;16;17;18;32;33"
"3156","1f923412-431e-5084-8b7f-f1dc8f37b798","差不多得了","2021-08-09","事实与证据;选择与自由;责任与后果;边界与许可;劳动与组织;法律与秩序;权力与异议;心理与主体","02;03;05;06;07;08;09;10;12;13;14;16;17;18"
"3157","b2630e91-67a2-5261-9305-bf4929f7a7e3","制造业空心化","2021-08-09","能力与学习;成本与总账;劳动与组织;财富与市场;法律与秩序;技术与工程;文明与历史;人工智能与机器","03;06;07;08;10;11;12;13;15;17;18;28;29;31;32;33"
"3158","3faceb30-00f5-5aab-a573-1ba301ee8cd9","戒阴阳怪气","2021-08-09","事实与证据;定义与达意;选择与自由;责任与后果;成本与总账;信用与信任;爱与回应;边界与许可;财富与市场;技术与工程;文明与历史;心理与主体","02;03;04;05;06;07;08;09;10;11;12;13;14;15;16;17;18;31;32;33"
"3159","c95ffe05-ebca-59b3-a651-e75b956f5621","咋知道的","2021-08-09","事实与证据;责任与后果;信用与信任;文明与历史;心理与主体","02;03;06;08;09;10;11;12;13;14;15;17;18;31;32;33"
"3160","c65452d8-05d5-58c6-a5a0-e876d48f23a3","反驳","2021-08-08","定义与达意;能力与学习;选择与自由;责任与后果;成本与总账;信用与信任;边界与许可;照料与家庭;技术与工程","02;03;04;05;06;07;08;09;10;12;13;14;16;17;18;32;33"
"3161","c0c52435-7313-5b7c-98b9-738beba1090b","以弱悯强","2021-08-08","定义与达意;能力与学习;选择与自由;责任与后果;成本与总账;爱与回应;边界与许可;劳动与组织;法律与秩序;权力与异议;心理与主体;宗教与自然法","02;03;04;05;06;07;08;09;10;11;12;13;14;16;17;18"
"3162","55a82f12-54a5-505b-a4f9-82964bcd06c5","空放","2021-08-07","能力与学习;选择与自由;责任与后果;成本与总账;边界与许可;技术与工程","02;03;05;07;08;10;12;13;16;17;18;32;33"
"3163","ba2e7e19-1fb5-5481-8c3e-4f67398466fe","语不及私","2021-08-06","事实与证据;能力与学习;责任与后果;成本与总账;信用与信任;边界与许可;财富与市场;法律与秩序;宗教与自然法","02;03;05;06;07;08;09;10;11;12;13;16;17;18"
"3164","e367d176-8814-5648-9207-a3a61c963f90","静气","2021-08-06","定义与达意;选择与自由;责任与后果;成本与总账;信用与信任;心理与主体","02;03;06;07;08;09;10;12;14;16;17;18"
"3165","187c3d69-0285-556e-a304-def1545e6292","反刍痛苦","2021-08-05","定义与达意;选择与自由;成本与总账;心理与主体","02;03;07;08;09;10;14;16;17;18"
"3166","0d2f3f3d-098e-5c75-9c77-ccf38f35dff6","想好再干","2021-08-05","定义与达意;能力与学习;选择与自由;成本与总账;信用与信任;边界与许可;劳动与组织;财富与市场;法律与秩序;技术与工程;宗教与自然法","02;03;05;06;07;08;09;10;11;12;13;16;17;18;32;33"
"3167","38718990-bb81-545c-a871-3905873a56a4","你有问题还是我有问题","2021-08-03","定义与达意;能力与学习;选择与自由;责任与后果;爱与回应;边界与许可;照料与家庭;权力与异议;心理与主体","02;03;04;05;07;08;09;10;12;13;14;16;17;18"
"3168","fb5d39a5-d86c-5856-8e00-9c21dd2ce2b2","穷吗你","2021-08-02","事实与证据;能力与学习;成本与总账;信用与信任;财富与市场;文明与历史;心理与主体","03;06;08;09;10;11;12;13;14;15;17;18;31;32;33"
"3169","deb01db8-4255-5012-8a21-e4594a98dd43","香料","2021-08-02","事实与证据;能力与学习;成本与总账;爱与回应;法律与秩序;文明与历史;生态与自然;性别与身体","03;04;05;07;08;09;10;11;12;13;14;15;16;17;18;25;31;32;33"
"3170","525ef1d9-b14d-5532-a015-aacbdde26dc0","民族种族","2021-08-01","能力与学习;选择与自由;边界与许可;法律与秩序;权力与异议;民族与身份","02;03;05;07;08;12;13;16;18;27;31"
"3171","4cd7ff75-0a42-5ff0-8669-56f9ed483a68","耽误了五六年","2021-08-01","定义与达意;能力与学习;成本与总账;劳动与组织;财富与市场;权力与异议;心理与主体","03;06;07;08;09;10;12;13;14;17;18"
"3172","01008cb7-e4fa-57cc-a8d5-552f257050a9","教育的及格线","2021-07-31","能力与学习;选择与自由;照料与家庭","02;04;05;07;08;13;14;16;18"
"3173","08c8a488-4dfc-510a-baa5-0db0ffec8418","实质进展","2021-07-31","定义与达意;能力与学习;选择与自由;责任与后果;成本与总账;财富与市场;法律与秩序;权力与异议;文明与历史;心理与主体;性别与身体;宗教与自然法","02;03;05;07;08;09;10;11;12;13;14;15;16;17;18;31;32;33"
"3174","484c753b-373e-53b7-895e-19c4361d659a","政治的科学","2021-07-28","事实与证据;能力与学习;选择与自由;责任与后果;信用与信任;技术与工程","02;03;06;07;08;09;10;12;13;16;17;18;32;33"
"3175","ad556f54-6be5-5da3-ae98-0591d1ff359a","资本家2","2021-07-27","定义与达意;能力与学习;责任与后果;成本与总账;劳动与组织;财富与市场;权力与异议;文明与历史","02;03;06;07;08;09;10;11;12;13;15;17;18;31;32;33"
"3176","9820f2c8-0014-5b66-a019-31cf85b3e082","吃喝嫖赌","2021-07-27","选择与自由;责任与后果;成本与总账;信用与信任;照料与家庭;财富与市场;权力与异议;技术与工程;心理与主体","02;03;04;05;06;07;08;10;12;13;14;16;17;18;32;33"
"3177","ee657bec-2d6a-5259-b88b-d9391f85310a","咄咄逼人","2021-07-27","事实与证据;能力与学习;选择与自由;成本与总账;爱与回应;财富与市场;法律与秩序;心理与主体","02;03;04;05;07;08;09;10;12;13;14;16;17;18"
"3178","5a49c3ea-822e-5e88-9b69-b28345b46506","道德绑架","2021-07-26","定义与达意;能力与学习;选择与自由;责任与后果;成本与总账;信用与信任;边界与许可;法律与秩序;权力与异议","02;03;05;06;07;08;09;10;12;13;16;17;18"
"3179","d51ccb8e-f94b-55a0-a5d7-7c1b4f4cf0b2","求之不得","2021-07-26","事实与证据;定义与达意;选择与自由;责任与后果;爱与回应;净输出与不掠夺;边界与许可;权力与异议;心理与主体;宗教与自然法","02;03;04;05;07;08;09;10;11;12;14;16;17;18"
"3180","a4a9a8da-4f77-57ee-b1b9-c34a55417aea","气候异常时代","2021-07-25","能力与学习;选择与自由;责任与后果;成本与总账;劳动与组织;法律与秩序;技术与工程;文明与历史;生态与自然;宗教与自然法","02;03;06;07;08;10;11;12;13;15;16;17;18;25;31;32;33"
"3181","6dfcec2b-d201-5593-a38b-3a010adf24b3","奥运会的非体育意义","2021-07-25","事实与证据;技术与工程;心理与主体","08;09;13;14;17;18;32;33"
"3182","9b6db870-bac2-5741-b015-bd793dcd6dbe","不羡慕","2021-07-23","成本与总账;技术与工程;文明与历史","03;10;11;13;15;17;18;31;32;33"
"3183","070114cf-f03d-57ac-aabc-21d9fd39338b","有困难就说","2021-07-23","定义与达意;能力与学习;选择与自由;责任与后果;成本与总账;信用与信任;边界与许可;劳动与组织;权力与异议;文明与历史","02;03;05;06;07;08;09;10;11;12;13;15;16;17;18;31;32;33"
"3184","fce48779-91af-510f-865f-1ae42a0dc5c4","时候不到","2021-07-22","选择与自由;责任与后果;成本与总账","02;03;07;10;12;16;18"
"3185","07201aed-fdfd-5382-9f71-a5d4f57b2267","纠缠不休","2021-07-21","定义与达意;能力与学习;选择与自由;责任与后果;成本与总账;信用与信任;爱与回应;净输出与不掠夺;边界与许可;法律与秩序;权力与异议;心理与主体","02;03;04;05;06;07;08;09;10;12;13;14;16;17;18"
"3186","f8471980-73db-5c29-888e-9771d0e519ad","性道德","2021-07-20","定义与达意;能力与学习;选择与自由;责任与后果;爱与回应;边界与许可;财富与市场","02;03;04;05;07;08;09;10;12;13;14;16;17;18"
"3187","f534cae7-d7bd-5019-bad9-ed656cdbbf22","中国人的全球化","2021-07-20","能力与学习;成本与总账;劳动与组织;财富与市场;法律与秩序;权力与异议;文明与历史;民族与身份","03;06;07;08;10;11;12;13;15;18;27;31;32;33"
"3188","6535a8f8-39fa-5a14-9d6c-afb3b7d8ba50","消除歧视","2021-07-20","事实与证据;定义与达意;能力与学习;选择与自由;责任与后果;爱与回应;法律与秩序;权力与异议;心理与主体;性别与身体;宗教与自然法","02;03;04;05;07;08;09;10;11;12;13;14;16;17;18"
"3189","d2aef57e-db77-54d9-8794-9973d0c73c56","真的自愿","2021-07-20","能力与学习;选择与自由;责任与后果;信用与信任;爱与回应;边界与许可;财富与市场","02;03;04;05;06;07;08;10;12;13;14;16;18"
"3190","5975f347-bec3-5988-b80b-8ff6bc3bb361","团结","2021-07-20","责任与后果;成本与总账;爱与回应;边界与许可;劳动与组织;法律与秩序","02;03;04;05;06;07;10;12;13;14;16;18"
"3191","9b7dc2d2-05af-5b23-b344-b1acfeb24c0c","爱怕了","2021-07-19","定义与达意;选择与自由;责任与后果;成本与总账;爱与回应;法律与秩序","02;03;04;05;07;09;10;12;14;16;17;18"
"3192","589496e2-1538-5d4d-a132-42730486c25f","第一毒","2021-07-19","事实与证据;能力与学习;选择与自由;责任与后果;成本与总账;信用与信任;爱与回应;法律与秩序;技术与工程;性别与身体;宗教与自然法","02;03;04;05;06;07;08;09;10;11;12;13;14;16;17;18;32;33"
"3193","b5744f29-b95b-5ab0-abb3-e62f8d8d0dac","小县城的未来","2021-07-19","能力与学习;选择与自由;成本与总账;财富与市场;法律与秩序;权力与异议;技术与工程;人工智能与机器","02;03;07;08;10;12;13;16;17;18;28;29;32;33"
"3194","f4e45ae2-7ecb-5920-ad1b-d924396a1526","偶像这种毒","2021-07-19","事实与证据;选择与自由;责任与后果;成本与总账;爱与回应;法律与秩序;权力与异议;技术与工程;宗教与自然法","02;03;04;05;07;08;09;10;11;12;13;14;16;17;18;32;33"
"3195","85ee0565-2d16-566b-affb-8319e018eb62","长时间保持理性","2021-07-18","能力与学习;选择与自由;责任与后果;成本与总账;爱与回应;照料与家庭;劳动与组织;生态与自然","02;03;04;05;06;07;08;10;12;13;14;16;18;25;32"
"3196","550d38d4-31b2-56d8-bc6e-8699b1cdbcb6","烦躁","2021-07-18","能力与学习;选择与自由;成本与总账;爱与回应;边界与许可;照料与家庭;劳动与组织;法律与秩序;权力与异议;技术与工程;心理与主体;性别与身体","02;03;04;05;06;07;08;10;12;13;14;16;17;18;32;33"
"3197","12027641-d5f4-522c-801e-696c88b7e0fd","真实的颜值","2021-07-18","心理与主体","08;14;17;18"
"3198","a876ad35-7464-5ae0-a820-c44792812c90","帝国坟场","2021-07-17","事实与证据","08;09;17"
"3199","1912d46a-869f-5f2f-9e8a-4dd70c66adee","别想骗我","2021-07-17","定义与达意;选择与自由;责任与后果;成本与总账;爱与回应;边界与许可;照料与家庭;文明与历史","02;03;04;05;07;09;10;11;12;13;14;15;16;17;18;31;32;33"
"3200","1cf4e727-d21a-5884-9f17-644f8370721e","破坏文物","2021-07-16","选择与自由;法律与秩序;文明与历史;心理与主体;宗教与自然法","02;07;08;11;12;13;14;15;16;17;18;31;32;33"
"3201","91ee65f7-c203-546b-87eb-88aa7a2d45f6","所谓民族","2021-07-16","事实与证据;定义与达意;法律与秩序;技术与工程;文明与历史;民族与身份;生态与自然;心理与主体;宗教与自然法","07;08;09;11;12;13;14;15;17;18;25;27;31;32;33"
"3202","2767684f-cc61-510c-9ac0-817e3e9ca70f","爱无筹码","2021-07-15","选择与自由;责任与后果;成本与总账;爱与回应;净输出与不掠夺;边界与许可;照料与家庭;财富与市场","02;03;04;05;07;10;12;13;14;16;18"
"3203","11f2ffba-a3da-5186-ac76-01a3afffe0b7","高管写代码","2021-07-14","定义与达意;选择与自由;责任与后果;成本与总账;劳动与组织;技术与工程","02;03;06;07;09;10;12;13;16;17;18;32;33"
"3204","74ec1c2d-709a-5b65-8815-75ef6787e1aa","举家之力","2021-07-14","定义与达意;选择与自由;责任与后果;成本与总账;信用与信任;净输出与不掠夺;边界与许可;照料与家庭;财富与市场;权力与异议","02;03;04;05;06;07;09;10;12;13;14;16;17;18"
"3205","8bb20447-03d0-5a1c-85c3-8dec881a9584","怨憎会","2021-07-14","定义与达意;能力与学习;选择与自由;责任与后果;成本与总账;照料与家庭;劳动与组织;心理与主体","02;03;04;05;06;07;08;09;10;12;13;14;16;17;18"
"3206","8f6c9025-0c52-5fcc-a5d7-de073f5f9a69","不宜久留","2021-07-14","能力与学习;责任与后果;成本与总账;边界与许可;劳动与组织;法律与秩序;技术与工程;文明与历史;民族与身份;心理与主体","02;03;05;06;07;08;10;11;12;13;14;15;16;17;18;27;31;32;33"
"3207","9dc3b9d2-a245-5444-9493-3bbcf8c32e39","生离死别","2021-07-12","定义与达意;选择与自由;成本与总账;边界与许可;权力与异议;心理与主体","02;03;05;07;08;09;10;12;14;16;17;18"
"3208","8d1ecb37-e81a-5e1c-b4d2-fe66a69f0710","两轮竞争","2021-07-12","能力与学习;选择与自由;成本与总账;信用与信任;照料与家庭;劳动与组织;财富与市场;权力与异议;文明与历史;生态与自然;心理与主体","02;03;04;05;06;07;08;10;11;12;13;14;15;16;17;18;25;31;32;33"
"3209","2ee824b2-0d59-52da-8649-ce98d242e383","成功药","2021-07-11","财富与市场;法律与秩序;文明与历史;心理与主体","03;07;08;10;11;12;13;14;15;17;18;31;32;33"
"3210","b1d5e392-8cc6-56bb-900a-b542645a126a","可信标准","2021-07-11","事实与证据;定义与达意;责任与后果;成本与总账;信用与信任;爱与回应","02;03;04;05;06;08;09;10;12;14;16;17;18"
"3211","ee36d234-5f48-5021-98d7-d9be1bb38949","政策干预劳动定价","2021-07-10","定义与达意;能力与学习;选择与自由;责任与后果;成本与总账;边界与许可;劳动与组织;财富与市场;法律与秩序;技术与工程;民族与身份","02;03;05;06;07;08;09;10;12;13;16;17;18;27;31;32;33"
"3212","2d033768-8886-500e-8f11-f60fa6f5c7f3","齐齐整整","2021-07-10","能力与学习;成本与总账;边界与许可;法律与秩序;技术与工程;文明与历史","03;05;07;08;10;11;12;13;15;16;17;18;31;32;33"
"3213","b8b335c7-0fca-5d89-b100-10e0a0dd36dd","指挥加班","2021-07-08","选择与自由;责任与后果;信用与信任;净输出与不掠夺;边界与许可;劳动与组织;财富与市场;法律与秩序;技术与工程","02;03;05;06;07;10;12;13;16;17;18;32;33"
"3214","254474b3-8e21-5b51-b5ca-d69122124e58","现代性","2021-07-08","定义与达意;选择与自由;权力与异议;文明与历史","02;03;07;09;11;12;13;15;16;17;18;31;32;33"
"3215","efaddd0a-a2cd-535b-9e3f-e8c26cc71d79","知我苦","2021-07-08","定义与达意;能力与学习;责任与后果;成本与总账;爱与回应;边界与许可;心理与主体","02;03;04;05;08;09;10;12;13;14;16;17;18"
"3216","38f8ab69-d9b4-50e2-9d40-155d08436268","认错","2021-07-08","定义与达意;能力与学习;选择与自由;责任与后果;成本与总账;信用与信任;爱与回应;照料与家庭;劳动与组织;法律与秩序;权力与异议;心理与主体","02;03;04;05;06;07;08;09;10;12;13;14;16;17;18"
"3217","462c1386-bc04-5277-b654-2f78e307509e","真正的xx论者","2021-07-08","定义与达意;能力与学习;选择与自由;责任与后果;成本与总账;信用与信任;爱与回应;照料与家庭;心理与主体;宗教与自然法","02;03;04;05;06;07;08;09;10;11;12;13;14;16;17;18"
"3218","2d01ce4c-3faf-5109-a883-5a8f91ef4311","情感挽回大师","2021-07-07","事实与证据;定义与达意;能力与学习;选择与自由;责任与后果;成本与总账;爱与回应;技术与工程","02;03;04;05;07;08;09;10;12;13;14;16;17;18;32;33"
"3219","0d8a4deb-f301-52bb-aca5-971a9deb5ef8","物化","2021-07-06","定义与达意;能力与学习;选择与自由;成本与总账;边界与许可;劳动与组织;财富与市场;民族与身份;生态与自然","02;03;05;06;07;08;09;10;12;13;16;17;18;25;27;31;32"
"3220","43a31d80-d598-5ef7-9f10-68cfdd16e9d1","书法","2021-07-06","定义与达意;能力与学习;选择与自由;责任与后果;技术与工程;文明与历史;宗教与自然法","02;03;07;08;09;10;11;12;13;15;16;17;18;31;32;33"
"3221","3e952728-2d95-553b-a378-44c50203c977","抚养费","2021-07-06","事实与证据;能力与学习;责任与后果;成本与总账;信用与信任;照料与家庭;法律与秩序","02;03;04;05;06;07;08;09;10;12;13;14;16;17;18"
"3222","25733bb8-e212-5124-a8db-c2175c87ae59","所谓国籍","2021-07-06","事实与证据;定义与达意;选择与自由;责任与后果;爱与回应;边界与许可;法律与秩序;文明与历史;民族与身份;心理与主体","02;03;04;05;07;08;09;10;11;12;13;14;15;16;17;18;27;31;32;33"
"3223","1712fca1-4745-5cb9-9d99-d593bba60eed","少小离家老大回","2021-07-05","能力与学习;选择与自由;成本与总账;照料与家庭;劳动与组织;权力与异议;生态与自然;心理与主体;性别与身体","02;03;04;05;06;07;08;10;12;13;14;16;17;18;25;32"
"3224","886407d1-54bc-58bb-86ef-7b68c60a19fc","着色","2021-07-05","事实与证据","08;09;17"
"3225","82fc8db2-af0e-5016-8669-acc3e9b1b479","老公不挣钱","2021-07-04","事实与证据;选择与自由;责任与后果;成本与总账;爱与回应;边界与许可;照料与家庭;财富与市场;技术与工程","02;03;04;05;07;08;09;10;12;13;14;16;17;18;32;33"
"3226","32899ea5-e149-5a04-aeda-2dd2cab5f8b9","乱伦","2021-07-04","事实与证据;定义与达意;能力与学习;选择与自由;责任与后果;成本与总账;照料与家庭;法律与秩序;权力与异议;技术与工程;心理与主体;性别与身体","02;03;04;05;07;08;09;10;12;13;14;16;17;18;32;33"
"3227","f62f4ebd-249a-571a-b367-0615c630db31","离婚要事","2021-07-03","事实与证据;定义与达意;能力与学习;责任与后果;成本与总账;爱与回应;照料与家庭;财富与市场;心理与主体","02;03;04;05;08;09;10;12;13;14;16;17;18"
"3228","be02afb0-39c0-5464-987e-5934058b81c9","制造业灵魂","2021-07-02","能力与学习;选择与自由;成本与总账;劳动与组织;财富与市场;权力与异议;技术与工程;人工智能与机器","02;03;06;07;08;10;12;13;16;17;18;28;29;32;33"
"3229","18edc2ce-56f5-5c5b-83d9-fd0c195572db","注定","2021-07-02","选择与自由;责任与后果;成本与总账;信用与信任;技术与工程;心理与主体","02;03;06;07;08;10;12;13;14;16;17;18;32;33"
"3230","da74a535-b2fc-5969-97ad-1ea92207acc9","教教我","2021-07-02","定义与达意;能力与学习;选择与自由;责任与后果;成本与总账;信用与信任;劳动与组织;财富与市场;心理与主体","02;03;06;07;08;09;10;12;13;14;16;17;18"
"3231","1183c0b8-f614-5f91-8a0c-9e4eb6688208","咨询师","2021-07-01","能力与学习;责任与后果;成本与总账;爱与回应;边界与许可;照料与家庭;权力与异议;心理与主体;宗教与自然法","02;03;04;05;07;08;10;11;12;13;14;16;17;18"
"3232","5b7b1e76-8ba5-5979-a471-53abbda25ce8","疯王","2021-06-30","能力与学习;责任与后果;成本与总账;劳动与组织;财富与市场;法律与秩序;技术与工程;文明与历史","02;03;06;07;08;10;11;12;13;15;17;18;31;32;33"
"3233","fb1ca394-8597-5186-b6d6-53d950893a84","仇日","2021-06-30","定义与达意;能力与学习;选择与自由;责任与后果;爱与回应;法律与秩序;民族与身份;心理与主体","02;03;04;05;07;08;09;10;12;13;14;16;17;18;27;31"
"3234","46e8cdb3-b54a-5fb7-ac92-ad6f579b996d","FURY","2021-06-29","能力与学习;责任与后果;成本与总账;边界与许可;劳动与组织;财富与市场;权力与异议;文明与历史;民族与身份;心理与主体","02;03;05;06;07;08;10;11;12;13;14;15;16;17;18;27;31;32;33"
"3235","b390a978-8621-5416-ab77-bb6d8ed03ef8","穿裙子的儿子","2021-06-28","定义与达意;能力与学习;选择与自由;责任与后果;成本与总账;爱与回应;照料与家庭;财富与市场;技术与工程;心理与主体","02;03;04;05;07;08;09;10;12;13;14;16;17;18;32;33"
"3236","a9d8fd89-8e56-575a-b5bf-62e339db2c83","UFO","2021-06-27","事实与证据;能力与学习;责任与后果;技术与工程;宗教与自然法","02;03;07;08;09;10;11;12;13;17;18;32;33"
"3237","721e3059-12b3-5ea7-a14e-e5deb55f6327","立场分歧","2021-06-27","能力与学习;选择与自由;责任与后果;成本与总账;爱与回应;边界与许可;权力与异议;心理与主体","02;03;04;05;07;08;10;12;13;14;16;17;18"
"3238","c78c36e6-c218-5f6f-b85b-db0672e69191","为委屈而道歉","2021-06-27","事实与证据;能力与学习;选择与自由;权力与异议;心理与主体","02;03;07;08;09;12;13;14;16;17;18"
"3239","c07d9407-74a1-5bc0-9835-9b934f85f22f","爹味","2021-06-26","事实与证据;定义与达意;能力与学习;选择与自由;责任与后果;成本与总账;爱与回应;照料与家庭;劳动与组织;财富与市场;法律与秩序;权力与异议;技术与工程;文明与历史;生态与自然","02;03;04;05;06;07;08;09;10;11;12;13;14;15;16;17;18;25;31;32;33"
"3240","6d36b847-aa59-5af1-ae89-6fcebf74a695","气泡膜","2021-06-23","定义与达意;选择与自由;爱与回应","02;04;05;07;09;14;16;17;18"
"3241","5ad7d5cb-e1cc-5cce-afc4-8635aa496317","谁说了算","2021-06-23","定义与达意;能力与学习;责任与后果;成本与总账;财富与市场","02;03;08;09;10;12;13;17;18"
"3242","0b30253c-8780-5dd6-8ceb-e2cf32109af9","创业红线","2021-06-22","能力与学习;选择与自由;责任与后果;成本与总账;信用与信任;边界与许可;照料与家庭;财富与市场;法律与秩序","02;03;04;05;06;07;08;10;12;13;14;16;18"
"3243","c1f11601-ee19-5592-ab2b-a320de210d30","是非尺","2021-06-22","定义与达意;选择与自由;信用与信任;边界与许可;技术与工程;性别与身体","02;03;05;06;07;09;12;13;14;16;17;18;32;33"
"3244","4b9acfe8-890a-5bd4-b2af-0807a98d10cf","以钱为形式的自由","2021-06-21","事实与证据;能力与学习;选择与自由;成本与总账;边界与许可;财富与市场;法律与秩序;权力与异议;技术与工程;民族与身份","02;03;05;07;08;09;10;12;13;16;17;18;27;31;32;33"
"3245","48215fd7-d433-503c-b1b1-1fd9b546a406","人心不古","2021-06-20","事实与证据;能力与学习;选择与自由;责任与后果;爱与回应;权力与异议;文明与历史;心理与主体","02;03;04;05;07;08;09;10;11;12;13;14;15;16;17;18;31;32;33"
"3246","96a67cba-4b25-574c-8994-d902ae930557","反弹琵琶","2021-06-19","事实与证据;定义与达意;能力与学习;选择与自由;责任与后果;成本与总账;劳动与组织;法律与秩序;技术与工程;心理与主体","02;03;06;07;08;09;10;12;13;14;16;17;18;32;33"
"3247","74e10cdb-8c7b-564c-808d-7d85801fa288","创新问题","2021-06-19","事实与证据;定义与达意;能力与学习;成本与总账;边界与许可;劳动与组织;技术与工程","03;05;06;08;09;10;12;13;16;17;18;32;33"
"3248","1b8ad80d-e7bc-5ffe-88db-0060275b8121","女权与女权主义","2021-06-19","定义与达意;能力与学习;成本与总账;照料与家庭;劳动与组织;法律与秩序;权力与异议;文明与历史;性别与身体","03;04;05;06;07;08;09;10;11;12;13;14;15;16;17;18;31;32;33"
"3249","86f61f82-2a39-5d86-aa73-0b0eb1ffe085","傲慢之路","2021-06-18","事实与证据;能力与学习;责任与后果;成本与总账;信用与信任;边界与许可;劳动与组织;技术与工程;心理与主体","02;03;05;06;08;09;10;12;13;14;16;17;18;32;33"
"3250","9ffef46b-c201-5759-ba5e-0531ece82f62","翼龙群居","2021-06-18","事实与证据;定义与达意;选择与自由;成本与总账;照料与家庭;劳动与组织;法律与秩序;权力与异议;生态与自然","02;03;04;05;06;07;08;09;10;12;13;14;16;17;18;25;32"
"3251","9dc00ef1-2fe3-5a16-aedc-c878b06ebfc2","极度聪明","2021-06-18","事实与证据;能力与学习;责任与后果;成本与总账;爱与回应;劳动与组织;法律与秩序;权力与异议;心理与主体","02;03;04;05;06;07;08;09;10;12;13;14;16;17;18"
"3252","2e4ab96a-e0ff-5707-9c9b-dec8020e9160","恩","2021-06-17","能力与学习;责任与后果;成本与总账;信用与信任;净输出与不掠夺;劳动与组织;财富与市场;法律与秩序;权力与异议;心理与主体","02;03;05;06;07;08;10;12;13;14;16;17;18"
"3253","39dba910-83cb-5b08-b7d0-6dd4f71c68da","凶不起","2021-06-16","定义与达意;能力与学习;责任与后果;成本与总账;权力与异议;文明与历史;心理与主体","02;03;07;08;09;10;11;12;13;14;15;17;18;31;32;33"
"3254","6250c0e6-8b44-5423-8af0-8bf6cfe3257d","缺乏创新","2021-06-16","事实与证据;定义与达意;能力与学习;选择与自由;责任与后果;成本与总账;劳动与组织;财富与市场;权力与异议;技术与工程;文明与历史;生态与自然","02;03;06;07;08;09;10;11;12;13;15;16;17;18;25;31;32;33"
"3255","69731c6d-85a8-58e2-a971-634d491ee1dd","国教","2021-06-15","定义与达意;选择与自由;边界与许可;劳动与组织;法律与秩序;文明与历史;宗教与自然法","02;05;06;07;09;10;11;12;13;15;16;17;18;31;32;33"
"3256","795a56d7-33f1-51dd-ad6c-7ce1a0ac6985","理性暴政","2021-06-14","事实与证据;定义与达意;选择与自由;成本与总账;信用与信任;爱与回应;权力与异议;文明与历史","02;03;04;05;06;07;08;09;10;11;12;13;14;15;16;17;18;31;32;33"
"3257","573841a7-1847-5807-b2a6-fa23fc9e674a","别墅有灰","2021-06-14","选择与自由;责任与后果;成本与总账;爱与回应;边界与许可;照料与家庭;劳动与组织;权力与异议;技术与工程;生态与自然","02;03;04;05;06;07;10;12;13;14;16;17;18;25;32;33"
"3258","ac613538-268c-5866-bcb8-64d4191f9958","错得对","2021-06-14","能力与学习;选择与自由;责任与后果;成本与总账;爱与回应;净输出与不掠夺;边界与许可;法律与秩序;权力与异议","02;03;04;05;07;08;10;12;13;14;16;18"
"3259","82772f71-ade2-548a-8f02-15180bd971ca","行云流水","2021-06-14","定义与达意;能力与学习;选择与自由;劳动与组织;权力与异议;心理与主体","02;03;06;07;08;09;10;12;13;14;16;17;18"
"3260","b51ab088-ea64-5c82-bd5c-9227e1bfae3e","临终一面","2021-06-14","事实与证据;定义与达意;能力与学习;选择与自由;责任与后果;信用与信任;爱与回应;边界与许可;照料与家庭;心理与主体","02;03;04;05;06;07;08;09;10;12;13;14;16;17;18"
"3261","ad5c38aa-1757-5bd7-96ba-e5eeb39e48a1","不原谅的诅咒","2021-06-13","定义与达意;责任与后果;成本与总账;信用与信任;爱与回应;边界与许可;照料与家庭;法律与秩序;技术与工程","02;03;04;05;06;07;09;10;12;13;14;16;17;18;32;33"
"3262","dd2a0086-4909-53c0-9abf-f4d80e18edbc","螺栓松了","2021-06-13","能力与学习;责任与后果;成本与总账;心理与主体","02;03;08;10;12;13;14;17;18"
"3263","fec1c662-3513-57be-a877-110030760814","无目的","2021-06-13","定义与达意;选择与自由;责任与后果;信用与信任;爱与回应;边界与许可;照料与家庭;权力与异议;技术与工程;心理与主体;宗教与自然法","02;03;04;05;06;07;08;09;10;11;12;13;14;16;17;18;32;33"
"3264","b4d0062f-62f7-5d54-8482-f162497b47fb","贞操无价","2021-06-13","能力与学习;选择与自由;责任与后果;成本与总账;信用与信任;爱与回应;照料与家庭;财富与市场;法律与秩序;文明与历史;心理与主体;性别与身体","02;03;04;05;06;07;08;10;11;12;13;14;15;16;17;18;31;32;33"
"3265","b3f7b418-4f74-5834-a79b-5baf03ec3ba6","防止失业","2021-06-12","能力与学习;责任与后果;成本与总账;信用与信任;净输出与不掠夺;边界与许可;劳动与组织;财富与市场;心理与主体","02;03;05;06;08;10;12;13;14;16;17;18"
"3266","10315a58-b3a0-5c47-9db0-877741c00e45","不喜欢","2021-06-12","定义与达意;能力与学习;选择与自由;爱与回应;边界与许可;法律与秩序;心理与主体","02;04;05;07;08;09;12;13;14;16;17;18"
"3267","608f24f6-7a70-53dc-99e9-e6e01cab47d6","战略迷茫","2021-06-11","能力与学习;选择与自由;责任与后果;成本与总账;边界与许可;劳动与组织;技术与工程","02;03;05;06;07;08;10;12;13;16;17;18;32;33"
"3268","c80a6530-458f-508d-a1c7-951c6bd7d618","环境问题","2021-06-11","定义与达意;能力与学习;选择与自由;责任与后果;成本与总账;爱与回应;财富与市场;法律与秩序;技术与工程;民族与身份;生态与自然","02;03;04;05;07;08;09;10;12;13;14;16;17;18;25;27;31;32;33"
"3269","b16f91ee-0c20-5d50-9a15-dd7299d474c3","说脏话","2021-06-10","事实与证据;定义与达意;选择与自由;责任与后果;成本与总账;信用与信任;权力与异议;技术与工程;民族与身份;心理与主体","02;03;06;07;08;09;10;12;13;14;16;17;18;27;31;32;33"
"3270","f9ceffcb-9671-5475-bdbe-eadd1aa19044","志愿教育","2021-06-09","能力与学习;选择与自由;责任与后果;边界与许可;照料与家庭;法律与秩序;权力与异议;心理与主体","02;03;04;05;07;08;10;12;13;14;16;17;18"
"3271","4b52a4bc-7ac1-5881-ae71-9f67952adef6","非常之“非常”","2021-06-09","事实与证据;定义与达意;成本与总账;文明与历史","03;08;09;10;11;13;15;17;18;31;32;33"
"3272","0676db0f-9e74-5f61-99cd-8424e352d6a5","有福气","2021-06-09","定义与达意;选择与自由;成本与总账;信用与信任;照料与家庭;财富与市场;文明与历史","02;03;04;05;06;07;09;10;11;12;13;14;15;16;17;18;31;32;33"
"3273","89b26276-0693-56cb-9204-52014646a776","幽默的原理","2021-06-07","事实与证据;定义与达意;责任与后果;边界与许可;技术与工程","02;03;05;08;09;10;12;13;16;17;18;32;33"
"3274","03f1a614-143b-5d59-a488-8e253a5157da","无恩无仇","2021-06-07","事实与证据;选择与自由;信用与信任;生态与自然","02;03;06;07;08;09;12;13;16;17;18;25;32"
"3275","e8d940f4-4b1a-54d9-ab82-ab4fdbe8c7c7","一点就透","2021-06-07","事实与证据;定义与达意;能力与学习;选择与自由;责任与后果;成本与总账;爱与回应;边界与许可;劳动与组织","02;03;04;05;06;07;08;09;10;12;13;14;16;17;18"
"3276","01a80fb5-9eaa-59a7-bb92-b9b9be16e3ba","老实人","2021-06-07","能力与学习;选择与自由","02;07;08;13;16;18"
"3277","8859afe4-31fa-5b72-a79a-675c16950c82","服从","2021-06-05","定义与达意;能力与学习;选择与自由;责任与后果;成本与总账;信用与信任;爱与回应;净输出与不掠夺;边界与许可;照料与家庭;劳动与组织;法律与秩序;权力与异议;心理与主体","02;03;04;05;06;07;08;09;10;12;13;14;16;17;18"
"3278","044cc459-fd1c-54d3-acbb-4320123f6896","翻车","2021-06-05","能力与学习;选择与自由;责任与后果;爱与回应;照料与家庭","02;03;04;05;07;08;10;12;13;14;16;18"
"3279","b9d54197-5ebd-59ee-896f-9c3edb53721d","大胆印钱","2021-06-05","选择与自由;责任与后果;成本与总账","02;03;07;10;12;16;18"
"3280","da96861e-808f-5c9b-a262-954b16b23bf6","蛋糕大战","2021-06-05","定义与达意;能力与学习;选择与自由;责任与后果;成本与总账;照料与家庭;劳动与组织;财富与市场;法律与秩序;权力与异议;生态与自然;宗教与自然法","02;03;04;05;06;07;08;09;10;11;12;13;14;16;17;18;25;32"
"3281","502e3528-43c6-51fb-a8ce-7dad3c20a5bd","第一辆车","2021-06-04","选择与自由;成本与总账;信用与信任;财富与市场;技术与工程","02;03;06;07;10;12;13;16;17;18;32;33"
"3282","c2241fe8-ab38-5c1e-8d52-181f31ec8a80","厨房清洁策略","2021-06-04","能力与学习;责任与后果;成本与总账;劳动与组织;权力与异议;技术与工程;生态与自然","02;03;06;07;08;10;12;13;17;18;25;32;33"
"3283","a2649809-b156-53d9-9cb6-fbbd868ed6a2","北极夏令营","2021-06-03","能力与学习;选择与自由;成本与总账;照料与家庭;劳动与组织;财富与市场;技术与工程;心理与主体","02;03;04;05;06;07;08;10;13;14;16;17;18;32;33"
"3284","e4b1fc0a-c9b1-50b3-9c7b-1e9135d1b2c6","换电","2021-06-03","选择与自由;边界与许可;劳动与组织;技术与工程;生态与自然;心理与主体","02;05;06;07;08;10;12;13;14;16;17;18;25;32;33"
"3285","d636f210-a6ed-55c6-86cf-bdb7cdbbf2a7","文笔","2021-06-03","定义与达意;能力与学习;选择与自由;成本与总账;爱与回应;心理与主体","02;03;04;05;07;08;09;10;13;14;16;17;18"
"3286","86946c9c-fc2d-5772-9564-2008ac4d8918","卑微","2021-06-03","定义与达意;能力与学习;选择与自由;成本与总账;爱与回应;净输出与不掠夺;边界与许可;权力与异议","02;03;04;05;07;08;09;10;12;13;14;16;17;18"
"3287","e1ba30a8-33cb-5356-8478-bed59006a75a","OKR","2021-06-02","事实与证据;定义与达意;能力与学习;责任与后果;劳动与组织;财富与市场;技术与工程","02;03;06;08;09;10;12;13;17;18;32;33"
"3288","22eb3b2f-cd4b-505d-b1f0-723cf337724b","望山行路","2021-06-02","能力与学习;选择与自由;责任与后果;成本与总账;劳动与组织;权力与异议;技术与工程;心理与主体","02;03;06;07;08;10;12;13;14;16;17;18;32;33"
"3289","3e05822b-d0b2-5850-9c56-1d43c3a749f0","讨好型人格","2021-06-01","能力与学习;选择与自由;成本与总账;爱与回应;净输出与不掠夺;边界与许可;财富与市场;法律与秩序;权力与异议;心理与主体","02;03;04;05;07;08;10;12;13;14;16;17;18"
"3290","e811680f-3bf9-5abb-a1a3-f81d9fe6e6ff","理解的原理","2021-06-01","事实与证据;定义与达意;能力与学习;责任与后果;成本与总账;信用与信任;爱与回应;边界与许可;技术与工程;心理与主体","02;03;04;05;06;08;09;10;12;13;14;16;17;18;32;33"
"3291","1549f2dd-1d31-544b-a0ea-85605f1a819b","翼护","2021-05-31","定义与达意;能力与学习;选择与自由;责任与后果;成本与总账;净输出与不掠夺;照料与家庭;法律与秩序;权力与异议","02;03;04;05;07;08;09;10;12;13;14;16;17;18"
"3292","f3bcd607-63be-5871-accf-7c249350b1d9","学好会计","2021-05-30","能力与学习;选择与自由;责任与后果;成本与总账;劳动与组织;法律与秩序;技术与工程;生态与自然","02;03;06;07;08;10;12;13;16;17;18;25;32;33"
"3293","6fbbf711-af51-5fcb-9d44-3d3765c77343","创业契机","2021-05-28","事实与证据;定义与达意;能力与学习;责任与后果;成本与总账;信用与信任;心理与主体","02;03;06;08;09;10;12;13;14;17;18"
"3294","def74b5e-ae38-5613-bbde-352fae8b0241","事业已定","2021-05-28","事实与证据;定义与达意;责任与后果;成本与总账;信用与信任;爱与回应;照料与家庭;劳动与组织;财富与市场;技术与工程;心理与主体","02;03;04;05;06;08;09;10;12;13;14;16;17;18;32;33"
"3295","3391e97d-14c5-567c-964a-72368422ba53","恋爱原理","2021-05-26","定义与达意;能力与学习;选择与自由;责任与后果;成本与总账;信用与信任;爱与回应;净输出与不掠夺;边界与许可;照料与家庭;劳动与组织;财富与市场;法律与秩序;文明与历史;心理与主体;性别与身体;宗教与自然法","02;03;04;05;06;07;08;09;10;11;12;13;14;15;16;17;18;31;32;33"
"3296","a88f2258-1e76-5ce4-984b-b9398c73fab6","离婚冷静期","2021-05-26","责任与后果;成本与总账;爱与回应;照料与家庭;文明与历史;心理与主体","02;03;04;05;08;10;11;12;13;14;15;16;17;18;31;32;33"
"3297","b145ac9e-ecd3-57cc-815f-85e8e3e2dc73","评头论足","2021-05-25","事实与证据;定义与达意;边界与许可;照料与家庭;心理与主体","04;05;08;09;12;14;16;17;18"
"3298","fdedff1c-6ccf-52d2-a5d6-73e9966199a4","无伤大雅的承诺","2021-05-25","定义与达意;能力与学习;责任与后果;成本与总账;信用与信任;爱与回应;照料与家庭","02;03;04;05;06;08;09;10;12;13;14;16;17;18"
"3299","f62a367a-978f-5c01-8471-170daaa2eea8","疗愈艺术","2021-05-25","事实与证据;定义与达意;能力与学习;选择与自由;责任与后果;成本与总账;信用与信任;法律与秩序;权力与异议;技术与工程;心理与主体;性别与身体","02;03;05;06;07;08;09;10;12;13;14;16;17;18;32;33"
"3300","ce35894e-ed87-53b6-984e-961d5e84cda8","躺平","2021-05-24","能力与学习;选择与自由;责任与后果;照料与家庭;财富与市场;心理与主体","02;03;04;05;07;08;10;12;13;14;16;17;18"
"3301","f87ea15f-93fe-534a-b131-49a41c43346a","别互补","2021-05-23","事实与证据;能力与学习;选择与自由;净输出与不掠夺;劳动与组织;技术与工程;心理与主体","02;03;05;06;07;08;09;10;13;14;16;17;18;32;33"
"3302","0357c911-f09e-5ff7-af2b-c01e01781c36","态度最重要","2021-05-23","定义与达意;能力与学习;选择与自由;责任与后果;边界与许可;劳动与组织","02;03;05;06;07;08;09;10;12;13;16;17;18"
"3303","96badfae-0c86-57b9-b2a1-ff550cd0bc55","宗教的意义","2021-05-23","事实与证据;定义与达意;能力与学习;责任与后果;成本与总账;照料与家庭;法律与秩序;权力与异议;技术与工程;生态与自然;人工智能与机器;性别与身体;宗教与自然法","02;03;04;05;07;08;09;10;11;12;13;14;16;17;18;25;28;29;32;33"
"3304","7a8ae88b-e317-5e82-a9fb-405e1849f57a","变性倾向","2021-05-22","能力与学习;选择与自由;照料与家庭;权力与异议;技术与工程;心理与主体;性别与身体","02;03;04;05;07;08;12;13;14;16;17;18;32;33"
"3305","1c2f375f-f777-522b-ae6a-5d4d48303dd7","好人难做","2021-05-22","事实与证据;选择与自由;成本与总账;信用与信任;边界与许可;劳动与组织;法律与秩序;权力与异议","02;03;05;06;07;08;09;10;12;13;16;17;18"
"3306","075eb068-9c0b-5887-85e4-a304db0a2b92","“哲学家”","2021-05-21","能力与学习;选择与自由;责任与后果;劳动与组织;文明与历史","02;03;06;07;08;10;11;12;13;15;16;18;31;32;33"
"3307","1d9f5cf3-2a78-59fe-8d98-320eb96dddce","精通儒释道","2021-05-20","事实与证据;选择与自由;责任与后果;成本与总账;信用与信任;边界与许可;法律与秩序;文明与历史;宗教与自然法","02;03;05;06;07;08;09;10;11;12;13;15;16;17;18;31;32;33"
"3308","355e9144-d6c0-5d30-bdc6-1a26417c65fb","孰强孰弱","2021-05-20","事实与证据;定义与达意;能力与学习;选择与自由;责任与后果;成本与总账;信用与信任;边界与许可;照料与家庭;劳动与组织;法律与秩序;权力与异议;技术与工程;心理与主体","02;03;04;05;06;07;08;09;10;12;13;14;16;17;18;32;33"
"3309","7ac9cc0b-4709-5157-ba26-5c14ebc280ef","节省时间","2021-05-19","事实与证据;能力与学习;选择与自由;责任与后果;成本与总账;边界与许可;劳动与组织;技术与工程;文明与历史;心理与主体","02;03;05;06;07;08;09;10;11;12;13;14;15;16;17;18;31;32;33"
"3310","718d6642-deb5-57da-815a-14d34523bab0","中国宗教的问题","2021-05-19","事实与证据;定义与达意;能力与学习;选择与自由;责任与后果;成本与总账;劳动与组织;法律与秩序;技术与工程;文明与历史;民族与身份;心理与主体;宗教与自然法","02;03;06;07;08;09;10;11;12;13;14;15;16;17;18;27;31;32;33"
"3311","f3fa6e52-759d-5b50-82ac-c3fc285d4c71","解压","2021-05-18","能力与学习;选择与自由;责任与后果;成本与总账;爱与回应;边界与许可;劳动与组织;财富与市场;法律与秩序;心理与主体;宗教与自然法","02;03;04;05;06;07;08;10;11;12;13;14;16;17;18"
"3312","da098d20-c643-5f18-a4ae-2fd637101811","汉字基准字体","2021-05-18","定义与达意;能力与学习;选择与自由;成本与总账;爱与回应;财富与市场;法律与秩序;技术与工程;文明与历史","02;03;04;05;07;08;09;10;11;12;13;14;15;16;17;18;31;32;33"
"3313","ea558ecf-a666-5d05-b16a-461dfa26cc18","要的是啥","2021-05-18","能力与学习;选择与自由;责任与后果;成本与总账;信用与信任;爱与回应;边界与许可;权力与异议","02;03;04;05;06;07;08;10;12;13;14;16;18"
"3314","1efc6c6f-80d1-55e3-a12c-42593447a18e","BRT","2021-05-18","能力与学习;选择与自由;成本与总账;权力与异议;技术与工程;人工智能与机器","02;03;07;08;10;12;13;16;17;18;28;29;32;33"
"3315","0951b372-fd84-5510-af40-470c06d5832d","仇穷与仇富","2021-05-17","定义与达意;能力与学习;选择与自由;责任与后果;成本与总账;财富与市场;法律与秩序;心理与主体","02;03;07;08;09;10;12;13;14;16;17;18"
"3316","f6a82070-c379-58c5-aad3-4720d3349456","人负我负人","2021-05-17","定义与达意;选择与自由;信用与信任;照料与家庭;技术与工程;文明与历史;心理与主体","02;03;04;05;06;07;08;09;11;12;13;14;15;16;17;18;31;32;33"
"3317","bca69765-5230-5001-946f-1404f5fb2b11","尊重的实践","2021-05-17","事实与证据;定义与达意;能力与学习;选择与自由;责任与后果;成本与总账;信用与信任;净输出与不掠夺;边界与许可;劳动与组织;财富与市场;法律与秩序;心理与主体","02;03;05;06;07;08;09;10;12;13;14;16;17;18"
"3318","4ab974b7-f212-5f49-a51a-54f332766f15","指马为鹿","2021-05-16","事实与证据;定义与达意;能力与学习;选择与自由;权力与异议;技术与工程;心理与主体","02;03;07;08;09;12;13;14;16;17;18;32;33"
"3319","fde2618b-20ff-58bb-b9e0-18ba18d7fcda","有求必应","2021-05-15","能力与学习;选择与自由;成本与总账;信用与信任;爱与回应;净输出与不掠夺;边界与许可;财富与市场","02;03;04;05;06;07;08;10;12;13;14;16;18"
"3320","cfb56d6d-fadc-5881-9463-57969abcafea","远庖厨","2021-05-15","事实与证据;能力与学习;选择与自由;责任与后果;劳动与组织;权力与异议","02;03;06;07;08;09;10;12;13;16;17;18"
"3321","e7cd38a0-7c6c-52f6-84a6-5328ed5cdad7","精英","2021-05-15","事实与证据;定义与达意;能力与学习;选择与自由;责任与后果;成本与总账;信用与信任;边界与许可;劳动与组织;财富与市场;法律与秩序;文明与历史","02;03;05;06;07;08;09;10;11;12;13;15;16;17;18;31;32;33"
"3322","4c9e7bbd-ba2f-570f-a369-3c5b083b2c9a","阅历","2021-05-15","事实与证据;定义与达意;能力与学习;成本与总账;信用与信任;技术与工程;文明与历史;心理与主体","03;06;08;09;10;11;12;13;14;15;17;18;31;32;33"
"3323","e022937c-f3bb-52bb-b1d4-1d3a758ee49d","救人","2021-05-14","事实与证据;定义与达意;责任与后果;成本与总账;边界与许可;照料与家庭;法律与秩序;权力与异议;心理与主体","02;03;04;05;07;08;09;10;12;14;16;17;18"
"3324","b9cd3705-2962-520e-8636-c3bbcf8580fb","脱困","2021-05-14","事实与证据;能力与学习;选择与自由;责任与后果;成本与总账;爱与回应;边界与许可;照料与家庭;文明与历史;心理与主体","02;03;04;05;07;08;09;10;11;12;13;14;15;16;17;18;31;32;33"
"3325","16a059df-ba77-5ca8-8f92-f5d1b0e90825","看论证","2021-05-14","事实与证据;定义与达意;能力与学习;责任与后果;信用与信任;边界与许可;文明与历史","02;03;05;06;08;09;10;11;12;13;15;16;17;18;31;32;33"
"3326","92d474ef-fec4-5737-aba2-42f8ed14e0ee","感性","2021-05-13","事实与证据;定义与达意;能力与学习;选择与自由;成本与总账;法律与秩序;权力与异议;技术与工程;文明与历史;性别与身体","02;03;05;07;08;09;10;11;12;13;14;15;16;17;18;31;32;33"
"3327","1827d272-1f93-53f1-8750-e53ce5585623","防早恋","2021-05-13","定义与达意;能力与学习;选择与自由;责任与后果;成本与总账;爱与回应;边界与许可;照料与家庭;法律与秩序;权力与异议;心理与主体","02;03;04;05;07;08;09;10;12;13;14;16;17;18"
"3328","1173101e-4fd2-5868-8661-5698d1dcf38b","持重","2021-05-13","定义与达意;能力与学习;选择与自由;责任与后果;成本与总账;爱与回应;财富与市场;法律与秩序;权力与异议;技术与工程;文明与历史","02;03;04;05;07;08;09;10;11;12;13;14;15;16;17;18;31;32;33"
"3329","7d4d9289-ddf7-526a-9180-c26f158d39ba","中文难","2021-05-11","事实与证据;定义与达意;能力与学习;法律与秩序;权力与异议;文明与历史","03;07;08;09;11;12;13;15;17;18;31;32;33"
"3330","2565b281-cf34-51cf-950d-f32a8198e9c4","情绪","2021-05-11","事实与证据;定义与达意;能力与学习;选择与自由;责任与后果;成本与总账;信用与信任;边界与许可;文明与历史;心理与主体","02;03;05;06;07;08;09;10;11;12;13;14;15;16;17;18;31;32;33"
"3331","32f6ff2b-1eb9-5883-b21c-3c00f4c42627","无明憎","2021-05-11","事实与证据;定义与达意","08;09;17"
"3332","de20fc9f-d0b0-5639-9f68-8da837cab8e3","好报","2021-05-10","定义与达意;信用与信任;爱与回应;边界与许可;照料与家庭;财富与市场;权力与异议;心理与主体","03;04;05;06;07;08;09;10;12;13;14;16;17;18"
"3333","550414fb-fb49-5594-89fe-61aced86570d","套皮","2021-05-10","事实与证据;定义与达意;选择与自由;爱与回应;边界与许可;财富与市场;法律与秩序;技术与工程;文明与历史;宗教与自然法","02;03;04;05;07;08;09;10;11;12;13;14;15;16;17;18;31;32;33"
"3334","a951eb0e-8530-5736-89d4-92158928e019","理由","2021-05-10","事实与证据;能力与学习;选择与自由;责任与后果;成本与总账;信用与信任;照料与家庭;财富与市场;法律与秩序;技术与工程","02;03;04;05;06;07;08;09;10;12;13;14;16;17;18;32;33"
"3335","fc2482a4-c813-59d8-938d-6cccf85017e9","薅羊毛","2021-05-10","事实与证据;能力与学习;责任与后果;成本与总账;信用与信任;边界与许可;财富与市场;法律与秩序;权力与异议;心理与主体","02;03;05;06;07;08;09;10;12;13;14;16;17;18"
"3336","6c32cbf9-8471-5318-97c4-9027a1fb332c","劝退","2021-05-09","定义与达意;能力与学习;选择与自由;责任与后果;成本与总账;信用与信任;劳动与组织;性别与身体","02;03;05;06;07;08;09;10;12;13;14;16;17;18"
"3337","c7036a34-fad7-5be8-bb58-2f76883b549e","自私","2021-05-09","能力与学习;责任与后果;成本与总账;法律与秩序","02;03;07;08;10;12;13;18"
"3338","63757d4e-e82f-5668-a913-d045fd50b67d","斗争","2021-05-09","选择与自由;责任与后果;成本与总账;边界与许可;照料与家庭;法律与秩序;权力与异议;文明与历史;性别与身体","02;03;04;05;07;10;11;12;13;14;15;16;18;31;32;33"
"3339","b5f5c408-4f06-5d86-9ee2-27208d34e966","意识上传","2021-05-08","事实与证据;定义与达意;能力与学习;责任与后果;成本与总账;信用与信任;劳动与组织;法律与秩序;技术与工程;文明与历史;性别与身体","02;03;05;06;07;08;09;10;11;12;13;14;15;16;17;18;31;32;33"
"3340","b1d8f5cf-6a14-5d90-bfe8-7dbfb0f88a80","征求建议","2021-05-08","定义与达意;能力与学习;选择与自由;责任与后果;成本与总账;信用与信任;技术与工程;心理与主体","02;03;06;07;08;09;10;12;13;14;16;17;18;32;33"
"3341","a21a1ce4-7fee-5234-b662-8dc2545359cc","论语","2021-05-08","事实与证据;能力与学习;选择与自由;边界与许可;文明与历史;民族与身份","02;05;07;08;09;11;12;13;15;16;17;18;27;31;32;33"
"3342","1282d90a-c2a2-5fa5-94c5-7b93be0881b5","羞愧","2021-05-08","事实与证据;能力与学习;选择与自由;责任与后果;成本与总账;信用与信任;劳动与组织;财富与市场;法律与秩序;心理与主体","02;03;06;07;08;09;10;12;13;14;16;17;18"
"3343","6150fe1b-48d9-5cc3-b3cf-07d35fb794d3","女舰长","2021-05-07","事实与证据;能力与学习;选择与自由;责任与后果;成本与总账;信用与信任;劳动与组织;性别与身体","02;03;05;06;07;08;09;10;12;13;14;16;17;18"
"3344","e3739f9e-c0d5-57a7-a426-5c906a5de5fd","砍价","2021-05-07","事实与证据;定义与达意;能力与学习;选择与自由;责任与后果;爱与回应;净输出与不掠夺;劳动与组织;财富与市场","02;03;04;05;06;07;08;09;10;12;13;14;16;17;18"
"3345","83687546-77c0-5ab6-8604-123e1216384b","提意见","2021-05-07","定义与达意;能力与学习;选择与自由;责任与后果;成本与总账;信用与信任;爱与回应;边界与许可;权力与异议;文明与历史;心理与主体","02;03;04;05;06;07;08;09;10;11;12;13;14;15;16;17;18;31;32;33"
"3346","b9c59bd0-1023-5f4a-9acd-246a06d9c516","爱与自由","2021-05-07","定义与达意;选择与自由;爱与回应;法律与秩序;技术与工程;心理与主体","02;04;05;07;08;09;12;13;14;16;17;18;32;33"
"3347","801d6c57-141e-5fbd-90b3-ac3843ef235a","收入管理共识","2021-05-07","能力与学习;选择与自由;责任与后果;成本与总账;信用与信任;爱与回应;净输出与不掠夺;边界与许可;照料与家庭;财富与市场;法律与秩序;权力与异议;技术与工程;心理与主体","02;03;04;05;06;07;08;10;12;13;14;16;17;18;32;33"
"3348","3917c538-4521-5df9-a94e-cc49d098baf6","期望管理","2021-05-07","定义与达意;能力与学习;选择与自由;责任与后果;成本与总账;信用与信任;边界与许可;劳动与组织;法律与秩序;心理与主体","02;03;05;06;07;08;09;10;12;13;14;16;17;18"
"3349","db133778-710b-5bde-9229-96a957e6e281","会做人","2021-05-06","定义与达意;能力与学习;责任与后果;成本与总账;信用与信任;爱与回应;权力与异议","02;03;04;05;06;07;08;09;10;12;13;14;16;17;18"
"3350","e75631b3-2d52-5e59-b1d5-c9853a34d04e","忏悔免罪","2021-05-06","事实与证据;定义与达意;责任与后果;成本与总账;边界与许可;劳动与组织;财富与市场;法律与秩序;权力与异议;文明与历史;宗教与自然法","02;03;05;06;07;08;09;10;11;12;13;15;16;17;18;31;32;33"
"3351","e56b2eaf-0f9a-5af1-be72-2e1a266ab03a","忍耐","2021-05-05","定义与达意;能力与学习;选择与自由;成本与总账;爱与回应;权力与异议;技术与工程;心理与主体","02;03;04;05;07;08;09;10;12;13;14;16;17;18;32;33"
"3352","96322038-eced-53f8-b632-221ed7ee3f9d","不卑不亢","2021-05-05","定义与达意;能力与学习;选择与自由;财富与市场;心理与主体","02;03;07;08;09;10;13;14;16;17;18"
"3353","7067b918-89ee-5c53-bd81-7d67d496fea2","不建天国","2021-05-05","事实与证据;选择与自由;责任与后果;照料与家庭;法律与秩序;技术与工程;文明与历史;心理与主体","02;03;04;05;07;08;09;10;11;12;13;14;15;16;17;18;31;32;33"
"3354","6b65f6d0-f442-566c-bb18-707079a6002e","杠","2021-05-05","事实与证据;选择与自由;成本与总账;爱与回应;技术与工程","02;03;04;05;07;08;09;10;13;14;16;17;18;32;33"
"3355","03b50e84-3a2d-5d89-8be7-d852ebc7aab0","自师","2021-05-05","事实与证据;能力与学习;责任与后果;劳动与组织","02;03;06;08;09;10;12;13;17;18"
"3356","f2d14ca5-eb02-5958-b4ac-e71da0589382","己所不欲，勿施于人","2021-05-04","事实与证据;定义与达意;能力与学习;选择与自由;责任与后果;成本与总账;爱与回应;边界与许可;劳动与组织;法律与秩序;文明与历史;心理与主体;性别与身体","02;03;04;05;06;07;08;09;10;11;12;13;14;15;16;17;18;31;32;33"
"3357","a177ae02-31fc-530e-b0d6-4ab223eb7300","犯我犯人","2021-05-04","定义与达意;能力与学习;选择与自由;责任与后果;爱与回应;边界与许可;照料与家庭;法律与秩序;权力与异议;民族与身份;心理与主体","02;03;04;05;07;08;09;10;12;13;14;16;17;18;27;31"
"3358","d048c661-47a5-5a71-a12f-7830c4b5b8ad","学会","2021-05-03","定义与达意;能力与学习;选择与自由;责任与后果;成本与总账;信用与信任;边界与许可;劳动与组织;技术与工程;心理与主体","02;03;05;06;07;08;09;10;12;13;14;16;17;18;32;33"
"3359","1a742531-d472-5206-909d-af49dc6adb45","道德","2021-05-03","事实与证据;定义与达意;能力与学习;选择与自由;责任与后果;成本与总账;爱与回应;法律与秩序;文明与历史","02;03;04;05;07;08;09;10;11;12;13;14;15;16;17;18;31;32;33"
"3360","041d5ada-c315-55dd-b7c7-e0cada12751f","穷开心","2021-05-03","能力与学习;选择与自由;成本与总账;照料与家庭;财富与市场;权力与异议;心理与主体;性别与身体","02;03;04;05;07;08;10;12;13;14;16;17;18"
"3361","1710b1b4-e2eb-53aa-b09f-6d39f205052e","接受但不允许","2021-05-03","事实与证据;定义与达意;能力与学习;选择与自由;责任与后果;成本与总账;信用与信任;爱与回应;边界与许可;照料与家庭;劳动与组织;财富与市场;法律与秩序;权力与异议;技术与工程","02;03;04;05;06;07;08;09;10;12;13;14;16;17;18;32;33"
"3362","0099c245-a87a-5d98-86dc-17313c70ca26","正面刚","2021-05-02","能力与学习;责任与后果;成本与总账;信用与信任;劳动与组织;法律与秩序;权力与异议","02;03;06;07;08;10;12;13;18"
"3363","4b9293d1-3dab-5e94-aa64-7d2d74f85460","敏感","2021-05-02","定义与达意;能力与学习;成本与总账;爱与回应;边界与许可;劳动与组织;法律与秩序;心理与主体","03;04;05;06;07;08;09;10;12;13;14;16;17;18"
"3364","073eb6e7-cca1-59df-a8b5-8cd3bcad665a","受伤害","2021-05-02","事实与证据;定义与达意;能力与学习;选择与自由;责任与后果;成本与总账;边界与许可;法律与秩序;心理与主体;宗教与自然法","02;03;05;07;08;09;10;11;12;13;14;16;17;18"
"3365","99b15f9b-1636-5369-8ce4-4a3acd40aedc","背后议论","2021-05-02","事实与证据;定义与达意;能力与学习;选择与自由;责任与后果;成本与总账;信用与信任;爱与回应;照料与家庭;劳动与组织;法律与秩序","02;03;04;05;06;07;08;09;10;12;13;14;16;17;18"
"3366","1e6709b6-c7c9-52d4-820a-d39e88c5012e","芯片风口","2021-05-02","事实与证据;能力与学习;责任与后果;成本与总账;劳动与组织;财富与市场;权力与异议;技术与工程","02;03;06;07;08;09;10;12;13;17;18;32;33"
"3367","a4294198-08b5-5e8e-9da6-8f43f17b3955","治虫","2021-05-02","能力与学习;成本与总账;边界与许可;劳动与组织;权力与异议","03;05;06;07;08;10;12;13;16;18"
"3368","5d8d149d-a664-5698-9b67-e7bde58386ea","不在乎","2021-05-01","事实与证据;定义与达意;责任与后果;成本与总账;爱与回应;技术与工程;心理与主体","02;03;04;05;08;09;10;12;13;14;16;17;18;32;33"
"3369","05a4a9b4-4c5b-5dd4-bcc5-986e293d4955","复盘","2021-05-01","事实与证据;定义与达意;能力与学习;选择与自由;责任与后果;成本与总账;信用与信任;边界与许可;劳动与组织;法律与秩序;权力与异议;文明与历史;心理与主体","02;03;05;06;07;08;09;10;11;12;13;14;15;16;17;18;31;32;33"
"3370","f41e9566-f2d7-572c-9823-4c384370fd82","性","2021-05-01","能力与学习;选择与自由;责任与后果;成本与总账;爱与回应;照料与家庭;财富与市场;心理与主体;性别与身体","02;03;04;05;07;08;10;12;13;14;16;17;18"
"3371","22d9a942-b22a-5e3f-afb7-161d9b85ffda","奖惩分明","2021-04-30","事实与证据;能力与学习;责任与后果;爱与回应;净输出与不掠夺;边界与许可;劳动与组织;财富与市场;法律与秩序;文明与历史;心理与主体;性别与身体","02;03;04;05;06;07;08;09;10;11;12;13;14;15;16;17;18;31;32;33"
"3372","b79a675e-83a8-5c39-8746-c73c241496df","身价","2021-04-30","定义与达意;能力与学习;选择与自由;爱与回应;边界与许可;财富与市场;性别与身体","02;03;04;05;07;08;09;10;12;13;14;16;17;18"
"3373","065db95a-3978-5980-8fa8-647b3d748cb2","知识的责任","2021-04-30","事实与证据;定义与达意;能力与学习;选择与自由;责任与后果","02;03;07;08;09;10;12;13;16;17;18"
"3374","841ef14c-de92-5581-a846-62a244cd88fb","功罪千秋","2021-04-30","定义与达意;能力与学习;责任与后果;爱与回应;边界与许可;照料与家庭;法律与秩序;文明与历史;心理与主体","02;03;04;05;07;08;09;10;11;12;13;14;15;16;17;18;31;32;33"
"3375","6d63051d-31c4-5f35-a9ec-db4a58dc9d48","底层","2021-04-29","定义与达意;选择与自由;责任与后果;成本与总账;劳动与组织","02;03;06;07;09;10;12;13;16;17;18"
"3376","3d8f2f00-3eae-5909-96fb-cab0aad37f5e","浪费生命的事","2021-04-29","能力与学习;选择与自由;责任与后果;成本与总账;边界与许可;宗教与自然法","02;03;05;07;08;10;11;12;13;16;18"
"3377","0fecd6e9-2ffc-56fa-8a75-3543ad1bc344","“无思想的人”","2021-04-29","事实与证据;能力与学习;选择与自由;信用与信任;生态与自然;心理与主体","02;03;06;07;08;09;12;13;14;16;17;18;25;32"
"3378","88f6cc45-e9e6-5f6e-be62-c55309d38e84","感谢","2021-04-27","定义与达意;能力与学习;选择与自由;责任与后果;成本与总账;信用与信任;爱与回应;照料与家庭;劳动与组织;权力与异议;文明与历史","02;03;04;05;06;07;08;09;10;11;12;13;14;15;16;17;18;31;32;33"
"3379","22910917-5915-5d1f-a9f9-ce87894801ed","杀一人以救天下","2021-04-25","选择与自由;责任与后果;边界与许可;法律与秩序","02;03;05;07;10;12;16;18"
"3380","f73515c5-ca18-5daa-830d-bb1486270dcc","程序正义","2021-04-25","选择与自由;责任与后果;成本与总账;信用与信任;财富与市场","02;03;06;07;10;12;13;16;18"
"3381","18d99497-a754-56c5-a1e4-f7b2f2e2b7df","不生孩子","2021-04-24","事实与证据;定义与达意;能力与学习;选择与自由;责任与后果;成本与总账;净输出与不掠夺;照料与家庭;文明与历史","02;03;04;05;07;08;09;10;11;12;13;14;15;16;17;18;31;32;33"
"3382","31363c9e-bd71-5615-84bd-a990130c3fc9","农夫与蛇","2021-04-23","事实与证据;定义与达意;能力与学习;成本与总账;信用与信任;爱与回应;边界与许可","03;04;05;06;08;09;10;12;13;14;16;17;18"
"3383","9739da8b-cfd9-560a-8875-9b576fa2980c","解决996","2021-04-23","事实与证据;定义与达意;能力与学习;选择与自由;责任与后果;成本与总账;照料与家庭;劳动与组织;法律与秩序;民族与身份;心理与主体","02;03;04;05;06;07;08;09;10;12;13;14;16;17;18;27;31"
"3384","68081827-4bf0-52db-83ab-f406ca3555b7","隐私就是生命","2021-04-21","成本与总账;边界与许可","03;05;10;12;16;18"
"3385","4eae907d-2995-55ad-8c9e-0b33069b615b","自卑","2021-04-21","定义与达意;能力与学习;成本与总账;爱与回应;心理与主体","03;04;05;08;09;10;13;14;16;17;18"
"3386","d5780827-99fa-588c-a69f-8850d250c16b","关心政治","2021-04-21","事实与证据;能力与学习;选择与自由;责任与后果;成本与总账;劳动与组织;财富与市场;权力与异议","02;03;06;07;08;09;10;12;13;16;17;18"
"3387","3683188c-8d13-560e-bea8-68b8126b7b57","怨恨","2021-04-19","事实与证据;定义与达意;选择与自由;责任与后果;爱与回应;心理与主体","02;03;04;05;07;08;09;10;12;14;16;17;18"
"3388","13fedcfe-b9cb-50c9-be68-8d66c2bb86fa","双胞胎","2021-04-19","定义与达意;能力与学习;成本与总账;边界与许可;照料与家庭;劳动与组织;法律与秩序;权力与异议;宗教与自然法","03;04;05;06;07;08;09;10;11;12;13;14;16;17;18"
"3389","68414053-a65f-59e3-8ee9-c5dc88b9b386","萌","2021-04-18","事实与证据;信用与信任;爱与回应;边界与许可;照料与家庭;权力与异议;心理与主体;性别与身体","03;04;05;06;07;08;09;12;14;16;17;18"
"3390","d51d46f6-6ab8-56af-b24a-95f5656705c5","参考文献","2021-04-18","事实与证据;定义与达意;能力与学习;选择与自由;责任与后果;劳动与组织;技术与工程","02;03;06;07;08;09;10;12;13;16;17;18;32;33"
"3391","41c47afa-ca71-5905-924e-bc87c5a24f35","陌生宗教","2021-04-18","定义与达意;选择与自由;文明与历史;宗教与自然法","02;07;09;11;13;15;16;17;18;31;32;33"
"3392","bd13b869-37f3-5f25-9575-ef0c127fa0a2","养老金耗尽","2021-04-18","能力与学习;责任与后果;成本与总账;劳动与组织;财富与市场;法律与秩序","02;03;06;07;08;10;12;13;18"
"3393","b4a0c88b-caab-5e27-9f2d-21b386b67065","忠与叛","2021-04-17","事实与证据;选择与自由;成本与总账;法律与秩序;权力与异议;文明与历史;心理与主体","02;03;07;08;09;10;11;12;13;14;15;16;17;18;31;32;33"
"3394","bc382c56-6be1-54f7-bea3-b7ecdbb075c4","自视","2021-04-17","事实与证据;定义与达意;能力与学习;选择与自由;责任与后果;成本与总账;照料与家庭;权力与异议;文明与历史;人工智能与机器;心理与主体","02;03;04;05;07;08;09;10;11;12;13;14;15;16;17;18;28;29;31;32;33"
"3395","eefce09c-48c7-5fc4-b0f1-a093a7338ce4","合谁的理","2021-04-16","事实与证据;定义与达意;能力与学习;选择与自由;爱与回应","02;04;05;07;08;09;13;14;16;17;18"
"3396","98e8a2f8-4663-5f66-b1a3-c7a1b1984bc3","文科生","2021-04-16","定义与达意;能力与学习;选择与自由;责任与后果;成本与总账;照料与家庭;劳动与组织;法律与秩序;技术与工程;文明与历史;民族与身份;生态与自然","02;03;04;05;06;07;08;09;10;11;12;13;14;15;16;17;18;25;27;31;32;33"
"3397","7a5b2d93-d758-5835-b2cb-af42e6b823e4","用心写","2021-04-15","定义与达意;能力与学习;责任与后果;成本与总账;劳动与组织;财富与市场;文明与历史;心理与主体;性别与身体","02;03;05;06;08;09;10;11;12;13;14;15;16;17;18;31;32;33"
"3398","68ccaf4f-827d-5e61-a89c-bf5e0ef9cdb0","责任感","2021-04-15","事实与证据;定义与达意;能力与学习;选择与自由;责任与后果;成本与总账;信用与信任;净输出与不掠夺","02;03;05;06;07;08;09;10;12;13;16;17;18"
"3399","8388b3e4-3b7b-55d7-912b-7a4b06d7aeb5","信仰自由","2021-04-15","事实与证据;定义与达意;选择与自由;责任与后果;成本与总账;信用与信任;爱与回应;净输出与不掠夺;边界与许可;照料与家庭;劳动与组织;财富与市场;权力与异议;心理与主体;宗教与自然法","02;03;04;05;06;07;08;09;10;11;12;13;14;16;17;18"
"3400","91f10208-ccfc-537c-b5b0-52a986fe4575","核污水","2021-04-14","事实与证据;定义与达意;能力与学习;选择与自由;责任与后果;成本与总账;净输出与不掠夺;财富与市场;法律与秩序;技术与工程;生态与自然","02;03;05;07;08;09;10;12;13;16;17;18;25;32;33"
"3401","82708956-3f58-59e4-9573-c83339e61ae0","新手","2021-04-13","能力与学习;责任与后果;成本与总账;权力与异议;性别与身体","02;03;05;07;08;10;12;13;14;16;18"
"3402","297fd6b5-5590-5967-ae53-ff3cb003b103","评论冰箱","2021-04-13","定义与达意;能力与学习;选择与自由;责任与后果;成本与总账;信用与信任;边界与许可;劳动与组织;财富与市场;权力与异议;技术与工程","02;03;05;06;07;08;09;10;12;13;16;17;18;32;33"
"3403","e1c592d3-dec0-5afe-9497-b5279124745c","祈祷与祝福","2021-04-12","事实与证据;定义与达意;能力与学习;选择与自由;责任与后果;成本与总账;爱与回应;照料与家庭;心理与主体","02;03;04;05;07;08;09;10;12;13;14;16;17;18"
"3404","4ee5b358-51ac-5e7f-9ea9-ee64f2f52eee","三观可塑期","2021-04-11","事实与证据;能力与学习;选择与自由;边界与许可;照料与家庭;法律与秩序;心理与主体;宗教与自然法","02;04;05;07;08;09;11;12;13;14;16;17;18"
"3405","66ecee5f-de6f-5d8e-b57f-1c98e11be210","励志","2021-04-11","事实与证据;能力与学习;选择与自由;责任与后果;成本与总账;信用与信任;爱与回应;照料与家庭;法律与秩序","02;03;04;05;06;07;08;09;10;12;13;14;16;17;18"
"3406","f9cc7af1-4188-52ed-9ba9-d9dac0d9c29f","爱的痛苦","2021-04-10","事实与证据;定义与达意;能力与学习;责任与后果;成本与总账;信用与信任;爱与回应;净输出与不掠夺;权力与异议;技术与工程;心理与主体","02;03;04;05;06;07;08;09;10;12;13;14;16;17;18;32;33"
"3407","6d07692a-a8ee-5cd8-9fac-12538d39d54e","荤戒","2021-04-10","能力与学习;选择与自由;责任与后果;爱与回应;边界与许可;权力与异议","02;03;04;05;07;08;10;12;13;14;16;18"
"3408","2dcc9aa5-68f6-5cf9-b293-8ead4847eae8","爱的好处","2021-04-09","定义与达意;能力与学习;选择与自由;爱与回应;边界与许可;照料与家庭;劳动与组织;法律与秩序;心理与主体;性别与身体","02;04;05;06;07;08;09;10;12;13;14;16;17;18"
"3409","a147c2b8-a54d-57cc-9558-3449a8dce120","拼命解决","2021-04-09","事实与证据;成本与总账;照料与家庭;法律与秩序","03;04;05;07;08;09;10;12;14;16;17;18"
"3410","12788653-c2e9-522a-ba5a-af7dea16d92d","接受现实","2021-04-08","事实与证据;定义与达意;能力与学习;选择与自由;责任与后果;成本与总账;净输出与不掠夺;劳动与组织;权力与异议;文明与历史;心理与主体","02;03;05;06;07;08;09;10;11;12;13;14;15;16;17;18;31;32;33"
"3411","46e2e525-3f04-5cf5-a11d-1a7c7e2e50ab","“我的资源”","2021-04-07","能力与学习;选择与自由;责任与后果;成本与总账;边界与许可;劳动与组织;财富与市场;法律与秩序;技术与工程;文明与历史","02;03;05;06;07;08;10;11;12;13;15;16;17;18;31;32;33"
"3412","0b6f5e29-6980-5b44-b8c9-13da0ff9d4ff","不论大事","2021-04-07","事实与证据;定义与达意;能力与学习;选择与自由;责任与后果;成本与总账;照料与家庭;财富与市场;法律与秩序;生态与自然;心理与主体;性别与身体","02;03;04;05;07;08;09;10;12;13;14;16;17;18;25;32"
"3413","c760d4b4-4c9e-5766-8050-11dcfae50b93","坚持感动","2021-04-06","选择与自由;边界与许可;法律与秩序;权力与异议","02;03;05;07;12;16;18"
"3414","3a143486-3bb9-513f-8fed-504a8209236c","以暴制暴","2021-04-06","定义与达意;能力与学习;成本与总账;爱与回应;边界与许可;劳动与组织;法律与秩序;心理与主体","03;04;05;06;07;08;09;10;12;13;14;16;17;18"
"3415","28ea871e-515d-5e0d-8699-cd1af888f664","制赌","2021-04-05","事实与证据;能力与学习;选择与自由;责任与后果;成本与总账;信用与信任;爱与回应;照料与家庭;劳动与组织;财富与市场;法律与秩序;文明与历史;心理与主体;宗教与自然法","02;03;04;05;06;07;08;09;10;11;12;13;14;15;16;17;18;31;32;33"
"3416","655b3e80-5963-53d4-882f-a561c540d422","神学的课题","2021-04-04","定义与达意;能力与学习;边界与许可;法律与秩序;文明与历史;宗教与自然法","05;07;08;09;11;12;13;15;16;17;18;31;32;33"
"3417","ea9197ca-0a2e-51ee-beeb-ca4773d4a549","持公器","2021-04-03","事实与证据;定义与达意;能力与学习;选择与自由;责任与后果;成本与总账;信用与信任;劳动与组织;法律与秩序;权力与异议;心理与主体","02;03;06;07;08;09;10;12;13;14;16;17;18"
"3418","94f6ee9b-18ea-516b-b1de-738cb0d20a35","理想","2021-04-03","定义与达意;能力与学习;责任与后果;成本与总账;信用与信任;爱与回应;财富与市场;技术与工程;文明与历史;心理与主体;性别与身体","02;03;04;05;06;08;09;10;11;12;13;14;15;16;17;18;31;32;33"
"3419","4f45fb37-42ce-50b0-bc63-17bb009494ca","加油站","2021-04-03","责任与后果;成本与总账;权力与异议","02;03;07;10;12;18"
"3420","eb0078aa-8b15-5fce-87e0-19ee9ddc54c4","懂事","2021-03-31","事实与证据;能力与学习;选择与自由;责任与后果;成本与总账;信用与信任;爱与回应;照料与家庭;劳动与组织;法律与秩序;权力与异议;文明与历史;民族与身份;心理与主体","02;03;04;05;06;07;08;09;10;11;12;13;14;15;16;17;18;27;31;32;33"
"3421","45d0fb61-6a11-5afd-8554-c4094595d5e3","招工人","2021-03-31","定义与达意;能力与学习;选择与自由;责任与后果;成本与总账;信用与信任;照料与家庭;劳动与组织;财富与市场;法律与秩序;技术与工程;文明与历史","02;03;04;05;06;07;08;09;10;11;12;13;14;15;16;17;18;31;32;33"
"3422","ab700c31-b03b-5053-94ca-26e5c87fa1aa","军政府","2021-03-31","事实与证据;能力与学习;选择与自由;责任与后果;成本与总账;劳动与组织;法律与秩序;文明与历史;民族与身份","02;03;06;07;08;09;10;11;12;13;15;16;17;18;27;31;32;33"
"3423","4f24deca-0ca7-5ff3-b124-3dbbf37664d8","品牌","2021-03-30","事实与证据;能力与学习;成本与总账;信用与信任;财富与市场;权力与异议;技术与工程;文明与历史;宗教与自然法","03;06;07;08;09;10;11;12;13;15;17;18;31;32;33"
"3424","5fc52502-95d2-5573-b249-70da97e8742e","中伊25年协议","2021-03-28","责任与后果;法律与秩序;技术与工程","02;03;07;10;12;13;17;18;32;33"
"3425","deb200e0-c374-5825-a63f-aafb3cfb5ebf","“国际巨头”","2021-03-26","定义与达意;能力与学习;责任与后果;成本与总账;信用与信任;财富与市场;法律与秩序;技术与工程","02;03;06;07;08;09;10;12;13;17;18;32;33"
"3426","dc23c975-3d08-5c7d-8933-ed6a1c758139","比特币","2021-03-25","定义与达意;能力与学习;成本与总账;财富与市场;法律与秩序;权力与异议;技术与工程;文明与历史","03;07;08;09;10;11;12;13;15;17;18;31;32;33"
"3427","ae30c818-3a51-5652-a11e-71f91cbc9b33","HM","2021-03-25","事实与证据;定义与达意;选择与自由;成本与总账;信用与信任;财富与市场;法律与秩序;权力与异议;技术与工程;文明与历史","02;03;06;07;08;09;10;11;12;13;15;16;17;18;31;32;33"
"3428","bb09d50d-e515-5ed7-8a7b-987b6c1296c9","挑水果","2021-03-24","定义与达意;选择与自由;财富与市场;性别与身体","02;03;05;07;09;10;13;14;16;17;18"
"3429","f4ee69e7-9b6f-563b-a6b7-3abcef28fe36","商周奴隶制","2021-03-22","定义与达意;责任与后果;劳动与组织;法律与秩序;权力与异议;技术与工程;文明与历史;生态与自然","02;03;06;07;09;10;11;12;13;15;17;18;25;31;32;33"
"3430","9a59d12b-84cd-54df-877a-f07339708884","适合思辨的语言","2021-03-22","定义与达意;能力与学习;成本与总账;法律与秩序;文明与历史;民族与身份","03;07;08;09;10;11;12;13;15;17;18;27;31;32;33"
"3431","56e8024c-986c-569f-af50-5c2965477013","帝国陷阱","2021-03-21","能力与学习;责任与后果;信用与信任;爱与回应;法律与秩序;心理与主体","02;03;04;05;06;07;08;10;12;13;14;16;17;18"
"3432","eab37a83-4841-58ce-90d6-8ccb522172f3","优秀与被爱","2021-03-21","能力与学习;选择与自由;爱与回应;权力与异议;技术与工程;心理与主体","02;03;04;05;07;08;12;13;14;16;17;18;32;33"
"3433","41824a1a-d9da-5134-a987-9f10639e2425","同情的资格","2021-03-21","责任与后果;宗教与自然法","02;03;07;10;11;12;18"
"3434","87c24ce9-61ee-534e-8417-fe0b89090e3b","SOP","2021-03-20","定义与达意;能力与学习;选择与自由;成本与总账;信用与信任;权力与异议;技术与工程;生态与自然","02;03;06;07;08;09;10;12;13;16;17;18;25;32;33"
"3435","c6afed4c-3d1b-5df4-8388-494f7d756c13","年号","2021-03-19","定义与达意;能力与学习;责任与后果;成本与总账;信用与信任;财富与市场;生态与自然;宗教与自然法","02;03;06;07;08;09;10;11;12;13;17;18;25;32"
"3436","80850573-70f7-589d-bb25-8192b5fda3f1","民主的素质","2021-03-18","定义与达意;能力与学习;选择与自由;责任与后果;成本与总账;信用与信任;劳动与组织;法律与秩序;文明与历史","02;03;06;07;08;09;10;11;12;13;15;16;17;18;31;32;33"
"3437","9f8ad892-2a86-50af-87ff-3a420d41040e","上层家庭","2021-03-18","选择与自由;责任与后果;成本与总账;爱与回应;边界与许可;照料与家庭;劳动与组织;权力与异议","02;03;04;05;06;07;10;12;13;14;16;18"
"3438","5406e9dd-6092-547e-8250-2b4b0469ea29","跨国风险","2021-03-17","事实与证据;定义与达意;能力与学习;责任与后果;成本与总账;信用与信任;财富与市场;法律与秩序;民族与身份","02;03;06;07;08;09;10;12;13;17;18;27;31"
"3439","669447b3-e2fc-5430-a9d0-6603ac02bf98","赞美","2021-03-17","事实与证据;选择与自由;信用与信任;心理与主体","02;03;06;07;08;09;12;14;16;17;18"
"3440","eb5a9db0-8712-530c-870a-c68d28da4f12","原画","2021-03-16","事实与证据;定义与达意;能力与学习;责任与后果;爱与回应;边界与许可;劳动与组织;技术与工程;文明与历史;生态与自然;心理与主体","02;03;04;05;06;08;09;10;11;12;13;14;15;16;17;18;25;31;32;33"
"3441","4f7e63e4-364d-5d12-b771-f70ce29c24cd","辜鸿铭的辫子","2021-03-15","事实与证据;定义与达意;能力与学习;爱与回应;文明与历史;民族与身份;心理与主体","04;05;08;09;11;12;13;14;15;16;17;18;27;31;32;33"
"3442","4e7ea5d1-018f-5e57-839c-f91e3065007d","自然法","2021-03-14","定义与达意;能力与学习;选择与自由;责任与后果;成本与总账;边界与许可;法律与秩序;人工智能与机器;性别与身体;宗教与自然法","02;03;05;07;08;09;10;11;12;13;14;16;17;18;28;29;33"
"3443","6394ed80-87a6-5672-be17-6c14abfad7e0","假面","2021-03-14","定义与达意;能力与学习;选择与自由;责任与后果;成本与总账;爱与回应;边界与许可;照料与家庭;劳动与组织;权力与异议;文明与历史;心理与主体","02;03;04;05;06;07;08;09;10;11;12;13;14;15;16;17;18;31;32;33"
"3444","23d38351-f5ed-57a8-9bf4-767f414b2668","永远忐忑","2021-03-13","定义与达意;能力与学习;选择与自由;责任与后果;爱与回应;边界与许可;照料与家庭;权力与异议;心理与主体;宗教与自然法","02;03;04;05;07;08;09;10;11;12;13;14;16;17;18"
"3445","a09de2e3-d992-544b-af65-ff83853f64c5","AI模拟","2021-03-13","成本与总账;技术与工程;人工智能与机器;心理与主体","03;08;10;13;14;17;18;28;29;32;33"
"3446","00f9eb3c-8604-5d96-8324-d25c8798d005","袁崇焕","2021-03-13","事实与证据;定义与达意;能力与学习;选择与自由;责任与后果;成本与总账;信用与信任;劳动与组织;法律与秩序;权力与异议;文明与历史","02;03;06;07;08;09;10;11;12;13;15;16;17;18;31;32;33"
"3447","5d1eba64-f094-5f1c-8c13-b93de47d0c82","教育家","2021-03-12","定义与达意;能力与学习;责任与后果;成本与总账;劳动与组织;财富与市场;法律与秩序;权力与异议;文明与历史;宗教与自然法","02;03;06;07;08;09;10;11;12;13;15;17;18;31;32;33"
"3448","0af76841-1409-5d18-af83-050cdb72bb19","高等教育","2021-03-12","事实与证据;定义与达意;能力与学习;边界与许可;技术与工程;文明与历史;宗教与自然法","05;07;08;09;11;12;13;15;16;17;18;31;32;33"
"3449","fb61d5d3-4e24-56b4-9a64-53d3208bc532","强盗逻辑","2021-03-11","事实与证据;定义与达意;能力与学习;选择与自由;成本与总账;权力与异议;生态与自然;心理与主体","02;03;07;08;09;10;12;13;14;16;17;18;25;32"
"3450","64b86806-35d5-5d11-8c13-cb5aa6ba7648","ta","2021-03-10","定义与达意;选择与自由;责任与后果;法律与秩序;文明与历史;性别与身体","02;03;05;07;09;10;11;12;13;14;15;16;17;18;31;32;33"
"3451","0c2ac588-068e-5031-9108-d72783cbb739","拿身体换","2021-03-10","定义与达意;能力与学习;选择与自由;成本与总账;爱与回应;边界与许可;劳动与组织;财富与市场;法律与秩序;心理与主体;性别与身体","02;03;04;05;06;07;08;09;10;12;13;14;16;17;18"
"3452","808c5b72-6cad-51c8-bd4a-65059a0dcbaa","求学","2021-03-08","事实与证据;定义与达意;能力与学习;选择与自由;责任与后果;成本与总账;信用与信任;爱与回应;劳动与组织;法律与秩序;权力与异议","02;03;04;05;06;07;08;09;10;12;13;14;16;17;18"
"3453","c1e53f26-7ac3-5b28-8dbd-4bf8472e0033","学与玩","2021-03-07","定义与达意;能力与学习;选择与自由;责任与后果;成本与总账;照料与家庭;劳动与组织;财富与市场;文明与历史;性别与身体","02;03;04;05;06;07;08;09;10;11;12;13;14;15;16;17;18;31;32;33"
"3454","9519155b-40a7-5db2-8946-72dcfb82ee53","批评与赞美","2021-03-07","事实与证据;定义与达意;选择与自由;成本与总账;劳动与组织;法律与秩序;宗教与自然法","02;03;06;07;08;09;10;11;12;13;16;17;18"
"3455","d558794b-3a6b-5cb1-9116-ffbefc45c7a3","幽默与性感","2021-03-07","定义与达意;选择与自由;财富与市场;法律与秩序;权力与异议;性别与身体","02;03;05;07;09;10;12;13;14;16;17;18"
"3456","b4019eab-6291-5e07-ac4d-619557d5371e","安全感","2021-03-06","事实与证据;定义与达意;能力与学习;选择与自由;责任与后果;成本与总账;爱与回应;照料与家庭;劳动与组织;财富与市场;法律与秩序;权力与异议;技术与工程;性别与身体;宗教与自然法","02;03;04;05;06;07;08;09;10;11;12;13;14;16;17;18;32;33"
"3457","fc4c2513-04ed-5fd1-9762-417c307ca573","吐字不准","2021-03-06","定义与达意;能力与学习;法律与秩序;权力与异议;技术与工程","03;07;08;09;12;13;17;18;32;33"
"3458","60ac2755-9a38-51f5-8c62-43ed7c44ca7a","美国菜","2021-03-04","能力与学习;责任与后果;成本与总账;劳动与组织;财富与市场;技术与工程;生态与自然","02;03;06;08;10;12;13;17;18;25;32;33"
"3459","62737881-4460-566e-878f-f69de643f501","优越感","2021-03-02","定义与达意;能力与学习;成本与总账;心理与主体;宗教与自然法","03;07;08;09;10;11;13;14;17;18"
"3460","8a7bdf9f-2cce-5d55-9210-618cfb05adcb","学好语文","2021-03-02","定义与达意;能力与学习;责任与后果;成本与总账;信用与信任;劳动与组织;权力与异议;技术与工程;生态与自然;心理与主体","02;03;06;07;08;09;10;12;13;14;17;18;25;32;33"
"3461","4d34493f-ab2b-5279-89e4-630e0b103f1c","高等生命","2021-03-02","事实与证据;文明与历史","08;09;11;13;15;17;31;32;33"
"3462","acf8ecc5-34ac-519a-9f98-75da1557fabe","对人类失望","2021-03-02","能力与学习;选择与自由;责任与后果;成本与总账;爱与回应;边界与许可;法律与秩序;心理与主体","02;03;04;05;07;08;10;12;13;14;16;17;18"
"3463","95d56649-1036-5b30-b30e-c5c1c7f93fb4","朋友合伙","2021-03-01","定义与达意;能力与学习;选择与自由;责任与后果;成本与总账;信用与信任;爱与回应;边界与许可;财富与市场;法律与秩序;权力与异议;文明与历史;心理与主体","02;03;04;05;06;07;08;09;10;11;12;13;14;15;16;17;18;31;32;33"
"3464","abaedfb0-ce0d-58da-8021-2b917fc8f021","可以干","2021-03-01","事实与证据;能力与学习;选择与自由;责任与后果;劳动与组织;性别与身体","02;03;05;06;07;08;09;10;12;13;14;16;17;18"
"3465","769c9d9a-20b2-57e8-a61c-2495ed318571","瞧不起","2021-02-28","事实与证据;定义与达意;能力与学习;选择与自由;责任与后果;成本与总账;爱与回应;边界与许可;照料与家庭;法律与秩序;权力与异议;文明与历史;心理与主体","02;03;04;05;07;08;09;10;11;12;13;14;15;16;17;18;31;32;33"
"3466","7cbceef8-001d-557f-8b71-47f48740c588","下药","2021-02-28","事实与证据;定义与达意;能力与学习;责任与后果;成本与总账;信用与信任;爱与回应;边界与许可;权力与异议;文明与历史;心理与主体","02;03;04;05;06;07;08;09;10;11;12;13;14;15;16;17;18;31;32;33"
"3467","490bc540-4dbb-571f-bfc5-d46bc94fef80","一亿一天","2021-02-28","定义与达意;能力与学习;选择与自由;成本与总账;劳动与组织;财富与市场;法律与秩序;技术与工程;文明与历史","02;03;06;07;08;09;10;11;12;13;15;16;17;18;31;32;33"
"3468","7b7ab164-85aa-5901-bce4-97a71fe56bbf","校服","2021-02-27","事实与证据;定义与达意;能力与学习;选择与自由;责任与后果;成本与总账;照料与家庭;财富与市场;法律与秩序;权力与异议;技术与工程","02;03;04;05;07;08;09;10;12;13;14;16;17;18;32;33"
"3469","4a647263-1ee5-512d-9212-0a20f7e5a595","被害妄想","2021-02-26","定义与达意;能力与学习;选择与自由;责任与后果;成本与总账;爱与回应;技术与工程;心理与主体","02;03;04;05;07;08;09;10;12;13;14;16;17;18;32;33"
"3470","39039726-b55b-5847-a311-ebef85f69ffd","等于","2021-02-25","定义与达意","09;17"
"3471","b38dcebe-c8a8-592d-8feb-ee55c68953b4","沙加","2021-02-25","事实与证据;能力与学习;责任与后果;成本与总账;劳动与组织;法律与秩序;文明与历史;性别与身体","02;03;05;06;07;08;09;10;11;12;13;14;15;16;17;18;31;32;33"
"3472","2afb5f2f-3230-51ec-8201-8bcbec611b85","法律漏洞","2021-02-25","事实与证据;定义与达意;能力与学习;选择与自由;责任与后果;成本与总账;边界与许可;法律与秩序;技术与工程;文明与历史","02;03;05;07;08;09;10;11;12;13;15;16;17;18;31;32;33"
"3473","6e68f889-57e6-54ba-b70b-c2cb2d8219bf","制怒","2021-02-24","定义与达意;能力与学习;选择与自由;责任与后果;成本与总账;信用与信任;爱与回应;净输出与不掠夺;边界与许可;权力与异议;心理与主体;宗教与自然法","02;03;04;05;06;07;08;09;10;11;12;13;14;16;17;18"
"3474","df5ca875-7c68-56e6-9e36-81f00bdf9d0a","发达国家","2021-02-24","事实与证据;定义与达意;选择与自由;成本与总账;法律与秩序;权力与异议;文明与历史","02;03;07;08;09;10;11;12;13;15;16;17;18;31;32;33"
"3475","1b4bff20-c904-5105-9fc2-7db46c3af0db","藏书","2021-02-24","事实与证据;能力与学习;选择与自由;责任与后果;成本与总账;边界与许可;劳动与组织;财富与市场;权力与异议;技术与工程;文明与历史","02;03;05;06;07;08;09;10;11;12;13;15;16;17;18;31;32;33"
"3476","ecfc1be7-86b5-57d6-806d-7a8fcc374949","摆脱贫穷","2021-02-23","事实与证据;定义与达意;能力与学习;成本与总账;信用与信任;边界与许可;照料与家庭;劳动与组织;财富与市场;法律与秩序;权力与异议;技术与工程","03;04;05;06;07;08;09;10;12;13;14;16;17;18;32;33"
"3477","36cdf517-b21b-5ddb-8bce-d6df9cb9c771","爱","2021-02-22","事实与证据;定义与达意;能力与学习;选择与自由;信用与信任;爱与回应;文明与历史;民族与身份;人工智能与机器;心理与主体;性别与身体","02;03;04;05;06;07;08;09;11;12;13;14;15;16;17;18;27;28;29;31;32;33"
"3478","22077ac3-d9c9-52df-aec4-7c56d0904671","爱情","2021-02-22","定义与达意;能力与学习;选择与自由;成本与总账;爱与回应;财富与市场;权力与异议;文明与历史;性别与身体","02;03;04;05;07;08;09;10;11;12;13;14;15;16;17;18;31;32;33"
"3479","f1f793b0-f204-55c3-86c9-80ae827a5b39","画出问题","2021-02-21","能力与学习;责任与后果;技术与工程;心理与主体","02;03;08;10;12;13;14;17;18;32;33"
"3480","2096448f-0b58-53ed-9ea4-f8a73a46f497","性感","2021-02-21","事实与证据;定义与达意;责任与后果;成本与总账;信用与信任;爱与回应;边界与许可;权力与异议;技术与工程;性别与身体","02;03;04;05;06;07;08;09;10;12;13;14;16;17;18;32;33"
"3481","7ecbefa1-40e3-5c6f-8f38-767532773654","“虐猫权”","2021-02-20","定义与达意;选择与自由;责任与后果;成本与总账;边界与许可;法律与秩序;权力与异议","02;03;05;07;09;10;12;16;17;18"
"3482","9ec2d145-4c5b-580b-a0d1-4e7a418b29ad","智能失业","2021-02-20","定义与达意;能力与学习;选择与自由;成本与总账;信用与信任;边界与许可;财富与市场;法律与秩序;权力与异议;文明与历史;生态与自然;人工智能与机器","02;03;05;06;07;08;09;10;11;12;13;15;16;17;18;25;28;29;31;32;33"
"3483","ad7163e7-30a9-57bc-bc21-a8f1f86c2326","离家打工","2021-02-19","能力与学习;选择与自由;责任与后果;成本与总账;信用与信任;边界与许可;照料与家庭;劳动与组织;法律与秩序;权力与异议;技术与工程;心理与主体","02;03;04;05;06;07;08;10;12;13;14;16;17;18;32;33"
"3484","c52bacbe-7fc3-58c6-a3c7-c75a2565b67d","恋童","2021-02-18","事实与证据;定义与达意;能力与学习;选择与自由;责任与后果;成本与总账;爱与回应;边界与许可;照料与家庭;法律与秩序;权力与异议;技术与工程;文明与历史;性别与身体","02;03;04;05;07;08;09;10;11;12;13;14;15;16;17;18;31;32;33"
"3485","178eaaf6-6266-5cb1-be5e-d0b4615eabe7","光棍问题","2021-02-17","能力与学习;选择与自由;照料与家庭;劳动与组织;财富与市场;权力与异议;文明与历史;心理与主体;性别与身体","02;03;04;05;06;07;08;10;11;12;13;14;15;16;17;18;31;32;33"
"3486","8cad2f25-47ba-5ba3-bf95-0ec2a0bb4be6","埋头苦干","2021-02-16","定义与达意;能力与学习;选择与自由;责任与后果;成本与总账;信用与信任;劳动与组织;法律与秩序;权力与异议;心理与主体","02;03;06;07;08;09;10;12;13;14;16;17;18"
"3487","30c953b6-0a40-50ac-820d-9c7fe5ade0da","按需分配","2021-02-15","事实与证据;选择与自由;成本与总账;照料与家庭;文明与历史","02;03;04;05;07;08;09;10;11;13;14;15;16;17;18;31;32;33"
"3488","cceb5b68-1fe2-5616-af79-b205288e252e","导演","2021-02-14","定义与达意;能力与学习;选择与自由;责任与后果;成本与总账;边界与许可;劳动与组织;财富与市场;法律与秩序;权力与异议;技术与工程;文明与历史;人工智能与机器;心理与主体","02;03;05;06;07;08;09;10;11;12;13;14;15;16;17;18;28;29;31;32;33"
"3489","533915a4-3685-5503-b6eb-18cf4a8db274","否定女权的父亲","2021-02-14","定义与达意;能力与学习;选择与自由;爱与回应;照料与家庭;权力与异议;心理与主体","02;03;04;05;07;08;09;12;13;14;16;17;18"
"3490","041f957b-8df2-5d73-8f31-e220b94b7792","危险迹象","2021-02-14","选择与自由;责任与后果;成本与总账;生态与自然;心理与主体","02;03;07;08;10;12;13;14;16;17;18;25;32"
"3491","8783122f-d186-5d22-b153-39156b9276fb","上策","2021-02-13","事实与证据;能力与学习;选择与自由;责任与后果;成本与总账;信用与信任;劳动与组织;法律与秩序;技术与工程;文明与历史;人工智能与机器;心理与主体","02;03;06;07;08;09;10;11;12;13;14;15;16;17;18;28;29;31;32;33"
"3492","90f589a9-7515-56e6-98ab-a9d608f152e6","晚景凄凉","2021-02-12","定义与达意;能力与学习;责任与后果;爱与回应;法律与秩序;权力与异议","02;03;04;05;07;08;09;10;12;13;14;16;17;18"
"3493","366ab128-d0ec-5a22-9185-a7be6c9ef61a","进化王","2021-02-12","定义与达意;能力与学习;选择与自由;技术与工程;文明与历史;生态与自然;性别与身体","02;05;07;08;09;11;13;14;15;16;17;18;25;31;32;33"
"3494","de6cd452-d889-59b4-b010-861d24c0cd34","人设指南","2021-02-12","选择与自由;爱与回应;财富与市场","02;03;04;05;07;10;13;14;16;18"
"3495","e31cc6dc-72c9-588c-a77a-b3fa45637bdc","获美","2021-02-11","事实与证据;能力与学习;选择与自由;财富与市场;性别与身体","02;03;05;07;08;09;10;13;14;16;17;18"
"3496","e1153efa-35ef-5348-93e4-ed2f9e7aac75","剥削","2021-02-11","事实与证据;定义与达意;能力与学习;选择与自由;责任与后果;成本与总账;边界与许可;财富与市场;法律与秩序;权力与异议;性别与身体;宗教与自然法","02;03;05;07;08;09;10;11;12;13;14;16;17;18"
"3497","c4d83e89-9a44-5306-b9b5-025c727928e0","正义","2021-02-07","事实与证据;定义与达意;能力与学习;财富与市场;法律与秩序;文明与历史;民族与身份","03;07;08;09;10;11;12;13;15;17;18;27;31;32;33"
"3498","0d1cbdf6-6f5d-5ffa-96f3-d0405ca39650","领导力特征","2021-02-06","定义与达意;能力与学习;选择与自由;劳动与组织;法律与秩序;文明与历史;心理与主体","02;06;07;08;09;10;11;12;13;14;15;16;17;18;31;32;33"
"3499","f1e1842d-2980-5dd1-a747-05421f256507","手撕领导","2021-02-06","事实与证据;能力与学习;选择与自由;责任与后果;成本与总账;劳动与组织;法律与秩序","02;03;06;07;08;09;10;12;13;16;17;18"
"3500","7c1411c5-4487-5f94-9252-ba8067b5245f","战胜抑郁","2021-02-06","能力与学习;文明与历史;心理与主体","08;11;13;14;15;17;18;31;32;33"
"3501","f04084e1-6bfb-5012-a1a1-d6b4112e3245","日本早餐","2021-02-03","责任与后果;成本与总账;财富与市场;法律与秩序","02;03;07;10;12;13;18"
"3502","b203d8f0-0f3b-526f-a583-481f99a32d7c","“防止女性化”","2021-02-01","能力与学习;责任与后果;法律与秩序;性别与身体","02;03;05;07;08;10;12;13;14;16;18"
"3503","cf744236-ae73-5eb0-92f5-30c22ef8dd19","三流作家","2021-01-30","能力与学习;选择与自由;责任与后果","02;03;07;08;10;12;13;16;18"
"3504","86c208a0-82d6-52b0-bf35-e3fa3cd072f2","魄力","2021-01-29","事实与证据;能力与学习;选择与自由;责任与后果;成本与总账;边界与许可;劳动与组织;法律与秩序","02;03;05;06;07;08;09;10;12;13;16;17;18"
"3505","ce505c6b-3df6-5ff4-a2b0-eacec077e9ab","绝对安全","2021-01-28","事实与证据;能力与学习;选择与自由;责任与后果;成本与总账;法律与秩序;权力与异议;心理与主体","02;03;07;08;09;10;12;13;14;16;17;18"
"3506","70573ee8-4c14-5aeb-8ebd-fe06b1d45043","核披萨","2021-01-27","定义与达意;责任与后果","02;03;09;10;12;17;18"
"3507","2993d264-21e0-5a60-83c3-a67eb9bb2413","制造业","2021-01-27","定义与达意;能力与学习;选择与自由;劳动与组织;财富与市场;技术与工程;生态与自然","02;03;06;07;08;09;10;13;16;17;18;25;32;33"
"3508","42e026e0-f291-5bdd-aba7-6a0f886131c9","原谅","2021-01-27","定义与达意;能力与学习;选择与自由;责任与后果;成本与总账;信用与信任;爱与回应;边界与许可","02;03;04;05;06;07;08;09;10;12;13;14;16;17;18"
"3509","61d69484-1bfa-5a22-ab5b-1730a239a214","女权挑战","2021-01-25","事实与证据;定义与达意;能力与学习;选择与自由;责任与后果;成本与总账;劳动与组织;法律与秩序;权力与异议;心理与主体;性别与身体","02;03;05;06;07;08;09;10;12;13;14;16;17;18"
"3510","77880b8f-5e2b-5a20-979b-420df1f148ba","自弃","2021-01-25","事实与证据;定义与达意;能力与学习;选择与自由;成本与总账;照料与家庭;财富与市场;性别与身体","02;03;04;05;07;08;09;10;13;14;16;17;18"
"3511","2a406215-ff67-574c-be56-d93e04992e6a","老人跳桥","2021-01-24","能力与学习;选择与自由;责任与后果;信用与信任;爱与回应;照料与家庭;劳动与组织;财富与市场;法律与秩序;心理与主体","02;03;04;05;06;07;08;10;12;13;14;16;17;18"
"3512","6699eaa6-491e-56b4-b016-51c236caeb82","天赋特权","2021-01-22","能力与学习;责任与后果;成本与总账;爱与回应;照料与家庭;权力与异议","02;03;04;05;07;08;10;12;13;14;16;18"
"3513","c956094a-3273-5003-86fe-e449c3485a3e","“几代人的努力”","2021-01-22","定义与达意;能力与学习;责任与后果;成本与总账;信用与信任;爱与回应;净输出与不掠夺;劳动与组织;财富与市场;法律与秩序;权力与异议;文明与历史;生态与自然","02;03;04;05;06;07;08;09;10;11;12;13;14;15;16;17;18;25;31;32;33"
"3514","90628fd7-0bb5-538f-b643-d02f58997cb8","操纵","2021-01-20","事实与证据;能力与学习;选择与自由;爱与回应;法律与秩序","02;04;05;07;08;09;12;13;14;16;17;18"
"3515","ff22fff4-3fed-5f39-a97d-a8cab0a834ed","蠢聪明","2021-01-19","定义与达意;能力与学习;选择与自由;成本与总账;爱与回应;财富与市场;心理与主体","02;03;04;05;07;08;09;10;13;14;16;17;18"
"3516","648586c8-4dde-5e7a-a35a-46d65483e4b6","道歉","2021-01-19","事实与证据;定义与达意;责任与后果;成本与总账;爱与回应;劳动与组织;技术与工程;心理与主体;宗教与自然法","02;03;04;05;06;07;08;09;10;11;12;13;14;16;17;18;32;33"
"3517","0c308005-388e-5c6d-b12f-b3ab093ca06a","火锅","2021-01-18","定义与达意;能力与学习;责任与后果;技术与工程;文明与历史","02;03;08;09;10;11;12;13;15;17;18;31;32;33"
"3518","8f899e3c-c99f-590f-8c18-50fff688988d","亲子冲突","2021-01-17","定义与达意;能力与学习;责任与后果;成本与总账;信用与信任;爱与回应;净输出与不掠夺;边界与许可;照料与家庭;法律与秩序;权力与异议;技术与工程;文明与历史;心理与主体","02;03;04;05;06;07;08;09;10;11;12;13;14;15;16;17;18;31;32;33"
"3519","4f0d4841-15a9-55fb-b3d5-f2b4cef556dd","重组家庭的难题","2021-01-15","定义与达意;能力与学习;信用与信任;爱与回应;照料与家庭;权力与异议;心理与主体","03;04;05;06;07;08;09;12;13;14;16;17;18"
"3520","f9d288d4-cbf7-51e0-ae6f-a7180096ce4c","不怯场","2021-01-14","事实与证据;定义与达意;能力与学习;选择与自由;责任与后果;权力与异议;文明与历史;心理与主体","02;03;07;08;09;10;11;12;13;14;15;16;17;18;31;32;33"
"3521","1fbdeed7-b6a8-544f-b242-1fa9e88eae9d","情绪失控的孩子","2021-01-12","选择与自由;责任与后果;爱与回应;边界与许可;照料与家庭;财富与市场;心理与主体","02;03;04;05;07;08;10;12;13;14;16;17;18"
"3522","8ac10e4e-bb0c-5822-bb8e-bfed9bd7fa41","性骚扰","2021-01-11","事实与证据;定义与达意;边界与许可;心理与主体","05;08;09;12;14;16;17;18"
"3523","336acd26-3630-5e3a-aad7-480d7cec5d5e","不抱怨","2021-01-09","事实与证据;定义与达意;能力与学习;选择与自由;责任与后果;成本与总账;爱与回应;净输出与不掠夺;照料与家庭;劳动与组织;法律与秩序;权力与异议;心理与主体","02;03;04;05;06;07;08;09;10;12;13;14;16;17;18"
"3524","1a04670d-81dd-57f8-9e6e-36f9bf53b5d9","无道德社会","2021-01-09","定义与达意;能力与学习;选择与自由;责任与后果;信用与信任;文明与历史","02;03;06;07;08;09;10;11;12;13;15;16;17;18;31;32;33"
"3525","acb72aeb-7943-50d1-a5a2-91cbdac51a45","“大众心理学”","2021-01-08","能力与学习;成本与总账;照料与家庭;权力与异议;生态与自然;心理与主体","03;04;05;07;08;10;12;13;14;16;17;18;25;32"
"3526","c364b908-c9e6-5d4c-a8d0-0d75e624bd4a","虚荣","2021-01-08","事实与证据;定义与达意;能力与学习;净输出与不掠夺;照料与家庭;劳动与组织;财富与市场;法律与秩序;心理与主体;性别与身体","03;04;05;06;07;08;09;10;12;13;14;16;17;18"
"3527","024252b1-852d-5d49-9c49-5a931e3aeb8a","有修养","2021-01-07","能力与学习;选择与自由;信用与信任;爱与回应;边界与许可;文明与历史;心理与主体","02;03;04;05;06;07;08;11;12;13;14;15;16;17;18;31;32;33"
"3528","eb8d27c4-447e-585a-8da7-2c63cec67e41","怒的边界","2021-01-05","事实与证据;定义与达意;能力与学习;选择与自由;责任与后果;成本与总账;边界与许可;照料与家庭;法律与秩序;权力与异议;心理与主体","02;03;04;05;07;08;09;10;12;13;14;16;17;18"
"3529","4791bcbd-5742-5a2a-99a9-3ec2268c42aa","口红色号","2021-01-04","定义与达意;能力与学习;选择与自由;责任与后果;技术与工程;文明与历史","02;03;07;08;09;10;11;12;13;15;16;17;18;31;32;33"
"3530","4f088894-9e0d-57a4-9b1b-b34c185c6363","子女的隐私","2021-01-03","能力与学习;选择与自由;责任与后果;成本与总账;爱与回应;边界与许可;照料与家庭;劳动与组织","02;03;04;05;06;07;08;10;12;13;14;16;18"
"3531","d5d2eb94-9176-5674-975f-aae5622c7f16","与世界为敌","2021-01-03","定义与达意;能力与学习;选择与自由;责任与后果;成本与总账;照料与家庭;法律与秩序;权力与异议;心理与主体","02;03;04;05;07;08;09;10;12;13;14;16;17;18"
"3532","373f860b-40da-594f-808b-a70e894e3b2b","悟性","2021-01-02","事实与证据;定义与达意;能力与学习;选择与自由;照料与家庭;技术与工程","02;04;05;07;08;09;13;14;16;17;18;32;33"
"3533","24f7df8d-520b-5b68-8e03-ebedd53e98f1","提升格局","2021-01-02","事实与证据;定义与达意;爱与回应;财富与市场;权力与异议;心理与主体","03;04;05;07;08;09;10;12;13;14;16;17;18"
"3534","dcecd060-b32c-5aec-86cc-4fe76ea06dbf","我是对的","2021-01-02","事实与证据;责任与后果;成本与总账;照料与家庭;劳动与组织;权力与异议;生态与自然;心理与主体;宗教与自然法","02;03;04;05;06;07;08;09;10;11;12;13;14;16;17;18;25;32"
"3535","0c019eb3-a06b-5fe2-b944-181d24683294","各归各","2021-01-01","定义与达意;能力与学习;选择与自由;责任与后果;成本与总账;爱与回应;法律与秩序;权力与异议;文明与历史","02;03;04;05;07;08;09;10;11;12;13;14;15;16;17;18;31;32;33"
"3536","0eeda817-2c77-5fa3-9fb5-00fc481cce44","群体决策","2021-01-01","定义与达意;劳动与组织;权力与异议;技术与工程","03;06;07;09;10;12;13;17;18;32;33"
"3537","f4b99aaa-c136-5a94-8b4d-c47fac6dc4fb","求同存异","2020-12-31","事实与证据;定义与达意;能力与学习;责任与后果;成本与总账;爱与回应;净输出与不掠夺;边界与许可;劳动与组织;权力与异议;技术与工程;文明与历史;心理与主体","02;03;04;05;06;07;08;09;10;11;12;13;14;15;16;17;18;31;32;33"
"3538","81d8887e-c21c-5687-a06b-f81a8450748e","真奢侈品","2020-12-29","事实与证据;能力与学习;选择与自由;责任与后果;爱与回应;劳动与组织;财富与市场;文明与历史","02;03;04;05;06;07;08;09;10;11;12;13;14;15;16;17;18;31;32;33"
"3539","5cc6bd75-a60b-50b3-987e-49f80a53bd0f","可信","2020-12-29","事实与证据;定义与达意;能力与学习;选择与自由;责任与后果;信用与信任","02;03;06;07;08;09;10;12;13;16;17;18"
"3540","0d3cda4e-4fca-58c1-8f22-dc4c861a326f","重感情","2020-12-29","事实与证据;定义与达意;能力与学习;选择与自由;责任与后果;成本与总账;爱与回应;照料与家庭;劳动与组织;财富与市场;法律与秩序;文明与历史","02;03;04;05;06;07;08;09;10;11;12;13;14;15;16;17;18;31;32;33"
"3541","927ba21c-4a62-5601-8434-bf3d8290b3f2","全职主妇","2020-12-27","定义与达意;能力与学习;选择与自由;责任与后果;成本与总账;信用与信任;照料与家庭;法律与秩序;权力与异议;文明与历史;心理与主体","02;03;04;05;06;07;08;09;10;11;12;13;14;15;16;17;18;31;32;33"
"3542","f7bb2986-974b-5af2-858c-e002d15899d9","独立思考","2020-12-26","事实与证据;定义与达意;能力与学习;选择与自由;成本与总账;财富与市场;心理与主体;性别与身体","02;03;05;07;08;09;10;13;14;16;17;18"
"3543","6eda17f3-4a16-58f7-9e93-ed22b8a89a8b","施压","2020-12-25","能力与学习;选择与自由;边界与许可;照料与家庭;劳动与组织;法律与秩序;权力与异议","02;03;04;05;06;07;08;10;12;13;14;16;18"
"3544","b510f068-9703-5f3a-ab80-90d8075560e0","不紧张","2020-12-24","定义与达意;能力与学习;选择与自由;责任与后果;成本与总账;信用与信任;边界与许可;心理与主体","02;03;05;06;07;08;09;10;12;13;14;16;17;18"
"3545","3bd9dad6-2f43-5ccb-95d9-e82952da5907","利用","2020-12-24","定义与达意;选择与自由;成本与总账;边界与许可;照料与家庭;权力与异议;技术与工程;生态与自然","02;03;04;05;07;09;10;12;13;14;16;17;18;25;32;33"
"3546","eb817668-8953-5e28-b9a7-f964e1289010","真诚","2020-12-23","定义与达意;能力与学习;责任与后果;成本与总账;信用与信任;边界与许可;心理与主体","02;03;05;06;08;09;10;12;13;14;16;17;18"
"3547","95ef75be-2c7d-5ba6-8707-7c2b5e68e527","“不卑不亢”","2020-12-23","能力与学习;信用与信任;爱与回应;法律与秩序;技术与工程","03;04;05;06;07;08;12;13;14;16;17;18;32;33"
"3548","767835a5-0cba-533c-9891-6d8ad799ae1e","血滴子","2020-12-22","事实与证据;能力与学习;选择与自由;责任与后果;成本与总账;信用与信任;照料与家庭;技术与工程;心理与主体","02;03;04;05;06;07;08;09;10;12;13;14;16;17;18;32;33"
"3549","f92334cc-ffc6-55a7-89cb-bccde54d62c4","敌人","2020-12-21","事实与证据;定义与达意;选择与自由;责任与后果;成本与总账;爱与回应;边界与许可;劳动与组织;财富与市场;法律与秩序;权力与异议;技术与工程;文明与历史;心理与主体","02;03;04;05;06;07;08;09;10;11;12;13;14;15;16;17;18;31;32;33"
"3550","250b12b2-5530-527c-870c-a33dc4782e36","奢侈品","2020-12-20","能力与学习;选择与自由;责任与后果;成本与总账;边界与许可;照料与家庭;劳动与组织;财富与市场;法律与秩序;技术与工程;文明与历史","02;03;04;05;06;07;08;10;11;12;13;14;15;16;17;18;31;32;33"
"3551","1a3e0866-e202-53ae-85d0-982a9f094a8b","柔者为师","2020-12-19","定义与达意;能力与学习;法律与秩序;权力与异议;心理与主体","03;07;08;09;12;13;14;17;18"
"3552","92aa0eef-4f02-5861-8217-f8b28866a6cb","苦而不忍","2020-12-18","事实与证据;定义与达意;能力与学习;选择与自由;责任与后果;成本与总账;爱与回应;照料与家庭;劳动与组织;权力与异议;文明与历史;生态与自然;心理与主体","02;03;04;05;06;07;08;09;10;11;12;13;14;15;16;17;18;25;31;32;33"
"3553","e26a2168-bceb-5d4e-8d64-4becba6b8c57","情侣话题","2020-12-18","定义与达意;能力与学习;成本与总账;信用与信任;爱与回应;生态与自然","03;04;05;06;08;09;10;12;13;14;16;17;18;25;32"
"3554","a496a21a-87c8-5ef7-a452-252abeea5b10","反感吹牛","2020-12-17","定义与达意;能力与学习;选择与自由;责任与后果;成本与总账;信用与信任;爱与回应;边界与许可","02;03;04;05;06;07;08;09;10;12;13;14;16;17;18"
"3555","b5618967-6ef0-5b70-ba16-c2702c7e7a6e","不可追","2020-12-17","定义与达意;选择与自由;爱与回应;边界与许可","02;04;05;07;09;12;14;16;17;18"
"3556","e5cc0350-1b8f-59ad-ba68-b9dee3e10b4c","无错","2020-12-17","选择与自由;责任与后果;成本与总账;生态与自然;心理与主体","02;03;07;08;10;12;13;14;16;17;18;25;32"
"3557","6503eda8-f032-55dc-b4e0-6babb0af32e1","马斯洛","2020-12-15","能力与学习;选择与自由;文明与历史;心理与主体","02;07;08;11;13;14;15;16;17;18;31;32;33"
"3558","fad3df78-6451-5622-9bbe-a61edfead831","安全带","2020-12-13","责任与后果;成本与总账;信用与信任;财富与市场;法律与秩序;技术与工程","02;03;06;07;10;12;13;17;18;32;33"
"3559","df000979-793a-5f0c-b94d-579ac402116a","歧视的自由","2020-12-13","事实与证据;定义与达意;选择与自由;责任与后果;成本与总账;信用与信任;爱与回应;劳动与组织;法律与秩序;权力与异议;民族与身份;性别与身体","02;03;04;05;06;07;08;09;10;12;13;14;16;17;18;27;31"
"3560","13eda242-b590-58b9-877a-562320cec1ff","逢赌之盛","2020-12-12","责任与后果;成本与总账;财富与市场;心理与主体","02;03;08;10;12;13;14;17;18"
"3561","cdf1315e-9753-550f-8e55-651c06dfa32f","没伦理","2020-12-11","事实与证据;责任与后果","02;03;08;09;10;12;17;18"
"3562","0242735c-b098-5203-b3bd-cc83e7fb35cb","学习的快乐","2020-12-11","能力与学习;责任与后果;成本与总账;爱与回应;照料与家庭;劳动与组织;权力与异议;心理与主体;性别与身体","02;03;04;05;06;07;08;10;12;13;14;16;17;18"
"3563","c0a13aa7-6476-5774-b661-e424f933d513","爱语","2020-12-09","定义与达意;责任与后果;爱与回应","02;03;04;05;09;10;12;14;16;17;18"
"3564","bf4744c2-3e0a-5de2-aa51-4c64ec43f9b4","所托非人","2020-12-08","事实与证据;能力与学习;选择与自由;责任与后果;成本与总账;爱与回应;边界与许可;照料与家庭;权力与异议;文明与历史;心理与主体;性别与身体","02;03;04;05;07;08;09;10;11;12;13;14;15;16;17;18;31;32;33"
"3565","974497b2-67d3-567f-a80a-136a5efb333c","愚蠢的自由","2020-12-04","定义与达意;选择与自由;成本与总账;边界与许可;权力与异议","02;03;05;07;09;10;12;16;17;18"
"3566","00913701-44d4-5afc-b1c7-afbb4a2f081d","一秒钟","2020-11-30","事实与证据;定义与达意;能力与学习;责任与后果;成本与总账;爱与回应;边界与许可;照料与家庭;法律与秩序;文明与历史","02;03;04;05;07;08;09;10;11;12;13;14;15;16;17;18;31;32;33"
"3567","070aa60a-20a7-51aa-8efa-a73cce9d21ac","以死明志","2020-11-28","事实与证据;定义与达意;能力与学习;选择与自由;责任与后果;成本与总账;信用与信任;爱与回应;照料与家庭;劳动与组织;法律与秩序;权力与异议;文明与历史;宗教与自然法","02;03;04;05;06;07;08;09;10;11;12;13;14;15;16;17;18;31;32;33"
"3568","a878e18a-f50a-50d3-8b66-ab21df943436","税负","2020-11-28","能力与学习;责任与后果;成本与总账;劳动与组织;法律与秩序;文明与历史;心理与主体","02;03;06;07;08;10;11;12;13;14;15;17;18;31;32;33"
"3569","f1d9f87b-25e5-578e-9e66-cd400174e568","至勇","2020-11-26","事实与证据;定义与达意;选择与自由","02;07;08;09;16;17;18"
"3570","44c1bf5b-c995-5657-bdc7-03a4073d9f99","温柔","2020-11-26","定义与达意;能力与学习;选择与自由;责任与后果;成本与总账;信用与信任;边界与许可;法律与秩序;权力与异议;心理与主体","02;03;05;06;07;08;09;10;12;13;14;16;17;18"
"3571","174f760a-ffab-5b96-861d-ca2d546a6a51","瞧不起努力","2020-11-25","事实与证据;选择与自由;责任与后果;成本与总账;劳动与组织;心理与主体","02;03;06;07;08;09;10;12;13;14;16;17;18"
"3572","170f9bfc-d18d-565b-86b6-0b8e5814ed6a","杀死美国经济","2020-11-24","事实与证据;能力与学习;成本与总账;照料与家庭;财富与市场;技术与工程;生态与自然","03;04;05;08;09;10;13;14;16;17;18;25;32;33"
"3573","19a2ff4c-0f01-5107-aa11-9614b01f7666","时间不够","2020-11-23","定义与达意;能力与学习;选择与自由;爱与回应;劳动与组织;财富与市场;心理与主体","02;03;04;05;06;07;08;09;10;13;14;16;17;18"
"3574","f7642b7d-6dbe-566f-b7f8-626f1015ce16","学棋","2020-11-23","定义与达意;能力与学习;成本与总账;心理与主体","03;08;09;10;13;14;17;18"
"3575","4c5a7c53-d0d5-5ca5-9835-a156c0eac0b6","丟石头的","2020-11-23","事实与证据;能力与学习;选择与自由;责任与后果;边界与许可;照料与家庭;法律与秩序;权力与异议;文明与历史;心理与主体","02;03;04;05;07;08;09;10;11;12;13;14;15;16;17;18;31;32;33"
"3576","e72842ba-85b7-5335-8809-eaeef0c78039","底线","2020-11-22","定义与达意;成本与总账;边界与许可;技术与工程;文明与历史;心理与主体;性别与身体","03;05;08;09;10;11;12;13;14;15;16;17;18;31;32;33"
"3577","27419a6a-7676-5037-902d-c93399b96f37","不杀妇孺","2020-11-22","定义与达意;责任与后果;成本与总账;信用与信任;爱与回应;边界与许可;照料与家庭;法律与秩序;权力与异议;文明与历史;民族与身份;性别与身体;宗教与自然法","02;03;04;05;06;07;09;10;11;12;13;14;15;16;17;18;27;31;32;33"
"3578","8a078085-69d1-547e-b139-ed0ee632950b","涉密","2020-11-21","事实与证据;责任与后果;成本与总账;劳动与组织;法律与秩序;权力与异议","02;03;06;07;08;09;10;12;13;17;18"
"3579","41f48569-a891-5ceb-810b-264b1810d3f3","买鱼","2020-11-21","选择与自由;责任与后果;成本与总账;信用与信任;财富与市场;心理与主体","02;03;06;07;08;10;12;13;14;16;17;18"
"3580","6ee6c6fa-790a-50d2-be45-d01a3d9772a0","女生不讲理","2020-11-19","事实与证据;定义与达意;能力与学习;选择与自由;责任与后果;成本与总账;信用与信任;爱与回应;边界与许可;照料与家庭;法律与秩序;权力与异议;心理与主体;性别与身体","02;03;04;05;06;07;08;09;10;12;13;14;16;17;18"
"3581","e7c70f42-42ee-5c05-8a6d-753b7c3c92aa","虚伪","2020-11-16","事实与证据;定义与达意;能力与学习;选择与自由;责任与后果;成本与总账;爱与回应","02;03;04;05;07;08;09;10;12;13;14;16;17;18"
"3582","22f68966-e8c4-59d8-845b-6a0cea8453f0","RCEP","2020-11-15","选择与自由;文明与历史;心理与主体","02;07;08;11;13;14;15;16;17;18;31;32;33"
"3583","a81e9f31-639e-5517-a841-a98ecc87af8d","德不配位","2020-11-11","能力与学习;责任与后果;照料与家庭;劳动与组织;心理与主体;性别与身体","02;03;04;05;06;08;10;12;13;14;16;17;18"
"3584","2cafa14d-8a38-5489-8168-38b9702a1821","下一轮","2020-11-10","事实与证据;能力与学习;选择与自由;责任与后果;成本与总账;财富与市场;法律与秩序;技术与工程;文明与历史;生态与自然","02;03;07;08;09;10;11;12;13;15;16;17;18;25;31;32;33"
"3585","d8038a0d-886c-5944-9b7b-078cfb077e24","以武促统","2020-11-10","事实与证据;定义与达意;能力与学习;责任与后果;爱与回应;劳动与组织;技术与工程;心理与主体","02;03;04;05;06;08;09;10;12;13;14;16;17;18;32;33"
"3586","0be8c071-75a0-5729-b3cf-625ec9aaae47","吵架大妈","2020-11-08","能力与学习;选择与自由;爱与回应","02;04;05;07;08;13;14;16;18"
"3587","91a1dfc4-1682-5ce5-aef7-232019d8085d","科学教","2020-11-08","事实与证据;能力与学习;选择与自由;责任与后果;成本与总账;信用与信任;爱与回应;边界与许可;劳动与组织;文明与历史","02;03;04;05;06;07;08;09;10;11;12;13;14;15;16;17;18;31;32;33"
"3588","005096aa-1644-5231-98c8-fbde8c99fb32","玄门正宗","2020-11-07","定义与达意;能力与学习;劳动与组织;法律与秩序;权力与异议;技术与工程;文明与历史;民族与身份;性别与身体","03;05;06;07;08;09;10;11;12;13;14;15;16;17;18;27;31;32;33"
"3589","68434efd-b4b2-5ce3-8a97-8864805ba63a","轮子科技","2020-11-06","定义与达意;能力与学习;责任与后果;成本与总账;劳动与组织;财富与市场;权力与异议;技术与工程;文明与历史","02;03;06;07;08;09;10;11;12;13;15;17;18;31;32;33"
"3590","9b65ddf4-d156-516a-a858-915e4a0cce60","稳重","2020-11-06","事实与证据;定义与达意;能力与学习;选择与自由;成本与总账;边界与许可;财富与市场;权力与异议;生态与自然;心理与主体","02;03;05;07;08;09;10;12;13;14;16;17;18;25;32"
"3591","6d972b31-ca74-5ed9-a989-2d0352cf6ba4","日式","2020-11-05","事实与证据;能力与学习;选择与自由;责任与后果;财富与市场;技术与工程;文明与历史;民族与身份","02;03;07;08;09;10;11;12;13;15;16;17;18;27;31;32;33"
"3592","c58bad68-8142-5988-87f3-e138e4689be9","踏实","2020-11-05","事实与证据;能力与学习;成本与总账;信用与信任;边界与许可;权力与异议;心理与主体","03;05;06;07;08;09;10;12;13;14;16;17;18"
"3593","7b8df002-08e5-56f7-bb28-91d2ce22a87d","条理","2020-11-03","事实与证据;定义与达意;能力与学习;责任与后果;成本与总账;边界与许可;财富与市场;法律与秩序;权力与异议;技术与工程;生态与自然;心理与主体","02;03;05;07;08;09;10;12;13;14;16;17;18;25;32;33"
"3594","97c93403-cbf7-5d99-bd0a-c05b147e9803","胡锡进","2020-11-02","事实与证据;定义与达意;能力与学习;责任与后果;爱与回应","02;03;04;05;08;09;10;12;13;14;16;17;18"
"3595","56e3a9cc-c9e3-540e-a538-17e248e9700c","画的关键","2020-11-02","事实与证据;定义与达意;能力与学习;选择与自由;责任与后果;成本与总账;财富与市场;技术与工程","02;03;07;08;09;10;12;13;16;17;18;32;33"
"3596","e6b593e6-a6bd-52fe-9288-9aae7b316726","全职太太","2020-10-31","事实与证据;能力与学习;选择与自由;责任与后果;信用与信任;照料与家庭;劳动与组织;法律与秩序;文明与历史;性别与身体","02;03;04;05;06;07;08;09;10;11;12;13;14;15;16;17;18;31;32;33"
"3597","dd6ddd34-70e9-5f86-a3e7-658ca8a20c3c","学哲学","2020-10-30","事实与证据;定义与达意;能力与学习;选择与自由;责任与后果;爱与回应;边界与许可;权力与异议;技术与工程;文明与历史;心理与主体","02;03;04;05;07;08;09;10;11;12;13;14;15;16;17;18;31;32;33"
"3598","e6d6bfe3-a168-5665-a4a4-9ccff90ce3cb","母港","2020-10-26","定义与达意;选择与自由;责任与后果;信用与信任;边界与许可;劳动与组织;文明与历史","02;03;05;06;07;09;10;11;12;13;15;16;17;18;31;32;33"
"3599","e9569275-d05c-50f2-83f6-b90243b60a89","所谓大战略家","2020-10-25","定义与达意;能力与学习;法律与秩序;文明与历史;生态与自然","07;08;09;11;12;13;15;17;18;25;31;32;33"
"3600","e6c5aa02-5567-53d5-8c88-430f5cdd949b","王天下","2020-10-25","定义与达意;能力与学习;选择与自由;责任与后果;成本与总账;法律与秩序;权力与异议;技术与工程;文明与历史;民族与身份;生态与自然;宗教与自然法","02;03;07;08;09;10;11;12;13;15;16;17;18;25;27;31;32;33"
"3601","60fd68e8-349f-5c64-b2e6-3dd30224a986","打僵尸","2020-10-25","能力与学习;技术与工程","08;13;17;18;32;33"
"3602","4eac69b1-4713-5748-818b-c42d09142c37","金刚川","2020-10-24","事实与证据;定义与达意;能力与学习;责任与后果;成本与总账;劳动与组织;财富与市场;法律与秩序;技术与工程;文明与历史","02;03;06;07;08;09;10;11;12;13;15;17;18;31;32;33"
"3603","9d092af8-9d49-5ddb-a70e-105515d496b0","高差","2020-10-23","选择与自由;技术与工程;文明与历史","02;07;11;13;15;16;17;18;31;32;33"
"3604","ee56045a-57e2-5e8b-9d1b-883b80647fe4","伟大的自私","2020-10-22","责任与后果;净输出与不掠夺","02;03;05;10;12;16;18"
"3605","a58a755a-a236-5fe7-bc05-89432904779d","优秀的被诋毁者","2020-10-22","事实与证据;定义与达意;能力与学习;责任与后果;成本与总账;信用与信任;爱与回应","02;03;04;05;06;08;09;10;12;13;14;16;17;18"
"3606","0cc1ee55-fcb5-5026-94ca-bb78f83700b2","教养","2020-10-21","事实与证据;定义与达意;能力与学习;责任与后果;成本与总账;爱与回应;边界与许可;照料与家庭;法律与秩序;心理与主体","02;03;04;05;07;08;09;10;12;13;14;16;17;18"
"3607","2867ed0d-0c0c-5bb4-a328-50f679d93142","长江天险","2020-10-21","定义与达意;选择与自由;成本与总账;爱与回应;边界与许可;权力与异议;心理与主体","02;03;04;05;07;08;09;10;12;14;16;17;18"
"3608","f56baf4c-6d3c-5b38-aba5-1a38b413f041","你讨厌的那种人","2020-10-13","能力与学习;选择与自由;责任与后果;爱与回应","02;03;04;05;07;08;10;12;13;14;16;18"
"3609","1068d35e-a16d-557f-a8a8-d98c28bc2017","提高收入","2020-10-13","能力与学习;选择与自由;责任与后果;成本与总账;爱与回应;照料与家庭;劳动与组织;财富与市场;技术与工程","02;03;04;05;06;07;08;10;12;13;14;16;17;18;32;33"
"3610","c4effbba-4dba-537e-8bdb-e889fc6baf00","幸福感","2020-10-11","定义与达意;劳动与组织;财富与市场","03;06;09;10;13;17;18"
"3611","23d679c7-bf1c-5572-9320-d6854eeac3a0","自强","2020-10-10","能力与学习;责任与后果;爱与回应;边界与许可;法律与秩序;技术与工程;心理与主体","02;03;04;05;07;08;10;12;13;14;16;17;18;32;33"
"3612","ca98070c-112a-5de1-8d8e-7afed106ea9e","计划经济","2020-10-09","事实与证据;定义与达意;能力与学习;选择与自由;责任与后果;成本与总账;信用与信任;劳动与组织;财富与市场;法律与秩序;权力与异议;技术与工程;文明与历史;人工智能与机器","02;03;06;07;08;09;10;11;12;13;15;16;17;18;28;29;31;32;33"
"3613","a7027ceb-e6d0-599d-994b-981381e335ea","独得之秘","2020-10-08","事实与证据;能力与学习;边界与许可;劳动与组织;财富与市场;法律与秩序;技术与工程;生态与自然","03;05;06;07;08;09;10;12;13;16;17;18;25;32;33"
"3614","13015fe8-ed9f-56a9-94ea-3d7db2d69f69","偏执","2020-10-06","定义与达意;选择与自由;边界与许可","02;05;07;09;12;16;17;18"
"3615","40e8c68d-cce0-50c8-8387-0c454ca93e8b","培养下属","2020-10-06","事实与证据;能力与学习;选择与自由;责任与后果;成本与总账;信用与信任;净输出与不掠夺;照料与家庭;劳动与组织;财富与市场;法律与秩序;权力与异议;技术与工程","02;03;04;05;06;07;08;09;10;12;13;14;16;17;18;32;33"
"3616","0a47c7bf-950d-5219-84b3-cdccbb62c910","精神资本家","2020-10-05","能力与学习;选择与自由;成本与总账;信用与信任;净输出与不掠夺;劳动与组织;财富与市场;技术与工程;心理与主体;性别与身体","02;03;05;06;07;08;10;12;13;14;16;17;18;32;33"
"3617","723b9453-49e4-5c09-84a9-19cde2890b7b","贵族气质","2020-10-04","定义与达意;能力与学习;责任与后果;成本与总账;爱与回应;技术与工程;文明与历史","02;03;04;05;08;09;10;11;12;13;14;15;16;17;18;31;32;33"
"3618","f3e86098-5349-5fee-88b2-006aeadc5227","无病呻吟","2020-10-02","定义与达意;能力与学习;选择与自由;责任与后果;成本与总账;信用与信任;净输出与不掠夺;财富与市场;技术与工程;心理与主体","02;03;05;06;07;08;09;10;12;13;14;16;17;18;32;33"
"3619","8d9b910e-01fe-5f2a-ba31-a43e124705f1","留住人才","2020-09-29","能力与学习;责任与后果;成本与总账;净输出与不掠夺;边界与许可;劳动与组织;财富与市场;技术与工程;生态与自然","02;03;05;06;08;10;12;13;16;17;18;25;32;33"
"3620","c7eee5f7-228c-5d95-9b3a-38b1b49acb67","苦熬","2020-09-29","定义与达意;责任与后果;信用与信任;边界与许可;权力与异议;心理与主体","02;03;05;06;07;08;09;10;12;14;16;17;18"
"3621","48089ec4-d112-5993-938b-b055de905111","脱口秀","2020-09-28","定义与达意;选择与自由;责任与后果;成本与总账;信用与信任;爱与回应;净输出与不掠夺;劳动与组织;财富与市场;技术与工程;性别与身体","02;03;04;05;06;07;09;10;12;13;14;16;17;18;32;33"
"3622","f7b8fc82-9347-5e16-9916-66bf568363ef","绅士风度","2020-09-28","事实与证据;定义与达意;能力与学习;选择与自由;责任与后果;成本与总账;信用与信任;爱与回应;财富与市场;心理与主体","02;03;04;05;06;07;08;09;10;12;13;14;16;17;18"
"3623","1a42e171-325a-53b5-89de-6461eb7acb7b","理性的爱","2020-09-28","事实与证据;能力与学习;选择与自由;责任与后果;爱与回应;净输出与不掠夺;边界与许可;财富与市场;权力与异议","02;03;04;05;07;08;09;10;12;13;14;16;17;18"
"3624","f6347ba6-aad3-5f7f-8b08-353683f03410","潜藏无形","2020-09-27","能力与学习;选择与自由;责任与后果;成本与总账;劳动与组织;财富与市场;权力与异议","02;03;06;07;08;10;12;13;16;18"
"3625","b9073126-42da-5431-8340-76c1e86d0fda","能力与责任","2020-09-27","能力与学习;选择与自由;责任与后果;成本与总账;法律与秩序;权力与异议","02;03;07;08;10;12;13;16;18"
"3626","034b5293-2b8c-56c5-b1ec-f45beb0afea0","多语化","2020-09-27","定义与达意;能力与学习;选择与自由;责任与后果;成本与总账;爱与回应;边界与许可;技术与工程;文明与历史","02;03;04;05;07;08;09;10;11;12;13;14;15;16;17;18;31;32;33"
"3627","96126fae-bff5-5631-a8c0-ddbb27e04272","女子防身","2020-09-27","能力与学习;选择与自由;成本与总账;技术与工程;心理与主体;性别与身体","02;03;05;07;08;10;13;14;16;17;18;32;33"
"3628","c4bab8ec-36c8-546c-84b2-a9fa20cd813d","前途","2020-09-26","事实与证据;定义与达意;能力与学习;选择与自由;责任与后果;成本与总账;边界与许可;照料与家庭;劳动与组织;法律与秩序;技术与工程;心理与主体","02;03;04;05;06;07;08;09;10;12;13;14;16;17;18;32;33"
"3629","75d0b07c-c44a-567c-90f6-bc2d3b0936e6","一事无成","2020-09-26","事实与证据;定义与达意;能力与学习;选择与自由;责任与后果;照料与家庭;劳动与组织;财富与市场;心理与主体","02;03;04;05;06;07;08;09;10;12;13;14;16;17;18"
"3630","36b37007-bdbc-5544-9142-824b5fe2ed15","挨骂的老师","2020-09-25","定义与达意;选择与自由;责任与后果;成本与总账;边界与许可;权力与异议;技术与工程;心理与主体","02;03;05;07;08;09;10;12;13;14;16;17;18;32;33"
"3631","13ff0e77-8d86-5c67-b6fb-b861b6dce466","大公司病","2020-09-24","定义与达意;责任与后果;信用与信任;劳动与组织;技术与工程;文明与历史;心理与主体","02;03;06;08;09;10;11;12;13;14;15;17;18;31;32;33"
"3632","78fbcfee-eb05-588a-b8c0-8ee1f1b7d3a0","驾与驶","2020-09-23","选择与自由;权力与异议;技术与工程;性别与身体","02;03;05;07;12;13;14;16;17;18;32;33"
"3633","7eee6fed-caa7-58ef-9f05-798aabaaaf0d","偷换概念","2020-09-22","事实与证据;定义与达意;能力与学习;责任与后果;爱与回应;边界与许可;劳动与组织;民族与身份","02;03;04;05;06;08;09;10;12;13;14;16;17;18;27;31"
"3634","716cfc56-c9f8-5bca-9d65-e911efaaf2b5","黄色玩笑","2020-09-22","能力与学习;选择与自由;责任与后果;成本与总账;信用与信任;爱与回应;边界与许可;劳动与组织;法律与秩序;权力与异议;技术与工程;文明与历史","02;03;04;05;06;07;08;10;11;12;13;14;15;16;17;18;31;32;33"
"3635","4c4d69f2-5a94-575c-91a9-ca7ce6410fdd","正当拒绝","2020-09-22","事实与证据;定义与达意;选择与自由;责任与后果;成本与总账;爱与回应;边界与许可;照料与家庭;法律与秩序;心理与主体;性别与身体","02;03;04;05;07;08;09;10;12;14;16;17;18"
"3636","1143d898-d251-5d66-a2fe-090255dfc99b","下属不满","2020-09-21","事实与证据;定义与达意;责任与后果;成本与总账;净输出与不掠夺;劳动与组织;法律与秩序;权力与异议;技术与工程;心理与主体","02;03;05;06;07;08;09;10;12;13;14;16;17;18;32;33"
"3637","049c45ca-df3a-5854-b329-2a9c577ce7cc","出手","2020-09-21","选择与自由;责任与后果;成本与总账;信用与信任;爱与回应;边界与许可;照料与家庭;财富与市场","02;03;04;05;06;07;10;12;13;14;16;18"
"3638","9d9a14b8-5e35-53d9-bd96-4474e09aecee","遗言纸条","2020-09-20","事实与证据;责任与后果;爱与回应;边界与许可;劳动与组织;法律与秩序;权力与异议;技术与工程","02;03;04;05;06;07;08;09;10;12;13;14;16;17;18;32;33"
"3639","c8b11b87-e305-5761-aa15-a918512a5358","武力和统","2020-09-20","事实与证据;定义与达意;能力与学习;责任与后果;成本与总账;边界与许可;技术与工程","02;03;05;08;09;10;12;13;16;17;18;32;33"
"3640","72102158-eb36-538a-9fec-d920bad4de9a","三面围堵","2020-09-20","定义与达意;能力与学习;选择与自由;责任与后果;成本与总账;信用与信任;爱与回应;照料与家庭","02;03;04;05;06;07;08;09;10;12;13;14;16;17;18"
"3641","ddf06431-4df4-5868-9223-c602378def73","沉鱼落雁","2020-09-20","定义与达意;能力与学习;选择与自由;信用与信任;爱与回应;边界与许可;照料与家庭;权力与异议;技术与工程;性别与身体","02;03;04;05;06;07;08;09;12;13;14;16;17;18;32;33"
"3642","860ea10f-d437-53fc-a2bf-a77ee541b273","运气","2020-09-19","定义与达意;能力与学习;责任与后果;爱与回应;技术与工程","02;03;04;05;08;09;10;12;13;14;16;17;18;32;33"
"3643","a76431bd-767c-5863-9a1d-52ace5b134f2","舆论战","2020-09-17","能力与学习;选择与自由;成本与总账;法律与秩序;心理与主体","02;03;07;08;10;12;13;14;16;17;18"
"3644","09080646-d388-5d61-82ce-4e0a51f5e2bc","粉红税","2020-09-15","选择与自由;责任与后果;成本与总账;财富与市场;法律与秩序","02;03;07;10;12;13;16;18"
"3645","96a1dbf3-0861-5cb3-ae96-47ca11f44acc","不该受亏待","2020-09-15","选择与自由;成本与总账;信用与信任;爱与回应;净输出与不掠夺;劳动与组织;文明与历史;心理与主体","02;03;04;05;06;07;08;10;11;12;13;14;15;16;17;18;31;32;33"
"3646","37d7b49b-c071-5ff3-9724-a77437b22c90","理想的能力","2020-09-15","事实与证据;定义与达意;能力与学习;选择与自由;责任与后果;成本与总账;信用与信任;劳动与组织;心理与主体","02;03;06;07;08;09;10;12;13;14;16;17;18"
"3647","7a185bd7-d8cc-58bd-8500-d1bd042a889e","正常","2020-09-14","事实与证据;定义与达意;选择与自由;责任与后果;成本与总账;信用与信任;照料与家庭;权力与异议;文明与历史;心理与主体","02;03;04;05;06;07;08;09;10;11;12;13;14;15;16;17;18;31;32;33"
"3648","4d268f38-d5c4-5a97-98cd-c95627e393df","民主民粹","2020-09-13","事实与证据;定义与达意;能力与学习;选择与自由;成本与总账;爱与回应;劳动与组织;法律与秩序;文明与历史","02;03;04;05;06;07;08;09;10;11;12;13;14;15;16;17;18;31;32;33"
"3649","126518f7-c48c-5af1-b4ca-17ff62c7dac3","超高建筑","2020-09-13","能力与学习;选择与自由;责任与后果;成本与总账;财富与市场;法律与秩序;技术与工程","02;03;07;08;10;12;13;16;17;18;32;33"
"3650","1503fedf-16d6-501a-b942-9425f758f372","地方菜","2020-09-12","定义与达意;能力与学习;边界与许可;财富与市场;技术与工程;文明与历史;生态与自然","03;05;08;09;10;11;12;13;15;16;17;18;25;31;32;33"
"3651","28128546-58a3-5625-9cbe-4a5c13c18325","人类任务","2020-09-12","事实与证据;能力与学习;劳动与组织;技术与工程;文明与历史;宗教与自然法","06;07;08;09;10;11;13;15;17;18;31;32;33"
"3652","158d111a-3c68-5889-8bc5-4cd542bcd567","自洽","2020-09-11","事实与证据;能力与学习;责任与后果","02;03;08;09;10;12;13;17;18"
"3653","19b9f22b-a990-541c-b7aa-a658dba0017c","保持自我","2020-09-10","定义与达意;能力与学习;选择与自由;责任与后果;成本与总账;边界与许可;照料与家庭;劳动与组织;财富与市场;权力与异议;心理与主体","02;03;04;05;06;07;08;09;10;12;13;14;16;17;18"
"3654","5814800a-d594-5dde-bba1-7e2a810985cd","生活水平","2020-09-10","能力与学习;成本与总账;照料与家庭;劳动与组织;财富与市场;法律与秩序;技术与工程;生态与自然","03;04;05;06;07;08;10;12;13;14;16;17;18;25;32;33"
"3655","3f4efcaa-c89d-554b-bcc8-5686ed8527e6","心窄路不宽","2020-09-09","责任与后果;成本与总账;边界与许可;照料与家庭;心理与主体","02;03;04;05;08;10;12;14;16;17;18"
"3656","8d2768d7-8132-585a-afcf-e00fd2effcc1","极端不忠诚","2020-09-09","事实与证据;定义与达意;选择与自由;信用与信任;权力与异议;心理与主体","02;03;06;07;08;09;12;14;16;17;18"
"3657","a0f663cc-cdbe-57bb-9037-1fc75cdc8b80","被拖累的姐姐","2020-09-09","定义与达意;选择与自由;责任与后果;成本与总账;信用与信任;爱与回应;净输出与不掠夺;边界与许可;照料与家庭;财富与市场;法律与秩序;权力与异议;生态与自然;心理与主体","02;03;04;05;06;07;08;09;10;12;13;14;16;17;18;25;32"
"3658","c34a6438-7e52-58c2-aa7c-141635a8b747","多好算好","2020-09-08","事实与证据;定义与达意;能力与学习;选择与自由;爱与回应;照料与家庭;财富与市场;法律与秩序;文明与历史","02;03;04;05;07;08;09;10;11;12;13;14;15;16;17;18;31;32;33"
"3659","0f63da1e-862b-5f4c-9962-01974a58b75e","世故青年","2020-09-07","事实与证据;定义与达意;能力与学习;权力与异议","03;07;08;09;12;13;17;18"
"3660","9c38e8c1-0a23-5fc3-814b-57ca1470dabc","史料不可信","2020-09-07","事实与证据;定义与达意;选择与自由;责任与后果;成本与总账;边界与许可;权力与异议;文明与历史","02;03;05;07;08;09;10;11;12;13;15;16;17;18;31;32;33"
"3661","ad044d94-3f6a-5c95-8fa4-08057c5309ac","反清复明","2020-09-06","事实与证据;能力与学习;选择与自由;责任与后果;文明与历史;宗教与自然法","02;03;07;08;09;10;11;12;13;15;16;17;18;31;32;33"
"3662","34e3b005-9066-577e-bb38-08218beb1c15","西方普世价值","2020-09-06","事实与证据;定义与达意;责任与后果;信用与信任;边界与许可;法律与秩序;权力与异议;文明与历史;心理与主体","02;03;05;06;07;08;09;10;11;12;13;14;15;16;17;18;31;32;33"
"3663","3fb73ea2-b60b-5ebf-b92d-a1c6428066f3","被讨厌","2020-09-05","能力与学习;选择与自由;责任与后果;成本与总账;爱与回应;边界与许可;权力与异议;心理与主体","02;03;04;05;07;08;10;12;13;14;16;17;18"
"3664","2e4ef5a8-f4db-5e72-8685-e3517b3a09a1","长平","2020-09-04","事实与证据;定义与达意;责任与后果;成本与总账;爱与回应;边界与许可;劳动与组织;财富与市场;法律与秩序;权力与异议;民族与身份;心理与主体","02;03;04;05;06;07;08;09;10;12;13;14;16;17;18;27;31"
"3665","26b2f5a9-d4ee-5d46-87e2-b4be7a55b9b7","服从领导","2020-09-04","事实与证据;定义与达意;能力与学习;选择与自由;责任与后果;成本与总账;信用与信任;爱与回应;照料与家庭;劳动与组织;财富与市场;法律与秩序;权力与异议;技术与工程;文明与历史;心理与主体","02;03;04;05;06;07;08;09;10;11;12;13;14;15;16;17;18;31;32;33"
"3666","72feb2fa-9924-5dc4-ba18-99ccb10aa257","动物喝水","2020-09-04","事实与证据;能力与学习;选择与自由;责任与后果;成本与总账;净输出与不掠夺;技术与工程;文明与历史;生态与自然;性别与身体","02;03;05;07;08;09;10;11;12;13;14;15;16;17;18;25;31;32;33"
"3667","39a005c0-7122-5097-89d4-60efcdf3eb25","白墙黑瓦","2020-09-03","事实与证据;定义与达意;能力与学习;选择与自由;成本与总账;文明与历史;生态与自然;宗教与自然法","02;03;07;08;09;10;11;13;15;16;17;18;25;31;32;33"
"3668","2a91b754-20fc-55b4-9aa1-185a470dbb01","人走茶凉","2020-09-03","能力与学习;责任与后果;成本与总账;信用与信任;爱与回应;边界与许可;劳动与组织;财富与市场;心理与主体","02;03;04;05;06;08;10;12;13;14;16;17;18"
"3669","38180b82-4d92-5f78-97e8-21d8e2e3aa46","亲近","2020-09-01","定义与达意;能力与学习;选择与自由;责任与后果;成本与总账;爱与回应;边界与许可","02;03;04;05;07;08;09;10;12;13;14;16;17;18"
"3670","bb625dfd-8d51-5a9c-aa10-a5d241ae0afc","电车难题","2020-09-01","定义与达意;能力与学习;选择与自由;责任与后果;成本与总账;信用与信任;净输出与不掠夺;照料与家庭;劳动与组织;法律与秩序;权力与异议;心理与主体","02;03;04;05;06;07;08;09;10;12;13;14;16;17;18"
"3671","b8b9016b-ae92-53ae-8bd7-a213c221d761","对人不对事","2020-08-31","事实与证据;定义与达意;能力与学习;选择与自由;成本与总账;爱与回应;边界与许可;劳动与组织;法律与秩序;权力与异议;文明与历史;性别与身体","02;03;04;05;06;07;08;09;10;11;12;13;14;15;16;17;18;31;32;33"
"3672","934a653a-0907-5272-833a-adb655aea758","无价之宝","2020-08-30","事实与证据;定义与达意;能力与学习;财富与市场;权力与异议;技术与工程;文明与历史","03;07;08;09;10;11;12;13;15;17;18;31;32;33"
"3673","aed1fe34-1278-506b-bf95-6ab5ed56251a","老昏君","2020-08-30","事实与证据;能力与学习;责任与后果;成本与总账;净输出与不掠夺;边界与许可;法律与秩序;权力与异议;文明与历史;性别与身体","02;03;05;07;08;09;10;11;12;13;14;15;16;17;18;31;32;33"
"3674","25230cca-d536-5b76-b02c-0057f2ca574b","知止","2020-08-30","选择与自由;爱与回应","02;04;05;07;14;16;18"
"3675","6f8ec963-ad27-50da-8435-d191b3237df8","语言学的意义","2020-08-30","事实与证据;定义与达意;能力与学习;选择与自由;责任与后果;劳动与组织;技术与工程;文明与历史","02;03;06;07;08;09;10;11;12;13;15;16;17;18;31;32;33"
"3676","48ab9554-524d-50de-9a35-50075e9d7c28","技术焦虑","2020-08-29","能力与学习;选择与自由;责任与后果;成本与总账;劳动与组织;权力与异议;技术与工程;人工智能与机器;心理与主体","02;03;06;07;08;10;12;13;14;16;17;18;28;29;32;33"
"3677","5acee43d-6551-5368-a690-20067a2a73be","两害相权","2020-08-28","能力与学习;选择与自由;责任与后果;成本与总账;信用与信任;边界与许可;照料与家庭;劳动与组织;财富与市场;法律与秩序;技术与工程;心理与主体","02;03;04;05;06;07;08;10;12;13;14;16;17;18;32;33"
"3678","ac580308-0276-5166-ae63-b3d6978bc550","长生不死的脑残","2020-08-28","能力与学习;责任与后果;信用与信任;爱与回应;劳动与组织;文明与历史;人工智能与机器;性别与身体","02;03;04;05;06;08;10;11;12;13;14;15;16;18;28;29;31;32;33"
"3679","ff132074-8175-5372-8c38-7080750951b8","脱钩威胁","2020-08-27","事实与证据;能力与学习;技术与工程","08;09;13;17;18;32;33"
"3680","11ad7ad3-87eb-5681-93e2-de3e21cbd8a2","批评","2020-08-26","事实与证据;定义与达意;能力与学习;责任与后果;成本与总账;信用与信任;爱与回应;净输出与不掠夺;边界与许可;劳动与组织;财富与市场;法律与秩序;权力与异议;技术与工程;文明与历史;心理与主体;宗教与自然法","02;03;04;05;06;07;08;09;10;11;12;13;14;15;16;17;18;31;32;33"
"3681","85aecfc3-f160-531a-8404-42441717edd4","行为艺术","2020-08-24","选择与自由;责任与后果;法律与秩序","02;03;07;10;12;16;18"
"3682","e9a92f51-a286-50dd-8745-a2843cda5e74","幼稚女生","2020-08-22","定义与达意;能力与学习;选择与自由;成本与总账;爱与回应;边界与许可;法律与秩序;文明与历史;性别与身体","02;03;04;05;07;08;09;10;11;12;13;14;15;16;17;18;31;32;33"
"3683","6dfd5709-1c83-5346-a48a-b83753ddf7d8","循环买卖","2020-08-21","能力与学习;选择与自由;责任与后果;成本与总账;信用与信任;爱与回应;照料与家庭;劳动与组织;财富与市场;生态与自然;心理与主体;性别与身体","02;03;04;05;06;07;08;10;12;13;14;16;17;18;25;32"
"3684","8a0542d0-6d0c-5fd9-8caa-3cc34a1773fc","宽恕秘诀","2020-08-21","选择与自由;责任与后果;劳动与组织","02;03;06;07;10;12;13;16;18"
"3685","12b7d5cf-a944-57e4-ba3e-02db106ed7c0","执行力","2020-08-17","定义与达意;能力与学习;责任与后果;成本与总账;信用与信任;爱与回应;边界与许可;劳动与组织;技术与工程","02;03;04;05;06;08;09;10;12;13;14;16;17;18;32;33"
"3686","be47f120-e6ea-5a5c-bb60-0b5cff085619","懒散","2020-08-17","定义与达意;能力与学习;选择与自由;责任与后果;成本与总账;照料与家庭;劳动与组织;心理与主体","02;03;04;05;06;07;08;09;10;12;13;14;16;17;18"
"3687","c463a9b3-e752-5e18-8001-49244bda7e7a","军训","2020-08-16","能力与学习;责任与后果;成本与总账;边界与许可;劳动与组织;法律与秩序","02;03;05;06;07;08;10;12;13;16;18"
"3688","cf163892-2d16-5935-a9b5-333bfa7aca7f","粗心","2020-08-15","事实与证据;定义与达意;能力与学习;责任与后果;成本与总账;信用与信任;照料与家庭;劳动与组织;心理与主体","02;03;04;05;06;08;09;10;12;13;14;16;17;18"
"3689","a0bebc70-3e3d-50bd-a502-49214e856470","聪明族","2020-08-15","定义与达意;选择与自由;成本与总账;爱与回应;边界与许可;法律与秩序;文明与历史;民族与身份;生态与自然;心理与主体;宗教与自然法","02;03;04;05;07;08;09;10;11;12;13;14;15;16;17;18;25;27;31;32;33"
"3690","c7951d41-c774-5708-b9b4-7a7b8242e2ae","不尊重与不接受","2020-08-15","定义与达意;选择与自由;爱与回应;边界与许可;法律与秩序;性别与身体","02;04;05;07;09;12;14;16;17;18"
"3691","b9973f8a-ba10-53ee-a4a3-ea33bfb7c2dd","说服力的重量","2020-08-13","事实与证据;定义与达意;能力与学习;选择与自由;责任与后果;爱与回应;净输出与不掠夺;边界与许可;照料与家庭;劳动与组织;财富与市场;法律与秩序;权力与异议;技术与工程;文明与历史;心理与主体;宗教与自然法","02;03;04;05;06;07;08;09;10;11;12;13;14;15;16;17;18;31;32;33"
"3692","5ccc226d-af9f-5ce0-9509-7a482c5176ea","老有所依","2020-08-12","事实与证据;能力与学习;选择与自由;责任与后果;成本与总账;照料与家庭;劳动与组织;法律与秩序;文明与历史;心理与主体","02;03;04;05;06;07;08;09;10;11;12;13;14;15;16;17;18;31;32;33"
"3693","c3be7e08-248a-5e1f-a5e9-686f9db45a88","帝国病","2020-08-11","定义与达意;能力与学习;选择与自由;责任与后果;成本与总账;信用与信任;爱与回应;净输出与不掠夺;劳动与组织;财富与市场;法律与秩序;技术与工程;文明与历史","02;03;04;05;06;07;08;09;10;11;12;13;14;15;16;17;18;31;32;33"
"3694","8daac81c-4c8a-5a6b-9860-cdda9c122843","基准财","2020-08-06","事实与证据;能力与学习;选择与自由;责任与后果;成本与总账;爱与回应;劳动与组织;财富与市场;法律与秩序;文明与历史;民族与身份;宗教与自然法","02;03;04;05;06;07;08;09;10;11;12;13;14;15;16;17;18;27;31;32;33"
"3695","6a726629-0e53-5fcf-ab03-2d75faf34d00","人神分界","2020-08-04","能力与学习;责任与后果;边界与许可;技术与工程;生态与自然","02;03;05;08;10;12;13;16;17;18;25;32;33"
"3696","aa50fc78-aa1c-5741-a889-ab0d28e54746","真正想做的事","2020-08-04","事实与证据;能力与学习;责任与后果;成本与总账;信用与信任;边界与许可;照料与家庭;劳动与组织;财富与市场;法律与秩序;技术与工程;民族与身份;心理与主体","02;03;04;05;06;07;08;09;10;12;13;14;16;17;18;27;31;32;33"
"3697","4c8d70b4-e511-559a-abad-85a90006ee86","政治","2020-08-02","定义与达意;边界与许可;权力与异议;技术与工程","03;05;07;09;12;13;16;17;18;32;33"
"3698","de0e5722-046b-5a58-b65d-656439606ed4","以身犯险","2020-08-02","定义与达意;选择与自由;责任与后果;成本与总账;照料与家庭;财富与市场;法律与秩序;技术与工程","02;03;04;05;07;09;10;12;13;14;16;17;18;32;33"
"3699","7cdfab67-7ce3-5c7f-b628-0f120d0cf51b","社会化抚养","2020-08-01","定义与达意;能力与学习;选择与自由;责任与后果;成本与总账;信用与信任;爱与回应;照料与家庭;法律与秩序;权力与异议;技术与工程;文明与历史;生态与自然;心理与主体","02;03;04;05;06;07;08;09;10;11;12;13;14;15;16;17;18;25;31;32;33"
"3700","69744eb2-3d52-5a3a-857b-a7fd2075f0a1","父母惩戒权","2020-08-01","定义与达意;能力与学习;责任与后果;成本与总账;信用与信任;照料与家庭;法律与秩序;权力与异议","02;03;04;05;06;07;08;09;10;12;13;14;16;17;18"
"3701","7d9d6244-95ea-553f-b951-089dfb31ce42","相由言生","2020-07-30","权力与异议;文明与历史;民族与身份","03;07;11;12;13;15;18;27;31;32;33"
"3702","65a6161c-f41c-5952-85a7-e291732eff30","中年粉红","2020-07-29","能力与学习;成本与总账;财富与市场;法律与秩序;生态与自然;性别与身体","03;05;07;08;10;12;13;14;16;18;25;32"
"3703","2d39cbec-da74-5470-99f5-30e0f359c262","集体右转","2020-07-29","事实与证据;责任与后果;文明与历史;民族与身份","02;03;08;09;10;11;12;13;15;17;18;27;31;32;33"
"3704","2dc75fb5-49aa-50d8-96c7-eb449429b377","论迹论心","2020-07-28","能力与学习;选择与自由;责任与后果;成本与总账;照料与家庭","02;03;04;05;07;08;10;12;13;14;16;18"
"3705","1015117d-47f5-5e6d-8648-373790bd96b6","坚持","2020-07-28","定义与达意;选择与自由;边界与许可","02;05;07;09;12;16;17;18"
"3706","0eb2277c-4215-5ce8-a192-3328befecdcb","一句话","2020-07-28","事实与证据;选择与自由;责任与后果;心理与主体","02;03;07;08;09;10;12;14;16;17;18"
"3707","9b6321a0-4bc2-5f89-942b-a92a3962f028","完整工业体系","2020-07-28","定义与达意;能力与学习;选择与自由;责任与后果;成本与总账;边界与许可;财富与市场;法律与秩序;权力与异议;技术与工程;文明与历史;生态与自然","02;03;05;07;08;09;10;11;12;13;15;16;17;18;25;31;32;33"
"3708","df3a1f00-ea97-5092-83bd-53d821bec068","深层血管","2020-07-28","能力与学习;责任与后果;成本与总账;技术与工程;性别与身体","02;03;05;08;10;12;13;14;16;17;18;32;33"
"3709","ab86a299-503e-5ea1-b84e-47ce8dd1de92","棱角分明","2020-07-27","定义与达意;选择与自由;成本与总账;边界与许可;法律与秩序;技术与工程;文明与历史;心理与主体","02;03;05;07;08;09;10;11;12;13;14;15;16;17;18;31;32;33"
"3710","ff409442-5cdf-5102-aa7e-ac2c9b66dce0","有用","2020-07-26","定义与达意;能力与学习;选择与自由;责任与后果;成本与总账;财富与市场","02;03;07;08;09;10;12;13;16;17;18"
"3711","4ff7810c-9d49-578c-9b34-6fbe725ee959","老有所依2","2020-07-25","事实与证据;定义与达意;能力与学习;选择与自由;责任与后果;爱与回应;照料与家庭;劳动与组织;财富与市场","02;03;04;05;06;07;08;09;10;12;13;14;16;17;18"
"3712","ef094234-dbe5-5865-9bf5-1526a70d174e","生育理由","2020-07-24","选择与自由;责任与后果;照料与家庭;技术与工程;文明与历史;心理与主体;性别与身体","02;03;04;05;07;08;10;11;12;13;14;15;16;17;18;31;32;33"
"3713","6190752a-6089-5c0a-945f-622c3c539476","培养","2020-07-23","选择与自由;爱与回应;边界与许可;照料与家庭;劳动与组织","02;04;05;06;07;10;12;13;14;16;18"
"3714","26958a21-d401-5a47-88cf-7f8f609080f8","技术中立","2020-07-23","定义与达意;能力与学习;责任与后果;成本与总账;爱与回应;财富与市场;技术与工程","02;03;04;05;08;09;10;12;13;14;16;17;18;32;33"
"3715","62c1e4b8-3a31-567d-b300-2e4ebd566bbd","授信技术","2020-07-22","事实与证据;定义与达意;选择与自由;责任与后果;成本与总账;信用与信任;边界与许可;照料与家庭;权力与异议;技术与工程","02;03;04;05;06;07;08;09;10;12;13;14;16;17;18;32;33"
"3716","1b66c244-0ee7-58d9-bbc6-0649d5a38f50","毋以善小而不为","2020-07-21","能力与学习;责任与后果;信用与信任;爱与回应;心理与主体","02;03;04;05;06;08;10;12;13;14;16;17;18"
"3717","ae55535c-ed25-5436-8c01-061cc62f0d7f","商人","2020-07-20","事实与证据;能力与学习;选择与自由;成本与总账;劳动与组织;财富与市场;法律与秩序;权力与异议;文明与历史;生态与自然","02;03;06;07;08;09;10;11;12;13;15;16;17;18;25;31;32;33"
"3718","987f35d0-e6f2-53a4-92b2-75a8b02f98f8","生而平等","2020-07-20","定义与达意;能力与学习;成本与总账;照料与家庭;财富与市场;法律与秩序;权力与异议;文明与历史;宗教与自然法","03;04;05;07;08;09;10;11;12;13;14;15;16;17;18;31;32;33"
"3719","45874a32-c9d4-5cac-838d-26096e36a328","知行合一","2020-07-18","事实与证据;定义与达意;能力与学习;责任与后果;成本与总账;信用与信任;法律与秩序","02;03;06;07;08;09;10;12;13;17;18"
"3720","e0005624-e252-5158-8832-ba36497b20d8","慎终","2020-07-18","事实与证据;能力与学习;边界与许可;性别与身体","05;08;09;12;13;14;16;17;18"
"3721","e122a811-8341-594f-bce6-b50983b7e485","活成这样","2020-07-17","责任与后果;爱与回应","02;03;04;05;10;12;14;16;18"
"3722","53e9189f-1bea-50d1-b4d4-8a919f91bc1a","文字张力","2020-07-17","心理与主体;性别与身体","05;08;14;16;17;18"
"3723","045db0cb-7ec9-5c10-a193-677097d0ab3d","痛苦根源","2020-07-17","能力与学习;责任与后果;成本与总账;边界与许可;劳动与组织;心理与主体;性别与身体","02;03;05;06;08;10;12;13;14;16;17;18"
"3724","9d341350-b1f3-5e50-9c47-880da6248b84","低端产业","2020-07-16","定义与达意;能力与学习;成本与总账;劳动与组织;财富与市场;技术与工程;文明与历史;生态与自然;人工智能与机器","03;06;08;09;10;11;13;15;17;18;25;28;29;31;32;33"
"3725","b6da422b-7277-5222-b414-74b24f9dfcd9","当然反驳权","2020-07-16","定义与达意;选择与自由;责任与后果;成本与总账;爱与回应;边界与许可;劳动与组织;权力与异议","02;03;04;05;06;07;09;10;12;13;14;16;17;18"
"3726","96b7c75d-ef5b-5bbe-8040-1918fcec7988","傲慢","2020-07-15","事实与证据;定义与达意;选择与自由;责任与后果;成本与总账;爱与回应;边界与许可;照料与家庭;技术与工程;心理与主体","02;03;04;05;07;08;09;10;12;13;14;16;17;18;32;33"
"3727","c95a0865-42d5-537f-8663-0ff965b6638d","程序员前景","2020-07-15","事实与证据;能力与学习;选择与自由;责任与后果;成本与总账;财富与市场;法律与秩序;权力与异议;技术与工程;生态与自然;人工智能与机器","02;03;07;08;09;10;12;13;16;17;18;25;28;29;32;33"
"3728","8806ec71-910e-556e-a9ea-287a909e2d93","活死人3","2020-07-13","能力与学习;选择与自由;责任与后果;成本与总账;爱与回应;心理与主体","02;03;04;05;07;08;10;12;13;14;16;17;18"
"3729","2c4d7eec-0d28-5d69-8bc6-bf94a45b069e","受欢迎","2020-07-13","事实与证据;选择与自由;责任与后果;成本与总账;净输出与不掠夺;权力与异议;文明与历史;心理与主体","02;03;05;07;08;09;10;11;12;13;14;15;16;17;18;31;32;33"
"3730","911abc81-6ebf-58a0-9ac2-96b40f412f94","本质","2020-07-11","定义与达意;能力与学习;边界与许可;劳动与组织;法律与秩序;权力与异议;文明与历史","03;05;06;07;08;09;10;11;12;13;15;16;17;18;31;32;33"
"3731","a37fd4ea-b7fa-5b2e-b566-f3ce02c116a8","聪明的笨功夫","2020-07-11","定义与达意;能力与学习;选择与自由;责任与后果;成本与总账;劳动与组织;财富与市场","02;03;06;07;08;09;10;12;13;16;17;18"
"3732","328145aa-3136-5c0b-b351-08889c52f05c","打骨折","2020-07-09","定义与达意;能力与学习;选择与自由;责任与后果;成本与总账;爱与回应;边界与许可;照料与家庭;财富与市场;权力与异议;生态与自然;心理与主体","02;03;04;05;07;08;09;10;12;13;14;16;17;18;25;32"
"3733","a9f6721f-762d-553d-ba24-b9980a0729ba","技术伦理","2020-07-08","事实与证据;能力与学习;选择与自由;责任与后果;成本与总账;权力与异议;技术与工程","02;03;07;08;09;10;12;13;16;17;18;32;33"
"3734","848b2ead-d70b-55d5-9858-690fc5a2a227","礼崩乐坏","2020-07-08","事实与证据;能力与学习;选择与自由;成本与总账;爱与回应;照料与家庭;法律与秩序;文明与历史;心理与主体","02;03;04;05;07;08;09;10;11;12;13;14;15;16;17;18;31;32;33"
"3735","6f4e8c53-33bd-50b8-9fd4-0880f9804208","正确知识","2020-07-07","事实与证据;定义与达意;能力与学习;选择与自由;责任与后果;信用与信任;爱与回应;边界与许可;法律与秩序;权力与异议;宗教与自然法","02;03;04;05;06;07;08;09;10;11;12;13;14;16;17;18"
"3736","ed9090fa-6468-5e1b-9cef-12214d82dd43","软领导","2020-07-07","定义与达意;能力与学习;选择与自由;责任与后果;成本与总账;爱与回应;边界与许可;照料与家庭;劳动与组织;权力与异议","02;03;04;05;06;07;08;09;10;12;13;14;16;17;18"
"3737","f975f3fe-005b-53dd-8f44-2741aefcda9b","死亡","2020-07-07","事实与证据;选择与自由;责任与后果;成本与总账;边界与许可;劳动与组织;财富与市场;技术与工程;文明与历史;心理与主体;性别与身体","02;03;05;06;07;08;09;10;11;12;13;14;15;16;17;18;31;32;33"
"3738","9db90b4e-5cc9-5c08-a671-8947da13b61a","尊重","2020-07-05","定义与达意;选择与自由;责任与后果;爱与回应;边界与许可","02;03;04;05;07;09;10;12;14;16;17;18"
"3739","2a16f998-d50c-5df0-8509-8a44173995b3","喋喋不休","2020-07-05","定义与达意;选择与自由;责任与后果;边界与许可;法律与秩序","02;03;05;07;09;10;12;16;17;18"
"3740","4638a3d0-8edf-5511-a017-53f491ee02de","习惯","2020-07-05","定义与达意;责任与后果;成本与总账;劳动与组织","02;03;06;09;10;12;13;17;18"
"3741","a4ba5682-9838-539a-a9e2-523d95e6878f","败事有余","2020-07-05","事实与证据;定义与达意;能力与学习;责任与后果;成本与总账;信用与信任;劳动与组织;财富与市场;法律与秩序;权力与异议;技术与工程;文明与历史","02;03;06;07;08;09;10;11;12;13;15;17;18;31;32;33"
"3742","c947b0a0-3a44-571d-bef7-8663f537fb19","能力","2020-07-05","定义与达意;能力与学习;成本与总账;照料与家庭;劳动与组织","03;04;05;06;08;09;10;13;14;16;17;18"
"3743","1f1595c3-5053-5798-96b3-70adbe78e0fd","看屁股的人","2020-07-05","事实与证据;责任与后果;成本与总账;边界与许可;劳动与组织;权力与异议;民族与身份","02;03;05;06;07;08;09;10;12;13;16;17;18;27;31"
"3744","eb01897e-5109-5976-9443-e08c2a60d5fc","亦真亦幻","2020-07-05","事实与证据;定义与达意;能力与学习;责任与后果;信用与信任;净输出与不掠夺;照料与家庭;劳动与组织;权力与异议;技术与工程;文明与历史;心理与主体","02;03;04;05;06;07;08;09;10;11;12;13;14;15;16;17;18;31;32;33"
"3745","81405a02-56fa-5063-8838-2f1f91b9986c","厚颜无耻","2020-07-04","责任与后果;信用与信任;爱与回应;边界与许可;财富与市场","02;03;04;05;06;10;12;13;14;16;18"
"3746","ceea855a-758c-5684-86b7-11b37e4bb96a","揉不得沙子","2020-07-02","能力与学习;责任与后果;成本与总账;信用与信任;边界与许可;权力与异议;心理与主体","02;03;05;06;07;08;10;12;13;14;16;17;18"
"3747","67e3fa57-4354-53d0-8cfd-c66d8eecd136","以骂代批","2020-07-02","事实与证据;定义与达意;责任与后果;成本与总账;爱与回应;文明与历史;心理与主体","02;03;04;05;08;09;10;11;12;13;14;15;16;17;18;31;32;33"
"3748","b21f0365-bcba-5c4e-9939-aeebbf613eb3","人格分型","2020-07-01","定义与达意;能力与学习;选择与自由;成本与总账;边界与许可;劳动与组织;技术与工程;心理与主体","02;03;05;06;07;08;09;10;12;13;14;16;17;18;32;33"
"3749","754f6925-28e6-5f1a-b137-4013b6ba97d5","低估值","2020-06-30","选择与自由;成本与总账;信用与信任;爱与回应;财富与市场","02;03;04;05;06;07;10;12;13;14;16;18"
"3750","ace386a1-0cd4-5242-86c7-7096b6bf4f98","美德","2020-06-30","事实与证据;定义与达意;能力与学习;选择与自由;责任与后果;成本与总账;信用与信任;边界与许可;技术与工程","02;03;05;06;07;08;09;10;12;13;16;17;18;32;33"
"3751","7a64391d-a1b6-5bfb-aeb1-a7bdb30c43b4","大格局","2020-06-30","定义与达意;能力与学习;选择与自由;责任与后果;成本与总账;劳动与组织;财富与市场;权力与异议;文明与历史;心理与主体","02;03;06;07;08;09;10;11;12;13;14;15;16;17;18;31;32;33"
"3752","4cbed42c-3df1-5042-bc95-625b46e3256e","高中书目","2020-06-27","能力与学习;选择与自由;信用与信任;爱与回应;边界与许可;法律与秩序;宗教与自然法","02;03;04;05;06;07;08;11;12;13;14;16;18"
"3753","291b5b7d-0a91-5dee-92fa-bc9dac955be6","朋友难交","2020-06-27","事实与证据;定义与达意;能力与学习;选择与自由;责任与后果;成本与总账;信用与信任;照料与家庭;财富与市场;法律与秩序;权力与异议","02;03;04;05;06;07;08;09;10;12;13;14;16;17;18"
"3754","5d1800e5-d393-5180-abc3-e7b142bcc5bc","拿住不抛","2020-06-26","定义与达意;能力与学习;选择与自由;成本与总账;信用与信任;财富与市场;权力与异议;技术与工程","02;03;06;07;08;09;10;12;13;16;17;18;32;33"
"3755","3341745d-a768-5000-92db-c7173d2549b8","出卖","2020-06-25","事实与证据;定义与达意;能力与学习;选择与自由;责任与后果;成本与总账;信用与信任;照料与家庭;劳动与组织;法律与秩序;权力与异议;民族与身份;生态与自然;心理与主体","02;03;04;05;06;07;08;09;10;12;13;14;16;17;18;25;27;31;32"
"3756","220f3a75-6be4-5dcc-8163-e35f2daf3e9e","摩擦力","2020-06-24","事实与证据;定义与达意;责任与后果;信用与信任;权力与异议;技术与工程","02;03;06;07;08;09;10;12;13;17;18;32;33"
"3757","7950429d-7293-5678-a2d6-bcee0d3f4195","无权家庭","2020-06-24","事实与证据;定义与达意;照料与家庭;性别与身体","04;05;08;09;14;16;17"
"3758","d169a3ca-6520-5ec1-9acf-989efeba9f68","说谎","2020-06-22","事实与证据;定义与达意;能力与学习;选择与自由;责任与后果;成本与总账;信用与信任;爱与回应;净输出与不掠夺;边界与许可;财富与市场;权力与异议;心理与主体","02;03;04;05;06;07;08;09;10;12;13;14;16;17;18"
"3759","9909de34-af40-55b7-811d-f28d4f41c724","Black Wallstreet","2020-06-21","定义与达意;能力与学习;选择与自由;责任与后果;劳动与组织;财富与市场;法律与秩序;权力与异议;文明与历史;民族与身份","02;03;06;07;08;09;10;11;12;13;15;16;17;18;27;31;32;33"
"3760","c2b25366-620d-53fe-8e3b-0cebc77f5de3","大国博弈","2020-06-21","事实与证据;能力与学习;选择与自由;成本与总账;爱与回应;边界与许可;法律与秩序;权力与异议;文明与历史;民族与身份;性别与身体","02;03;04;05;07;08;09;10;11;12;13;14;15;16;17;18;27;31;32;33"
"3761","1edec003-9db9-501c-9345-43fc20e0d2c4","自杀率发展","2020-06-21","事实与证据;选择与自由;责任与后果;技术与工程","02;03;07;08;09;10;12;13;16;17;18;32;33"
"3762","9138c22a-8a1b-5d74-9107-6780a70469c3","好表","2020-06-19","定义与达意;选择与自由;财富与市场;技术与工程;文明与历史","02;03;07;09;10;11;13;15;16;17;18;31;32;33"
"3763","58e6a94d-a35f-53b3-bcd4-487f4dbd7e24","朋友与学习","2020-06-19","定义与达意;能力与学习;选择与自由;责任与后果;成本与总账;爱与回应;净输出与不掠夺;照料与家庭;财富与市场;心理与主体;性别与身体","02;03;04;05;07;08;09;10;12;13;14;16;17;18"
"3764","8d16c884-4cb6-52b4-905c-81bf997f6cf1","直截了当","2020-06-18","定义与达意;选择与自由;责任与后果;成本与总账;边界与许可;心理与主体","02;03;05;07;08;09;10;12;14;16;17;18"
"3765","edf11fe5-9c57-5fbc-af6c-6f56b20dd1de","由海向陆","2020-06-16","事实与证据;能力与学习;责任与后果;成本与总账;法律与秩序;权力与异议;技术与工程;文明与历史","02;03;07;08;09;10;11;12;13;15;17;18;31;32;33"
"3766","29323cf7-1c33-524e-9a8b-d83403bf022e","极奢极简","2020-06-14","能力与学习;选择与自由;责任与后果;成本与总账;劳动与组织;财富与市场","02;03;06;07;08;10;12;13;16;18"
"3767","a6d34ae5-d1cf-56c7-84bf-ddd76434e8fb","李白","2020-06-14","事实与证据;定义与达意;能力与学习;边界与许可;文明与历史","05;08;09;11;12;13;15;16;17;18;31;32;33"
"3768","9c035109-aa7b-55a2-9f52-83fc9525d4f3","海外团结","2020-06-13","事实与证据;定义与达意;能力与学习;选择与自由;成本与总账;劳动与组织;法律与秩序;技术与工程;文明与历史;民族与身份","02;03;06;07;08;09;10;11;12;13;15;16;17;18;27;31;32;33"
"3769","12e4a0af-eefb-5506-9981-9714256d7b3a","双倍役满","2020-06-12","选择与自由;责任与后果;成本与总账;信用与信任;财富与市场;法律与秩序;权力与异议;文明与历史","02;03;06;07;10;11;12;13;15;16;18;31;32;33"
"3770","a464d0ff-9c7c-5003-a8a0-b3e0fb0df61a","中国的不足","2020-06-09","能力与学习;选择与自由;责任与后果;成本与总账;信用与信任;爱与回应;照料与家庭;劳动与组织;财富与市场;法律与秩序;生态与自然","02;03;04;05;06;07;08;10;12;13;14;16;18;25;32"
"3771","df738bff-03e6-52dc-bc71-9fcf41727378","专职主内","2020-06-08","能力与学习;选择与自由;责任与后果;成本与总账;边界与许可;照料与家庭;劳动与组织;法律与秩序;文明与历史;性别与身体","02;03;04;05;06;07;08;10;11;12;13;14;15;16;18;31;32;33"
"3772","fec831da-e1ad-563a-b0f3-5b2291720ffc","紧追不放","2020-06-07","事实与证据;定义与达意;选择与自由;成本与总账;爱与回应;边界与许可;技术与工程;心理与主体","02;03;04;05;07;08;09;10;12;13;14;16;17;18;32;33"
"3773","6a0e9e07-6e9b-504b-98fd-c096c390f01d","真空","2020-06-07","事实与证据;定义与达意;能力与学习;法律与秩序","07;08;09;12;13;17;18"
"3774","c6283199-d234-5411-9845-7a1be4b7398e","只留好人","2020-06-04","定义与达意;能力与学习;责任与后果;成本与总账;权力与异议","02;03;07;08;09;10;12;13;17;18"
"3775","44f8c341-fd3e-56d1-a321-7aa65d97043d","讽刺","2020-06-04","定义与达意;选择与自由;责任与后果;成本与总账;爱与回应;边界与许可;劳动与组织;法律与秩序;性别与身体","02;03;04;05;06;07;09;10;12;13;14;16;17;18"
"3776","556022bb-f5a7-5a2b-81cd-29b02c02fb4a","权利的总和","2020-05-31","定义与达意;能力与学习;选择与自由;责任与后果;成本与总账;边界与许可;法律与秩序;权力与异议;生态与自然;心理与主体","02;03;05;07;08;09;10;12;13;14;16;17;18;25;32"
"3777","5e41ab6c-b81f-549f-b326-9e6bea9cbc4a","种族矛盾","2020-05-29","事实与证据;能力与学习;选择与自由;责任与后果;成本与总账;法律与秩序;权力与异议;技术与工程;民族与身份","02;03;07;08;09;10;12;13;16;17;18;27;31;32;33"
"3778","320a2135-3184-57c9-b1d8-9ba137c48789","敢画","2020-05-29","定义与达意;能力与学习;责任与后果;成本与总账;边界与许可;照料与家庭;权力与异议;心理与主体","02;03;04;05;07;08;09;10;12;13;14;16;17;18"
"3779","f5a5535f-7ae7-54a0-8560-ae485ed7da75","思而行","2020-05-28","事实与证据;定义与达意;能力与学习;责任与后果;成本与总账;信用与信任;劳动与组织;技术与工程;心理与主体","02;03;06;08;09;10;12;13;14;17;18;32;33"
"3780","cc24d577-042c-5ce2-940e-69d353ad3700","推荐纪录片","2020-05-24","事实与证据","08;09;17"
"3781","2956f665-a0f0-5866-9a28-09f0cc114360","冷静期","2020-05-24","事实与证据;能力与学习;责任与后果;成本与总账;照料与家庭;劳动与组织;法律与秩序;文明与历史;民族与身份","02;03;04;05;06;07;08;09;10;11;12;13;14;15;16;17;18;27;31;32;33"
"3782","e7de7c32-d2be-5a50-8c7a-f25f219dfcf2","物之为物","2020-05-23","定义与达意;选择与自由;边界与许可;文明与历史","02;05;07;09;11;12;13;15;16;17;18;31;32;33"
"3783","8ea0b86e-e7e1-5dce-abb0-b04a94f0cbae","道法自然","2020-05-22","事实与证据;定义与达意;能力与学习;选择与自由;责任与后果;成本与总账;边界与许可;劳动与组织;权力与异议;生态与自然","02;03;05;06;07;08;09;10;12;13;16;17;18;25;32"
"3784","09ac8a44-f76b-5310-8c98-b087c4616418","撑着累","2020-05-22","事实与证据;性别与身体","05;08;09;14;16;17"
"3785","c34ca81a-ada6-5462-b656-e70a8805cf0b","终极真理","2020-05-21","事实与证据;定义与达意;能力与学习;选择与自由;成本与总账;信用与信任;边界与许可;文明与历史;人工智能与机器;心理与主体;宗教与自然法","02;03;05;06;07;08;09;10;11;12;13;14;15;16;17;18;28;29;31;32;33"
"3786","370731da-4336-5171-a839-e6b2a7cd6e23","斤斤计较","2020-05-21","选择与自由;责任与后果;成本与总账;爱与回应","02;03;04;05;07;10;12;14;16;18"
"3787","ea8344f2-05e3-5c4c-9f53-9531cfc1eec1","“其实”","2020-05-20","事实与证据","08;09;17"
"3788","c395b3a1-0c33-5146-8f30-e4c0c57787e0","狮子","2020-05-16","事实与证据;能力与学习;选择与自由;责任与后果;成本与总账;净输出与不掠夺;边界与许可;照料与家庭;法律与秩序","02;03;04;05;07;08;09;10;12;13;14;16;17;18"
"3789","cfadb4bf-2203-5a52-a0cd-75fd7ae59d83","过渡性价值观","2020-05-16","能力与学习;选择与自由;成本与总账;照料与家庭;技术与工程;文明与历史","02;03;04;05;07;08;10;11;13;14;15;16;17;18;31;32;33"
"3790","68fd2b62-0858-5b4e-958d-32e20e659e29","赔我啥","2020-05-15","事实与证据;定义与达意;能力与学习;选择与自由;责任与后果;成本与总账;信用与信任;爱与回应;净输出与不掠夺;边界与许可;照料与家庭;劳动与组织;财富与市场;法律与秩序;权力与异议;心理与主体","02;03;04;05;06;07;08;09;10;12;13;14;16;17;18"
"3791","f3de6386-0e39-5f8d-820b-de93e6d7aef0","不破例","2020-05-15","事实与证据;能力与学习;选择与自由;责任与后果;成本与总账;信用与信任;爱与回应;净输出与不掠夺;边界与许可;照料与家庭;劳动与组织;权力与异议","02;03;04;05;06;07;08;09;10;12;13;14;16;17;18"
"3792","9bf31a03-66b9-569a-ae73-e14a63c1b693","术不可补","2020-05-14","定义与达意;能力与学习;成本与总账;净输出与不掠夺;技术与工程;文明与历史;人工智能与机器;心理与主体;性别与身体","03;05;08;09;10;11;13;14;15;16;17;18;28;29;31;32;33"
"3793","0abb35df-d669-5b45-ac03-2fbc11fada80","具象建筑","2020-05-13","事实与证据;责任与后果;成本与总账;劳动与组织;财富与市场;文明与历史;宗教与自然法","02;03;06;07;08;09;10;11;12;13;15;17;18;31;32;33"
"3794","1a0c33e3-e996-5f61-a55e-751991bbdfa0","全球化与失业","2020-05-13","能力与学习;选择与自由;责任与后果;成本与总账;爱与回应;照料与家庭;劳动与组织;财富与市场;法律与秩序;权力与异议;民族与身份;人工智能与机器","02;03;04;05;06;07;08;10;12;13;14;16;18;27;28;29;31;33"
"3795","96d836cb-4559-5c94-82b9-51adca67267f","军服","2020-05-10","事实与证据;能力与学习;选择与自由;责任与后果;成本与总账;照料与家庭;劳动与组织;财富与市场;法律与秩序;技术与工程;文明与历史;性别与身体","02;03;04;05;06;07;08;09;10;11;12;13;14;15;16;17;18;31;32;33"
"3796","1109bcf8-390f-54ef-9191-6ec7f40f5c1d","嫉妒或崇拜","2020-05-07","能力与学习;选择与自由;法律与秩序;心理与主体","02;07;08;12;13;14;16;17;18"
"3797","b95e3891-a76b-5252-86ca-12733a306294","反犹","2020-05-07","事实与证据;选择与自由;成本与总账;信用与信任;爱与回应;净输出与不掠夺;边界与许可;劳动与组织;财富与市场;法律与秩序;文明与历史;心理与主体;宗教与自然法","02;03;04;05;06;07;08;09;10;11;12;13;14;15;16;17;18;31;32;33"
"3798","8561dd6b-4c1d-57e7-82b6-b1321f7d23c6","不感兴趣","2020-05-03","事实与证据;能力与学习;权力与异议;技术与工程;性别与身体","03;05;07;08;09;12;13;14;16;17;18;32;33"
"3799","212c4ae7-d09b-5c10-8fbb-c65d879c824a","好批评","2020-05-03","定义与达意;边界与许可","05;09;12;16;17;18"
"3800","3ec58eae-826d-5e19-a1cf-ac68ceef84d2","超英赶美","2020-05-03","事实与证据;能力与学习;信用与信任;爱与回应;财富与市场;法律与秩序;技术与工程;文明与历史;民族与身份","03;04;05;06;07;08;09;10;11;12;13;14;15;16;17;18;27;31;32;33"
"3801","2133f3d8-4ccb-5c0f-9c09-1539ab21c794","财富观","2020-05-01","定义与达意;能力与学习;选择与自由;责任与后果;成本与总账;爱与回应;净输出与不掠夺;照料与家庭;劳动与组织;财富与市场;技术与工程;文明与历史;宗教与自然法","02;03;04;05;06;07;08;09;10;11;12;13;14;15;16;17;18;31;32;33"
"3802","5103c8f4-9a46-5cad-b970-ff74757cc1ba","老人","2020-04-30","事实与证据;定义与达意;能力与学习;选择与自由;责任与后果;成本与总账;财富与市场;权力与异议;技术与工程;文明与历史;性别与身体","02;03;05;07;08;09;10;11;12;13;14;15;16;17;18;31;32;33"
"3803","557cd798-03d7-57fd-a7a4-14f743e1ba13","凭爱分手","2020-04-27","能力与学习;选择与自由;责任与后果;成本与总账;爱与回应;边界与许可;照料与家庭;财富与市场;法律与秩序;权力与异议;心理与主体","02;03;04;05;07;08;10;12;13;14;16;17;18"
"3804","1e6499af-15ef-5a41-9b01-84384abbb929","全球化","2020-04-19","定义与达意;能力与学习;选择与自由;成本与总账;净输出与不掠夺;劳动与组织;财富与市场;法律与秩序;权力与异议;技术与工程;文明与历史","02;03;05;06;07;08;09;10;11;12;13;15;16;17;18;31;32;33"
"3805","ea7b6f18-f7ba-5f2c-a136-be426095a602","信力","2020-04-17","定义与达意;能力与学习;选择与自由;责任与后果;成本与总账;信用与信任;边界与许可;法律与秩序;权力与异议;技术与工程","02;03;05;06;07;08;09;10;12;13;16;17;18;32;33"
"3806","addc8fef-723d-5e12-aacf-a361a97e338f","“撤离中国”","2020-04-12","能力与学习;选择与自由;责任与后果;成本与总账;财富与市场;法律与秩序;权力与异议;技术与工程;文明与历史;民族与身份;生态与自然;心理与主体","02;03;07;08;10;11;12;13;14;15;16;17;18;25;27;31;32;33"
"3807","731fe9f8-a468-5b59-844a-bdc2886341b8","无事生非","2020-04-11","定义与达意;能力与学习;选择与自由;责任与后果;信用与信任;边界与许可;照料与家庭;劳动与组织","02;03;04;05;06;07;08;09;10;12;13;14;16;17;18"
"3808","1aea8c65-ae4c-5a0c-b16d-907b6013bbb8","非洲、非洲","2020-04-08","选择与自由;责任与后果;成本与总账;法律与秩序;权力与异议;技术与工程;文明与历史","02;03;07;10;11;12;13;15;16;17;18;31;32;33"
"3809","721372df-56c1-58ee-ac7c-13fae594eb74","瑞幸","2020-04-03","责任与后果;成本与总账;照料与家庭;财富与市场;权力与异议;文明与历史","02;03;04;05;07;10;11;12;13;14;15;16;18;31;32;33"
"3810","33c3a852-93f4-5054-9a2e-fee81f40323e","网暴","2020-03-30","定义与达意;选择与自由;成本与总账;爱与回应;权力与异议;心理与主体","02;03;04;05;07;08;09;10;12;14;16;17;18"
"3811","01ed2146-0b15-5629-98f1-174a630ce792","撒钱","2020-03-29","能力与学习;选择与自由;责任与后果;成本与总账;信用与信任;边界与许可;财富与市场;法律与秩序;民族与身份","02;03;05;06;07;08;10;12;13;16;18;27;31"
"3812","75830681-5d4c-531a-9c94-18c31d4c71e4","入关学","2020-03-28","能力与学习;选择与自由;责任与后果;爱与回应;边界与许可;法律与秩序;权力与异议;文明与历史;民族与身份","02;03;04;05;07;08;10;11;12;13;14;15;16;18;27;31;32;33"
"3813","fffcc0f7-234f-521a-a1dc-8f41840f7593","液相呼吸","2020-03-28","责任与后果;技术与工程;性别与身体","02;03;05;10;12;13;14;16;17;18;32;33"
"3814","709c7581-b9fb-5c40-9d0d-bf5f0b3ec31b","最重要的能力","2020-03-21","能力与学习;爱与回应","04;05;08;13;14;16;18"
"3815","0d8ddd57-b183-51de-9f26-123a74d56646","聪明人","2020-03-21","事实与证据;定义与达意;能力与学习;选择与自由;责任与后果;成本与总账;信用与信任;边界与许可;财富与市场;权力与异议;技术与工程;心理与主体","02;03;05;06;07;08;09;10;12;13;14;16;17;18;32;33"
"3816","e7e358f9-9e63-54f9-959b-150660c31ccc","美国方式","2020-03-21","责任与后果;成本与总账;边界与许可;劳动与组织;财富与市场;法律与秩序;技术与工程;文明与历史;民族与身份","02;03;05;06;07;10;11;12;13;15;16;17;18;27;31;32;33"
"3817","64fda1e3-85c0-5b10-ba94-eb92af9b096a","文化","2020-03-16","定义与达意;能力与学习;选择与自由;劳动与组织;文明与历史;民族与身份","02;06;07;08;09;10;11;12;13;15;16;17;18;27;31;32;33"
"3818","4adfa0a0-e750-570d-9608-616e84038afd","中国式反同化","2020-03-16","能力与学习;选择与自由;责任与后果;成本与总账;边界与许可;照料与家庭;文明与历史;民族与身份;生态与自然;心理与主体;宗教与自然法","02;03;04;05;07;08;10;11;12;13;14;15;16;17;18;25;27;31;32;33"
"3819","3bf1a7c6-9e3e-546e-91cf-12015530481a","BD象限不为空","2020-03-16","定义与达意;选择与自由;边界与许可;性别与身体","02;05;07;09;12;14;16;17;18"
"3820","e266c1dd-a142-51f3-a1c7-661ec21e4585","各行其道","2020-03-15","选择与自由;责任与后果;爱与回应;生态与自然","02;03;04;05;07;10;12;13;14;16;18;25;32"
"3821","b706166b-224b-59f4-9651-ed6301949aa5","中国刀","2020-03-15","事实与证据;能力与学习;劳动与组织;法律与秩序;技术与工程;文明与历史","06;07;08;09;10;11;12;13;15;17;18;31;32;33"
"3822","3f3ffe4e-e9bb-5572-808e-eba67b89148c","“纪实”","2020-03-14","事实与证据;定义与达意;能力与学习;选择与自由;责任与后果;信用与信任;权力与异议;心理与主体;宗教与自然法","02;03;06;07;08;09;10;11;12;13;14;16;17;18"
"3823","b6bafaf0-5104-50e7-9e0d-300396dbfbbe","越界","2020-03-14","定义与达意;能力与学习;选择与自由;责任与后果;成本与总账;信用与信任;净输出与不掠夺;边界与许可;劳动与组织;法律与秩序;技术与工程","02;03;05;06;07;08;09;10;12;13;16;17;18;32;33"
"3824","c7a80384-db83-535c-adb0-9f4e4945578b","好友杀人","2020-03-13","选择与自由;责任与后果;成本与总账;边界与许可;财富与市场;法律与秩序;文明与历史","02;03;05;07;10;11;12;13;15;16;18;31;32;33"
"3825","c2fe7432-de90-5f30-aff8-3379c459c6ff","谁的问题","2020-03-11","定义与达意;选择与自由;责任与后果;成本与总账;信用与信任;爱与回应;劳动与组织;法律与秩序;技术与工程;文明与历史;性别与身体;宗教与自然法","02;03;04;05;06;07;09;10;11;12;13;14;15;16;17;18;31;32;33"
"3826","f5cfadcb-27a0-51bd-af95-922d104f84e4","政治信仰","2020-03-09","定义与达意;选择与自由;责任与后果;宗教与自然法","02;03;07;09;10;11;12;16;17;18"
"3827","cbfe5527-d7ac-536e-99a2-85246204d3b1","做计划","2020-03-09","能力与学习;责任与后果;成本与总账;信用与信任;劳动与组织;财富与市场;技术与工程;性别与身体","02;03;05;06;08;10;12;13;14;16;17;18;32;33"
"3828","c4d83310-ebf7-5a0c-b054-265c034f4523","中药","2020-03-08","事实与证据;定义与达意;选择与自由;边界与许可;文明与历史;生态与自然","02;05;07;08;09;11;12;13;15;16;17;18;25;31;32;33"
"3829","5316551a-199f-5363-8436-1c4d4a72bbc2","酒神与天神","2020-03-08","事实与证据;成本与总账","03;08;09;10;17;18"
"3830","7ccadecd-a0d7-55a7-a1f9-5c7081f67e7b","自学捷径","2020-03-08","定义与达意;能力与学习;责任与后果;成本与总账;信用与信任;劳动与组织;法律与秩序;技术与工程;文明与历史","02;03;06;07;08;09;10;11;12;13;15;17;18;31;32;33"
"3831","87e68270-6f29-5d3d-afbd-1073bb82e951","聪明误","2020-03-08","事实与证据;能力与学习;责任与后果;技术与工程;心理与主体;性别与身体","02;03;05;08;09;10;12;13;14;16;17;18;32;33"
"3832","7e19ce1e-073f-507d-b5b3-861ecb2d9a86","不配被爱","2020-03-07","事实与证据;定义与达意;能力与学习;选择与自由;成本与总账;爱与回应;净输出与不掠夺;边界与许可","02;03;04;05;07;08;09;10;12;13;14;16;17;18"
"3833","c5e0fe48-8357-509a-bbb1-c17b2e572ff7","伟大","2020-03-04","定义与达意;能力与学习;选择与自由;责任与后果;成本与总账;权力与异议;文明与历史;民族与身份","02;03;07;08;09;10;11;12;13;15;16;17;18;27;31;32;33"
"3834","5d5b4502-5b35-5392-b79f-dd62408fb0dd","清白体育","2020-03-01","事实与证据;定义与达意;能力与学习;成本与总账;边界与许可;财富与市场;法律与秩序;权力与异议;技术与工程;文明与历史;民族与身份;心理与主体;性别与身体","03;05;07;08;09;10;11;12;13;14;15;16;17;18;27;31;32;33"
"3835","575a9421-ccab-5ddf-8fb1-0ce68be1c799","内务班底","2020-03-01","能力与学习;选择与自由;责任与后果;成本与总账;信用与信任;爱与回应;边界与许可;照料与家庭;劳动与组织;权力与异议;文明与历史;心理与主体","02;03;04;05;06;07;08;10;11;12;13;14;15;16;17;18;31;32;33"
"3836","7b9fc1f4-1aa0-5c1b-9edc-9783abeeec89","助医策略","2020-03-01","能力与学习;责任与后果;成本与总账;边界与许可;劳动与组织","02;03;05;06;08;10;12;13;16;18"
"3837","99919a57-0f14-5004-9ddf-a75d4575052a","占山为王","2020-02-29","能力与学习;技术与工程;生态与自然","08;13;17;18;25;32;33"
"3838","f2c3a70c-3ff4-51b0-9663-fd59d628226f","反虚无","2020-02-29","事实与证据;能力与学习;选择与自由;责任与后果;成本与总账;爱与回应;财富与市场;心理与主体","02;03;04;05;07;08;09;10;12;13;14;16;17;18"
"3839","328789e0-0714-5df0-9f11-c7aa2b88db8a","捧杀","2020-02-29","事实与证据;选择与自由;责任与后果;成本与总账;权力与异议;文明与历史;心理与主体","02;03;07;08;09;10;11;12;13;14;15;16;17;18;31;32;33"
"3840","208c5abc-0b2a-552b-aedf-560a36c0a22b","五分钟厨师","2020-02-28","能力与学习;责任与后果;成本与总账;照料与家庭;技术与工程","02;03;04;05;08;10;12;13;14;16;17;18;32;33"
"3841","33b07cf1-91ab-5701-92ef-5e0372d027db","钉钉","2020-02-26","事实与证据;定义与达意;能力与学习;选择与自由;责任与后果;成本与总账;劳动与组织;财富与市场;法律与秩序;权力与异议;技术与工程;心理与主体","02;03;06;07;08;09;10;12;13;14;16;17;18;32;33"
"3842","418def6a-d83c-58a9-8055-db2fec4434ed","自愧不如","2020-02-26","事实与证据;能力与学习;成本与总账;信用与信任;照料与家庭;文明与历史;民族与身份;心理与主体","03;04;05;06;08;09;10;11;12;13;14;15;16;17;18;27;31;32;33"
"3843","2a9e96de-e384-52ab-ac6a-af729d35f78c","时尚品味","2020-02-24","事实与证据;定义与达意;选择与自由;成本与总账;爱与回应;边界与许可;财富与市场;法律与秩序;文明与历史;心理与主体","02;03;04;05;07;08;09;10;11;12;13;14;15;16;17;18;31;32;33"
"3844","6ee1126a-85a9-5e39-890a-e06aa07ef24a","主义","2020-02-21","选择与自由","02;07;16;18"
"3845","e42be94f-2e9c-5892-9920-df0c517a4f32","规范求助","2020-02-20","事实与证据;选择与自由;责任与后果;成本与总账;照料与家庭;心理与主体","02;03;04;05;07;08;09;10;12;14;16;17;18"
"3846","90c3f6e6-064e-5ebd-bff0-e828bd50e15e","组织生鲜供应","2020-02-16","定义与达意;能力与学习;选择与自由;责任与后果;成本与总账;信用与信任;爱与回应;照料与家庭;劳动与组织;财富与市场;法律与秩序;权力与异议;技术与工程;心理与主体","02;03;04;05;06;07;08;09;10;12;13;14;16;17;18;32;33"
"3847","60af0305-66e2-5717-a9de-3afcbcbfb73f","翻碗底","2020-02-12","定义与达意;选择与自由;成本与总账;信用与信任;权力与异议;心理与主体","02;03;06;07;08;09;10;12;14;16;17;18"
"3848","8519c9b5-a6b4-59b4-8a62-57d9d0dbe57d","对事不对人","2020-02-12","事实与证据;定义与达意;能力与学习;选择与自由;信用与信任;边界与许可;法律与秩序;权力与异议;心理与主体;宗教与自然法","02;03;05;06;07;08;09;11;12;13;14;16;17;18"
"3849","db1d72a9-2f26-559b-9abe-f4b49e62c219","控评责任","2020-02-11","定义与达意;选择与自由;责任与后果;信用与信任;边界与许可;法律与秩序;心理与主体","02;03;05;06;07;08;09;10;12;14;16;17;18"
"3850","b6ade76b-57fd-5bd4-83ff-fe68b948fc4f","反浪辩","2020-02-10","事实与证据;能力与学习;选择与自由;责任与后果;成本与总账;爱与回应;权力与异议;心理与主体","02;03;04;05;07;08;09;10;12;13;14;16;17;18"
"3851","7fb64136-07c9-5a94-bc41-0e102999a3a4","无常","2020-02-10","事实与证据;定义与达意;成本与总账;法律与秩序;权力与异议;技术与工程","03;07;08;09;10;12;13;17;18;32;33"
"3852","e2f378a3-e400-59a8-82ca-20742b8718fa","善良与现实","2020-02-08","事实与证据;能力与学习;成本与总账;信用与信任;边界与许可;财富与市场;权力与异议;文明与历史;心理与主体","03;05;06;07;08;09;10;11;12;13;14;15;16;17;18;31;32;33"
"3853","05021c4e-0d84-52c7-8757-63adec4cf11c","万米高楼","2020-02-08","定义与达意;成本与总账;技术与工程;文明与历史;生态与自然","03;09;10;11;13;15;17;18;25;31;32;33"
"3854","0b85308f-deac-5761-b763-896067c03ecf","民主专制","2020-01-27","事实与证据;定义与达意;能力与学习;选择与自由;责任与后果;成本与总账;爱与回应;劳动与组织;法律与秩序;权力与异议;文明与历史;宗教与自然法","02;03;04;05;06;07;08;09;10;11;12;13;14;15;16;17;18;31;32;33"
"3855","ff6fb998-2cd6-56b0-98d2-d41c6e056a3f","新加坡","2020-01-26","选择与自由;责任与后果;法律与秩序;文明与历史","02;03;07;10;11;12;13;15;16;18;31;32;33"
"3856","35af9bf7-37bd-5b11-9d13-f314dc5a1ee6","完美传染病","2020-01-24","定义与达意;能力与学习;成本与总账;边界与许可;照料与家庭;劳动与组织;财富与市场;法律与秩序;权力与异议;技术与工程;文明与历史;生态与自然;心理与主体","03;04;05;06;07;08;09;10;11;12;13;14;15;16;17;18;25;31;32;33"
"3857","d44c8e93-b35a-598e-acc2-e926b393caa0","平庸","2020-01-12","定义与达意;能力与学习;选择与自由;成本与总账;净输出与不掠夺;边界与许可;照料与家庭;民族与身份;心理与主体","02;03;04;05;07;08;09;10;12;13;14;16;17;18;27;31"
"3858","f8a15d4a-3780-59fe-9163-89deeeac2762","宁信外人","2020-01-07","选择与自由;责任与后果;成本与总账;信用与信任;边界与许可;照料与家庭;法律与秩序;权力与异议;文明与历史;宗教与自然法","02;03;04;05;06;07;10;11;12;13;14;15;16;18;31;32;33"
"3859","4891cb93-bc7d-5f94-bc7f-07fc1f7f4c02","唯二绝对事实","2020-01-07","事实与证据;能力与学习;信用与信任;爱与回应;边界与许可;心理与主体;宗教与自然法","03;04;05;06;07;08;09;11;12;13;14;16;17;18"
"3860","8d759a27-9772-518d-bf3c-78de82340c80","低密度安全模式","2020-01-06","能力与学习;成本与总账;爱与回应;劳动与组织;法律与秩序;权力与异议;技术与工程;文明与历史","03;04;05;06;07;08;10;11;12;13;14;15;16;17;18;31;32;33"
"3861","840bd308-74b2-5050-bdb4-f4a4c18784d1","美式安全","2020-01-06","定义与达意;能力与学习;责任与后果;成本与总账;边界与许可;财富与市场;法律与秩序","02;03;05;07;08;09;10;12;13;16;17;18"
"3862","8d6bfa1a-f56f-535b-923b-ad4a97d00c65","暴击","2020-01-05","能力与学习;选择与自由;责任与后果;成本与总账;劳动与组织;财富与市场;技术与工程;文明与历史;民族与身份;心理与主体","02;03;06;07;08;10;11;12;13;14;15;16;17;18;27;31;32;33"
"3863","e0f2d1a4-bb3d-52c4-b1ab-2e6dcedc5021","“资本家”","2019-12-30","事实与证据;定义与达意;能力与学习;选择与自由;责任与后果;成本与总账;信用与信任;爱与回应;劳动与组织;财富与市场;法律与秩序;权力与异议;文明与历史;宗教与自然法","02;03;04;05;06;07;08;09;10;11;12;13;14;15;16;17;18;31;32;33"
"3864","82389177-42f9-5e9b-bf5b-e50c1baa69f0","低贱的事情","2019-12-30","事实与证据;能力与学习;选择与自由;责任与后果;成本与总账;信用与信任;爱与回应;净输出与不掠夺;劳动与组织;权力与异议","02;03;04;05;06;07;08;09;10;12;13;14;16;17;18"
"3865","3d075c9c-05f2-59ea-a35a-6f59dd033d4a","废没废","2019-12-26","能力与学习;选择与自由;责任与后果;成本与总账;爱与回应;净输出与不掠夺;照料与家庭;劳动与组织;法律与秩序;权力与异议;宗教与自然法","02;03;04;05;06;07;08;10;11;12;13;14;16;18"
"3866","34683c72-e96f-5966-be9c-30593b0fc92e","个人问题","2019-12-25","事实与证据;责任与后果;成本与总账;财富与市场;宗教与自然法","02;03;07;08;09;10;11;12;13;17;18"
"3867","abb8a631-253a-57ee-a3bd-fe7330f6d6bc","蛋生鸡","2019-12-24","事实与证据;选择与自由;成本与总账;权力与异议","02;03;07;08;09;10;12;16;17;18"
"3868","5e6bf097-3065-5755-906b-6c1ad5ebcad2","居留政策","2019-12-11","定义与达意;能力与学习;选择与自由;责任与后果;成本与总账;边界与许可;劳动与组织;法律与秩序;文明与历史;民族与身份;心理与主体","02;03;05;06;07;08;09;10;11;12;13;14;15;16;17;18;27;31;32;33"
"3869","88e2e0eb-6711-5cca-b0a3-f049eb97e7c7","安全的路","2019-12-11","能力与学习;选择与自由;责任与后果;成本与总账;照料与家庭;权力与异议;技术与工程;心理与主体","02;03;04;05;07;08;10;12;13;14;16;17;18;32;33"
"3870","dabd4834-d47b-503e-8e37-851df938d742","人救人","2019-12-03","能力与学习;责任与后果;成本与总账;信用与信任;净输出与不掠夺;劳动与组织;法律与秩序;心理与主体;宗教与自然法","02;03;05;06;07;08;10;11;12;13;14;16;17;18"
"3871","6606595d-d816-5ee3-8feb-51a4162d9048","5G耗能","2019-12-02","能力与学习;责任与后果;成本与总账;劳动与组织","02;03;06;08;10;12;13;18"
"3872","fb286207-0e96-5d9b-8dfc-e5cb55f65e51","女儿自杀","2019-11-30","能力与学习;选择与自由;成本与总账;边界与许可;照料与家庭;心理与主体","02;03;04;05;07;08;10;12;13;14;16;17;18"
"3873","34c70769-57cc-52fb-b839-f99b12466071","唯此为大","2019-11-29","定义与达意;责任与后果;文明与历史","02;03;09;10;11;12;13;15;17;18;31;32;33"
"3874","be6d869d-9c60-5b87-85ff-30c3772ce48f","职业规划","2019-11-18","定义与达意;能力与学习;选择与自由;责任与后果;成本与总账;爱与回应;照料与家庭;劳动与组织;财富与市场;权力与异议;心理与主体","02;03;04;05;06;07;08;09;10;12;13;14;16;17;18"
"3875","e1bfc2ea-b7f1-58f1-b7ff-8ce1e8e42c42","幼稚权","2019-11-14","定义与达意;能力与学习;选择与自由;责任与后果;成本与总账;边界与许可;劳动与组织;财富与市场;法律与秩序;技术与工程;文明与历史;生态与自然;心理与主体;宗教与自然法","02;03;05;06;07;08;09;10;11;12;13;14;15;16;17;18;25;31;32;33"
"3876","aeeaa88d-4d6a-5329-b20b-97451fa2d865","权谋套娃","2019-11-13","选择与自由;责任与后果;法律与秩序","02;03;07;10;12;16;18"
"3877","073d820a-ca22-52fe-bc2c-152e5a0d9742","终结者","2019-11-10","事实与证据;能力与学习;边界与许可;财富与市场;生态与自然;人工智能与机器;性别与身体","03;05;08;09;10;12;13;14;16;17;18;25;28;29;32;33"
"3878","f6a3ecc2-7a8d-54ca-af9d-3bf05df1e002","值得一嫁","2019-11-09","定义与达意;选择与自由;爱与回应;照料与家庭;技术与工程;心理与主体","02;04;05;07;08;09;13;14;16;17;18;32;33"
"3879","648c22fb-82e1-5af9-a133-e9b25e236b84","孰善孰恶","2019-10-27","能力与学习;责任与后果;成本与总账;文明与历史;宗教与自然法","02;03;07;08;10;11;12;13;15;18;31;32;33"
"3880","800fb2b2-b637-5716-b625-ac4ae13b89b3","值得","2019-10-25","定义与达意;能力与学习;责任与后果","02;03;08;09;10;12;13;17;18"
"3881","f589a906-d973-5139-9bff-d1687915271e","性感罪","2019-10-23","事实与证据;能力与学习;成本与总账;照料与家庭;法律与秩序;权力与异议;文明与历史;心理与主体;性别与身体","03;04;05;07;08;09;10;11;12;13;14;15;16;17;18;31;32;33"
"3882","cc326f77-36ac-5988-93f9-dc2934e01e60","猫山王","2019-10-16","事实与证据;能力与学习;成本与总账;爱与回应;劳动与组织;生态与自然","03;04;05;06;08;09;10;13;14;16;17;18;25;32"
"3883","3f9030f5-c882-56e3-bb68-a37a793a46e4","打印故障","2019-10-13","事实与证据;选择与自由;劳动与组织;权力与异议","02;03;06;07;08;09;10;12;13;16;17;18"
"3884","3b9fa9f6-ab22-5335-a042-f8dadaa5de71","请勿吸烟","2019-10-13","定义与达意;能力与学习;选择与自由;责任与后果;财富与市场","02;03;07;08;09;10;12;13;16;17;18"
"3885","bde0a145-00b6-53ec-9687-d62cbcca4ca5","强力下属","2019-10-09","能力与学习;成本与总账;财富与市场;法律与秩序","03;07;08;10;12;13;18"
"3886","40a65008-dc6a-5431-a589-771e89e7362a","止争策略","2019-10-04","定义与达意;能力与学习;选择与自由;责任与后果;爱与回应;边界与许可;权力与异议;心理与主体;性别与身体","02;03;04;05;07;08;09;10;12;13;14;16;17;18"
"3887","5effaee2-e816-5743-9e7c-c8f9f29fc3c4","比复读还苦","2019-10-04","能力与学习;选择与自由;照料与家庭;劳动与组织;心理与主体;宗教与自然法","02;04;05;06;07;08;10;11;13;14;16;17;18"
"3888","02db4116-5586-5e3e-94cb-67f95b4238e2","成名资格","2019-09-29","事实与证据;能力与学习;选择与自由;成本与总账;权力与异议;心理与主体","02;03;07;08;09;10;12;13;14;16;17;18"
"3889","6446a6dc-c4c0-5a97-8664-7a3fefe7492e","城府","2019-09-16","定义与达意;能力与学习;选择与自由;边界与许可","02;05;07;08;09;12;13;16;17;18"
"3890","944384b9-5594-5738-a715-05fe1088318a","信源管理","2019-09-14","事实与证据;定义与达意;能力与学习;选择与自由;责任与后果;成本与总账;爱与回应;法律与秩序;技术与工程;心理与主体","02;03;04;05;07;08;09;10;12;13;14;16;17;18;32;33"
"3891","81be527e-8c52-5e2e-94a4-a2753f87ca8e","谴责恶行","2019-09-13","定义与达意;能力与学习;选择与自由;责任与后果;成本与总账;爱与回应;权力与异议;文明与历史;心理与主体","02;03;04;05;07;08;09;10;11;12;13;14;15;16;17;18;31;32;33"
"3892","4624f253-14ce-513a-b166-b8a351df55eb","和弓","2019-09-10","事实与证据;定义与达意;选择与自由;技术与工程;文明与历史","02;07;08;09;11;13;15;16;17;18;31;32;33"
"3893","d49d3828-47d5-50d0-8f9a-cdac1a82acf2","中国小确幸","2019-09-09","定义与达意;能力与学习;选择与自由;成本与总账;财富与市场;法律与秩序;文明与历史;民族与身份;性别与身体","02;03;05;07;08;09;10;11;12;13;14;15;16;17;18;27;31;32;33"
"3894","fdf47337-3241-5790-a0da-9c0cc451c6eb","世界史","2019-09-08","事实与证据;定义与达意;能力与学习;选择与自由;责任与后果;成本与总账;信用与信任;照料与家庭;劳动与组织;财富与市场;法律与秩序;权力与异议;文明与历史;民族与身份","02;03;04;05;06;07;08;09;10;11;12;13;14;15;16;17;18;27;31;32;33"
"3895","f9472f2a-707c-5674-bd9e-0690fd8ae3b3","恶之花","2019-09-08","事实与证据;能力与学习;选择与自由;责任与后果;信用与信任;爱与回应;照料与家庭;财富与市场;法律与秩序;权力与异议;技术与工程;心理与主体","02;03;04;05;06;07;08;09;10;12;13;14;16;17;18;32;33"
"3896","f3283eb3-ae1f-5946-9995-2f7f18d3da32","反欺凌","2019-09-05","能力与学习;选择与自由;责任与后果;成本与总账;信用与信任;爱与回应;照料与家庭;劳动与组织;法律与秩序;权力与异议;技术与工程","02;03;04;05;06;07;08;10;12;13;14;16;17;18;32;33"
"3897","7769e7f1-6ec2-5c91-8bfe-05f1990edd76","人吃人","2019-08-30","事实与证据;定义与达意;选择与自由;责任与后果;成本与总账;照料与家庭;劳动与组织;法律与秩序;权力与异议;技术与工程;文明与历史;民族与身份;生态与自然","02;03;04;05;06;07;08;09;10;11;12;13;14;15;16;17;18;25;27;31;32;33"
"3898","5f53ba7a-365e-55ce-9127-f98be023cce6","正中心","2019-08-24","事实与证据;信用与信任;文明与历史","03;06;08;09;11;12;13;15;17;18;31;32;33"
"3899","448fa84f-f109-5d19-9a11-c13ca4967e3b","怎样读新闻","2019-08-22","事实与证据;能力与学习;选择与自由;责任与后果;成本与总账;心理与主体;宗教与自然法","02;03;07;08;09;10;11;12;13;14;16;17;18"
"3900","c0f1ba80-af0b-52ca-96f7-0ccc89da8928","征信体系","2019-08-21","事实与证据;能力与学习;成本与总账;信用与信任;爱与回应;财富与市场;法律与秩序;心理与主体","03;04;05;06;07;08;09;10;12;13;14;16;17;18"
"3901","66e90cce-04d4-554c-87e6-c7bd02d1c81f","专业布局","2019-08-20","事实与证据;能力与学习;选择与自由;责任与后果;劳动与组织;权力与异议;技术与工程;人工智能与机器","02;03;06;07;08;09;10;12;13;16;17;18;28;29;32;33"
"3902","07487f5c-2d0d-5058-9ea0-25c3d71293b9","缺爱症","2019-08-11","事实与证据;定义与达意;能力与学习;责任与后果;成本与总账;信用与信任;爱与回应;财富与市场;权力与异议;心理与主体","02;03;04;05;06;07;08;09;10;12;13;14;16;17;18"
"3903","fe50ef29-904d-5e9a-a1d7-7ac57ac7584f","不是肝炎","2019-08-07","事实与证据;能力与学习;责任与后果;信用与信任;劳动与组织","02;03;06;08;09;10;12;13;17;18"
"3904","958169e5-e3b9-5a96-85d3-bd541b225541","自我怀疑","2019-08-05","事实与证据;定义与达意;能力与学习;选择与自由;责任与后果;成本与总账;边界与许可;照料与家庭;劳动与组织;文明与历史;心理与主体","02;03;04;05;06;07;08;09;10;11;12;13;14;15;16;17;18;31;32;33"
"3905","d4033d19-b0c5-5b89-b162-42c143ff3c9f","可怜者可恨","2019-08-03","能力与学习;选择与自由;责任与后果;成本与总账;民族与身份;心理与主体;宗教与自然法","02;03;07;08;10;11;12;13;14;16;17;18;27;31"
"3906","95a97047-46ae-561c-b462-1c903c2c3ebd","尊师","2019-08-01","事实与证据;定义与达意;能力与学习;选择与自由;责任与后果;成本与总账;净输出与不掠夺;照料与家庭;劳动与组织;法律与秩序;权力与异议;技术与工程;心理与主体","02;03;04;05;06;07;08;09;10;12;13;14;16;17;18;32;33"
"3907","3b6dc172-30a7-5fa8-a8ee-4aface5842e6","巨兽","2019-07-29","定义与达意;能力与学习;责任与后果;技术与工程;生态与自然;性别与身体","02;03;05;08;09;10;12;13;14;16;17;18;25;32;33"
"3908","c60c486a-8a23-568d-a844-80fa08292d8b","人品差","2019-07-27","事实与证据;定义与达意;成本与总账;信用与信任;爱与回应;边界与许可;财富与市场;心理与主体","03;04;05;06;08;09;10;12;13;14;16;17;18"
"3909","aa63aa65-d376-58fa-9b14-fe4d09067818","香水","2019-07-08","选择与自由;爱与回应;权力与异议;文明与历史;性别与身体","02;03;04;05;07;11;12;13;14;15;16;18;31;32;33"
"3910","ff44e691-f26d-5429-82db-46f8521d08de","打掉飞箭","2019-06-30","能力与学习;选择与自由;文明与历史","02;07;08;11;13;15;16;18;31;32;33"
"3911","c0ef769d-39f5-5f7b-af45-899250f18786","嫉妒","2019-06-27","定义与达意;能力与学习;选择与自由;责任与后果;成本与总账;边界与许可;法律与秩序;权力与异议;文明与历史;宗教与自然法","02;03;05;07;08;09;10;11;12;13;15;16;17;18;31;32;33"
"3912","8a1cc032-6242-5b68-bf4a-d6195b5ecc2c","玩摩托","2019-06-25","选择与自由;责任与后果;成本与总账;边界与许可;技术与工程;心理与主体","02;03;05;07;08;10;12;13;14;16;17;18;32;33"
"3913","b97da81b-6171-5dc7-a004-8259d9fdfbf6","简明格言","2019-06-25","事实与证据;定义与达意;能力与学习;选择与自由;责任与后果;成本与总账;信用与信任;边界与许可;文明与历史;心理与主体","02;03;05;06;07;08;09;10;11;12;13;14;15;16;17;18;31;32;33"
"3914","e7441d0a-0df7-593f-a8f3-6c0d2d801b10","弱势财务部","2019-06-24","事实与证据;能力与学习;选择与自由;成本与总账;信用与信任;劳动与组织;财富与市场;权力与异议","02;03;06;07;08;09;10;12;13;16;17;18"
"3915","1350987a-cf4b-545b-bafe-847d2785533a","3D打印","2019-06-24","事实与证据;成本与总账;劳动与组织;技术与工程","03;06;08;09;10;13;17;18;32;33"
"3916","e26ded3d-29e4-5733-8c83-39e877cf74f2","可见光通信","2019-06-23","选择与自由;信用与信任;技术与工程;文明与历史","02;03;06;07;11;12;13;15;16;17;18;31;32;33"
"3917","f371ffd1-f98c-5fcb-8109-ad183fd9df86","直升珠峰","2019-06-22","定义与达意;能力与学习;责任与后果;成本与总账;爱与回应;权力与异议;技术与工程;文明与历史","02;03;04;05;07;08;09;10;11;12;13;14;15;16;17;18;31;32;33"
"3918","16c53ed9-9140-52ee-b289-d5a0c8eb6ffc","家族","2019-06-19","定义与达意;能力与学习;选择与自由;责任与后果;成本与总账;信用与信任;照料与家庭;劳动与组织;财富与市场;文明与历史","02;03;04;05;06;07;08;09;10;11;12;13;14;15;16;17;18;31;32;33"
"3919","dfd1dd77-2432-5fc1-a62f-d792a06a2d98","人形机器人","2019-06-17","选择与自由;责任与后果;成本与总账;权力与异议;文明与历史;人工智能与机器","02;03;07;10;11;12;13;15;16;18;28;29;31;32;33"
"3920","6468c318-4b48-5250-a604-501d7f8068eb","富豪的香港","2019-06-16","事实与证据;能力与学习;选择与自由;成本与总账;劳动与组织;权力与异议;技术与工程;文明与历史","02;03;06;07;08;09;10;11;12;13;15;16;17;18;31;32;33"
"3921","7d32dc18-d43f-5b31-b663-2cc96f87ef69","工程师","2019-06-16","事实与证据;能力与学习;成本与总账;爱与回应;劳动与组织;财富与市场;权力与异议;技术与工程;文明与历史","03;04;05;06;07;08;09;10;11;12;13;14;15;16;17;18;31;32;33"
"3922","257fe96f-04ef-5ca0-8677-8f91a179fd70","公开换安全","2019-06-16","能力与学习;选择与自由;责任与后果;成本与总账;爱与回应;劳动与组织;权力与异议","02;03;04;05;06;07;08;10;12;13;14;16;18"
"3923","02b823b2-64d3-5356-bb11-e8c089c72013","中医灭绝","2019-06-16","定义与达意;能力与学习;选择与自由;技术与工程;文明与历史;心理与主体","02;07;08;09;11;13;14;15;16;17;18;31;32;33"
"3924","de21b205-c1c5-5483-96b3-158f8e8a1a9b","军舰对潜艇","2019-06-10","事实与证据;定义与达意;能力与学习;技术与工程","08;09;13;17;18;32;33"
"3925","1bb8b361-5c66-5816-9470-9a70945d784e","不可论断人","2019-06-10","定义与达意;能力与学习;选择与自由;爱与回应;边界与许可;法律与秩序;权力与异议;心理与主体","02;03;04;05;07;08;09;12;13;14;16;17;18"
"3926","5a32a445-202b-593a-a880-21c3716cd9cc","5G","2019-06-08","定义与达意;能力与学习;选择与自由;责任与后果;成本与总账;信用与信任;爱与回应;劳动与组织;法律与秩序;权力与异议;技术与工程;文明与历史;民族与身份;生态与自然;人工智能与机器;心理与主体","02;03;04;05;06;07;08;09;10;11;12;13;14;15;16;17;18;25;27;28;29;31;32;33"
"3927","cd132644-305c-577d-a950-4c63d1c000f5","钻石","2019-06-04","事实与证据;定义与达意;财富与市场;心理与主体","03;08;09;10;13;14;17;18"
"3928","f27e3239-c4b3-5535-8152-17bce9f9cf21","射鸟","2019-06-03","选择与自由;成本与总账;爱与回应;边界与许可;财富与市场;法律与秩序","02;03;04;05;07;10;12;13;14;16;18"
"3929","599b48e8-f608-54cb-9bc0-5ac53b459190","原谅宝","2019-06-02","事实与证据;定义与达意;能力与学习;责任与后果;成本与总账;信用与信任;边界与许可;财富与市场;法律与秩序;技术与工程;生态与自然;性别与身体","02;03;05;06;07;08;09;10;12;13;14;16;17;18;25;32;33"
"3930","6a4e29fa-96ad-5868-a15c-aba4f587b442","活死人2","2019-05-28","定义与达意;能力与学习;法律与秩序;文明与历史;心理与主体","07;08;09;11;12;13;14;15;17;18;31;32;33"
"3931","3f52d4aa-1644-512f-b681-04e79aef44e3","爱国行为","2019-05-27","能力与学习;选择与自由;爱与回应;财富与市场;技术与工程;民族与身份","02;03;04;05;07;08;10;12;13;14;16;17;18;27;31;32;33"
"3932","61a65182-b3de-5c28-bb29-5ddcb2acd079","文物","2019-05-21","事实与证据;能力与学习;选择与自由;成本与总账;爱与回应;财富与市场;法律与秩序;权力与异议;技术与工程;文明与历史","02;03;04;05;07;08;09;10;11;12;13;14;15;16;17;18;31;32;33"
"3933","110e0b03-7dc0-54f9-944c-06a6d5934753","门当户对","2019-05-19","定义与达意;能力与学习;成本与总账;边界与许可;照料与家庭;财富与市场;文明与历史;生态与自然;心理与主体","03;04;05;08;09;10;11;12;13;14;15;16;17;18;25;31;32;33"
"3934","85d05c4a-c611-5d84-81b6-04f6c1068fd0","结婚条件","2019-05-15","能力与学习;选择与自由;责任与后果;成本与总账;爱与回应;边界与许可;照料与家庭;劳动与组织;权力与异议","02;03;04;05;06;07;08;10;12;13;14;16;18"
"3935","f378e3c7-87a0-524c-a6ec-d3231fd3cba2","不规则线圈","2019-05-05","能力与学习;成本与总账;净输出与不掠夺;权力与异议;技术与工程;生态与自然","03;05;07;08;10;12;13;16;17;18;25;32;33"
"3936","04954e05-c122-5973-974b-9505564eff75","灭霸","2019-05-05","能力与学习;选择与自由;责任与后果;成本与总账;照料与家庭;劳动与组织","02;03;04;05;06;07;08;10;12;13;14;16;18"
"3937","8d2bc43e-40c3-5808-b4f1-ed51e0237f63","名媛","2019-05-01","事实与证据;定义与达意;选择与自由;责任与后果;成本与总账;边界与许可;财富与市场;权力与异议;性别与身体","02;03;05;07;08;09;10;12;13;14;16;17;18"
"3938","46607103-1d58-54b5-b5a5-9d795147cd64","弹道学","2019-04-25","事实与证据;能力与学习;信用与信任;技术与工程;文明与历史","03;06;08;09;11;12;13;15;17;18;31;32;33"
"3939","381d6a26-dee8-5f21-99ec-0c746f947dc6","活死人","2019-04-21","能力与学习;选择与自由;责任与后果;信用与信任;爱与回应;照料与家庭;法律与秩序;技术与工程;文明与历史;心理与主体","02;03;04;05;06;07;08;10;11;12;13;14;15;16;17;18;31;32;33"
"3940","35a66bd4-874d-57c9-89f8-16e0c4a0ee43","信仰是什么","2019-04-19","定义与达意;选择与自由;责任与后果;成本与总账;信用与信任;劳动与组织;权力与异议;宗教与自然法","02;03;06;07;09;10;11;12;13;16;17;18"
"3941","3701390c-7f2f-56a6-a126-97ba2e892f4f","废死","2019-04-15","能力与学习;选择与自由;责任与后果;成本与总账;财富与市场;法律与秩序;权力与异议;文明与历史;性别与身体","02;03;05;07;08;10;11;12;13;14;15;16;18;31;32;33"
"3942","da05d527-2762-5b58-a9da-fb3dcde8a526","山火","2019-04-09","选择与自由;责任与后果;成本与总账;净输出与不掠夺;权力与异议;技术与工程;生态与自然","02;03;05;07;10;12;13;16;17;18;25;32;33"
"3943","c3734ecc-285a-5017-8ce4-2fd172dc0a70","实际存在","2019-04-08","事实与证据;定义与达意;能力与学习;边界与许可;法律与秩序;权力与异议;心理与主体","03;05;07;08;09;12;13;14;16;17;18"
"3944","fe1e993d-7c2c-5c0f-b734-2bb88c4cae89","井田","2019-04-08","事实与证据;能力与学习;选择与自由;成本与总账;边界与许可;劳动与组织;财富与市场;法律与秩序;权力与异议;技术与工程;文明与历史;生态与自然","02;03;05;06;07;08;09;10;11;12;13;15;16;17;18;25;31;32;33"
"3945","964d3312-f52b-5cdf-a3cb-ee6085fb0dd0","同性恋","2019-04-06","定义与达意;责任与后果;爱与回应;宗教与自然法","02;03;04;05;07;09;10;11;12;14;16;17;18"
"3946","42dc07a1-5588-5b46-b96a-5d80e842a5b4","泼了一身","2019-04-03","定义与达意;能力与学习;选择与自由;责任与后果;成本与总账;信用与信任;边界与许可;劳动与组织;法律与秩序;权力与异议;技术与工程;文明与历史;心理与主体;性别与身体","02;03;05;06;07;08;09;10;11;12;13;14;15;16;17;18;31;32;33"
"3947","5a3ad0a5-02c8-549f-803b-3a2d4ae0c760","长城矮","2019-04-01","选择与自由;成本与总账;劳动与组织;权力与异议;技术与工程;文明与历史","02;03;06;07;10;11;12;13;15;16;17;18;31;32;33"
"3948","95ae40bd-6bce-5354-856f-6dbd939c45a4","戒刀","2019-03-31","事实与证据;能力与学习;边界与许可;文明与历史;宗教与自然法","05;07;08;09;11;12;13;15;16;17;18;31;32;33"
"3949","27a051de-3304-574c-a259-52ef130bd8e5","调弓","2019-03-26","能力与学习;文明与历史","08;11;13;15;18;31;32;33"
"3950","3aeb41af-85cc-5da7-ac22-72aacbd4774f","小重罪","2019-03-17","事实与证据;选择与自由;法律与秩序","02;07;08;09;12;16;17;18"
"3951","d6aebcf1-6dc2-552f-b431-225b48fe2660","固步自封","2019-03-16","事实与证据;能力与学习;选择与自由;责任与后果;成本与总账;法律与秩序;权力与异议;技术与工程;文明与历史;生态与自然;心理与主体;宗教与自然法","02;03;07;08;09;10;11;12;13;14;15;16;17;18;25;31;32;33"
"3952","0d2e3bdf-c978-59ad-b127-abde090ff2c0","约伯","2019-03-15","事实与证据;能力与学习;选择与自由;责任与后果;成本与总账;信用与信任;爱与回应;净输出与不掠夺;照料与家庭;劳动与组织;财富与市场;文明与历史;民族与身份;心理与主体;宗教与自然法","02;03;04;05;06;07;08;09;10;11;12;13;14;15;16;17;18;27;31;32;33"
"3953","df82a10c-a11a-585d-ae5e-89e98ceea834","劳动保障","2019-03-13","能力与学习;选择与自由;责任与后果;劳动与组织;财富与市场;法律与秩序","02;03;06;07;08;10;12;13;16;18"
"3954","7191d0c0-b8e8-5f0d-be38-ccb5314aed2e","弓禁","2019-03-12","能力与学习;选择与自由;责任与后果;成本与总账;法律与秩序;权力与异议;技术与工程;文明与历史;心理与主体","02;03;07;08;10;11;12;13;14;15;16;17;18;31;32;33"
"3955","66905294-b1c5-5a40-8219-eb7d112f373e","臭","2019-03-11","能力与学习;信用与信任;技术与工程;文明与历史;生态与自然;性别与身体","03;05;06;08;11;12;13;14;15;16;17;18;25;31;32;33"
"3956","12ec57be-00d6-5da2-b6b4-f0e10d769e0d","极目","2019-03-10","定义与达意;能力与学习;选择与自由;技术与工程;文明与历史;人工智能与机器","02;07;08;09;11;13;15;16;17;18;28;29;31;32;33"
"3957","fe88ea15-c78c-5ebc-8acd-02f4e10e0261","历史必然","2019-03-09","事实与证据;定义与达意;能力与学习;选择与自由;责任与后果;成本与总账;法律与秩序;权力与异议;技术与工程;文明与历史;民族与身份","02;03;07;08;09;10;11;12;13;15;16;17;18;27;31;32;33"
"3958","db480563-11a5-5ac3-b528-2936562a5ea2","妇女","2019-03-08","事实与证据;定义与达意;能力与学习;选择与自由;责任与后果;边界与许可;照料与家庭;劳动与组织;法律与秩序;权力与异议;心理与主体;性别与身体","02;03;04;05;06;07;08;09;10;12;13;14;16;17;18"
"3959","c6a02357-79be-54da-895e-0a7a9b76dc93","基督教与食血","2019-03-08","事实与证据;能力与学习;选择与自由;边界与许可;法律与秩序;文明与历史;宗教与自然法","02;05;07;08;09;11;12;13;15;16;17;18;31;32;33"
"3960","ec350b6f-521d-5d1e-a683-067a8198d3ed","年龄差","2019-02-24","事实与证据;选择与自由;爱与回应;边界与许可;财富与市场;法律与秩序;权力与异议;文明与历史;心理与主体;性别与身体","02;03;04;05;07;08;09;10;11;12;13;14;15;16;17;18;31;32;33"
"3961","4ce90533-21eb-50f9-ad9e-5452685895cb","甩手箭","2019-02-23","性别与身体","05;14;16"
"3962","8edc436c-2e12-53c7-a69d-ba4c02f40eb9","信仰生命","2019-02-20","定义与达意;选择与自由;责任与后果;成本与总账;信用与信任;文明与历史;心理与主体","02;03;06;07;08;09;10;11;12;13;14;15;16;17;18;31;32;33"
"3963","9bd10f2e-221b-5789-b44c-65732e163960","丑","2019-02-18","事实与证据;定义与达意;能力与学习;选择与自由;责任与后果;爱与回应;法律与秩序;文明与历史;心理与主体;性别与身体;宗教与自然法","02;03;04;05;07;08;09;10;11;12;13;14;15;16;17;18;31;32;33"
"3964","f108f52d-24fd-58dd-920a-14cbdb3488b4","修行成就者","2019-02-18","能力与学习;心理与主体","08;13;14;17;18"
"3965","9b0359f4-4a0d-57d7-88ad-2b8970c567dd","人工智能","2019-02-17","定义与达意;能力与学习;选择与自由;成本与总账;文明与历史;人工智能与机器","02;03;07;08;09;10;11;13;15;16;17;18;28;29;31;32;33"
"3966","a5309387-de01-5677-855f-48d265a8d7be","原生家庭","2019-02-07","选择与自由;责任与后果;边界与许可;照料与家庭;技术与工程;心理与主体","02;03;04;05;07;08;10;12;13;14;16;17;18;32;33"
"3967","d2e1d859-1ab2-5cce-bf66-1330f24e3050","极简主义","2019-01-30","事实与证据;定义与达意;能力与学习;成本与总账;权力与异议","03;07;08;09;10;12;13;17;18"
"3968","0343f198-b719-5501-9a90-6b9d3d5d60f4","免于极端","2019-01-26","定义与达意;能力与学习;选择与自由;爱与回应;净输出与不掠夺;照料与家庭;劳动与组织;财富与市场;权力与异议;文明与历史","02;03;04;05;06;07;08;09;10;11;12;13;14;15;16;17;18;31;32;33"
"3969","24e7b3ef-05b8-50f6-8c36-a233b2cdb59a","游戏史观","2019-01-23","事实与证据;定义与达意;选择与自由;成本与总账;权力与异议;文明与历史","02;03;07;08;09;10;11;12;13;15;16;17;18;31;32;33"
"3970","96522ec0-3832-570f-8a0c-c3dfd7fef58f","乌龙茶","2019-01-21","定义与达意;信用与信任;心理与主体","03;06;08;09;12;14;17;18"
"3971","64f30b14-41c3-54a5-9178-341b68a5a9ae","孔子","2019-01-19","事实与证据;能力与学习;选择与自由;责任与后果;边界与许可;权力与异议;技术与工程;文明与历史;民族与身份","02;03;05;07;08;09;10;11;12;13;15;16;17;18;27;31;32;33"
"3972","c936feb4-7f22-5dcf-a09a-f65f97cf6c8f","好书","2019-01-14","定义与达意;能力与学习;选择与自由;责任与后果;成本与总账;劳动与组织;财富与市场;法律与秩序;文明与历史;民族与身份","02;03;06;07;08;09;10;11;12;13;15;16;17;18;27;31;32;33"
"3973","b34ad449-cac8-588b-a2ed-92b0b4845cf1","永生酷刑","2019-01-14","事实与证据;定义与达意;能力与学习;选择与自由;成本与总账;信用与信任;法律与秩序;权力与异议;技术与工程;文明与历史;生态与自然;心理与主体;性别与身体","02;03;05;06;07;08;09;10;11;12;13;14;15;16;17;18;25;31;32;33"
"3974","48274dc5-4a4a-5096-8ddc-5e7a6dc7736d","艺术生歧视","2019-01-14","事实与证据;能力与学习;选择与自由;责任与后果;爱与回应;心理与主体","02;03;04;05;07;08;09;10;12;13;14;16;17;18"
"3975","c57b5add-60d6-51ec-a892-9a6a9ffa43b2","雅俗共赏","2019-01-13","定义与达意;能力与学习;选择与自由;边界与许可;财富与市场;技术与工程;生态与自然;心理与主体","02;03;05;07;08;09;10;12;13;14;16;17;18;25;32;33"
"3976","251d8f00-f6a7-5f72-8e55-691d2f0ef223","拖拉机","2019-01-12","定义与达意;能力与学习;选择与自由;责任与后果;照料与家庭;法律与秩序;技术与工程;心理与主体","02;03;04;05;07;08;09;10;12;13;14;16;17;18;32;33"
"3977","3e15a2e8-7c34-593f-b838-f63564b33b30","哲学的艺术","2019-01-06","事实与证据;定义与达意;能力与学习;选择与自由;责任与后果;信用与信任","02;03;06;07;08;09;10;12;13;16;17;18"
"3978","20c4c37c-0d16-5c0a-bde1-7abb5e184946","芯片前景","2018-12-31","能力与学习;选择与自由;责任与后果;成本与总账;信用与信任;边界与许可;劳动与组织;财富与市场;法律与秩序;权力与异议;技术与工程;文明与历史;生态与自然","02;03;05;06;07;08;10;11;12;13;15;16;17;18;25;31;32;33"
"3979","6565e946-d35d-5651-9ba8-b4db73c846d4","悲观与乐观","2018-12-23","事实与证据;能力与学习;选择与自由;责任与后果;成本与总账;信用与信任;爱与回应;劳动与组织;权力与异议;文明与历史;心理与主体;性别与身体;宗教与自然法","02;03;04;05;06;07;08;09;10;11;12;13;14;15;16;17;18;31;32;33"
"3980","d55a5274-c7c9-5ce8-a332-1b41e4765609","神兵利器","2018-12-22","事实与证据;边界与许可;权力与异议;技术与工程","03;05;07;08;09;12;13;16;17;18;32;33"
"3981","ec826fb4-318a-5082-9df6-6da909711a9a","能力不足","2018-12-22","能力与学习;选择与自由;责任与后果;边界与许可;照料与家庭;财富与市场","02;03;04;05;07;08;10;12;13;14;16;18"
"3982","115363db-d788-5691-bb9f-3924f0a811d8","生吃","2018-12-21","能力与学习;选择与自由;成本与总账;信用与信任;照料与家庭;技术与工程;文明与历史;民族与身份;生态与自然","02;03;04;05;06;07;08;10;11;12;13;14;15;16;17;18;25;27;31;32;33"
"3983","0a4606e9-d50f-5de2-b713-ce40c2931e60","艺术废人","2018-12-17","定义与达意;选择与自由;成本与总账;法律与秩序;权力与异议;技术与工程;文明与历史","02;03;07;09;10;11;12;13;15;16;17;18;31;32;33"
"3984","145d3e3c-128d-562f-a33f-6e2f1ae4fd79","学理工","2018-12-16","事实与证据;定义与达意;能力与学习;选择与自由;责任与后果;爱与回应;照料与家庭;法律与秩序;技术与工程;文明与历史","02;03;04;05;07;08;09;10;11;12;13;14;15;16;17;18;31;32;33"
"3985","f9e70dc0-7997-5be5-9018-d7513f222741","越人学远射","2018-12-16","事实与证据;能力与学习;法律与秩序;技术与工程;文明与历史;民族与身份;性别与身体","05;07;08;09;11;12;13;14;15;16;17;18;27;31;32;33"
"3986","15ad7084-15f4-5bfc-ae55-7f4b7e760389","舰炮","2018-12-16","能力与学习;选择与自由;责任与后果;成本与总账;法律与秩序","02;03;07;08;10;12;13;16;18"
"3987","44015a13-14a9-5166-96b3-20507f4b2c43","竹剑师傅","2018-12-13","能力与学习;成本与总账;爱与回应;权力与异议;技术与工程;文明与历史;心理与主体;性别与身体","03;04;05;07;08;10;11;12;13;14;15;16;17;18;31;32;33"
"3988","5fdad7e4-98d9-529e-9713-4365605c2e99","作为信仰的科学","2018-12-13","事实与证据;能力与学习;责任与后果;成本与总账;信用与信任;边界与许可;权力与异议;技术与工程;文明与历史;宗教与自然法","02;03;05;06;07;08;09;10;11;12;13;15;16;17;18;31;32;33"
"3989","3225022a-2d87-588a-9fab-8097493b1ae0","自由意志","2018-12-13","事实与证据;定义与达意;能力与学习;选择与自由;成本与总账;信用与信任;爱与回应;边界与许可;法律与秩序;权力与异议;技术与工程;人工智能与机器;心理与主体","02;03;04;05;06;07;08;09;10;12;13;14;16;17;18;28;29;32;33"
"3990","c6d37a0c-4ca1-55e6-bbe6-23a0c078ddc8","家里不富裕","2018-12-13","事实与证据;定义与达意;能力与学习;责任与后果;成本与总账;照料与家庭;财富与市场;权力与异议;心理与主体","02;03;04;05;07;08;09;10;12;13;14;16;17;18"
"3991","52516678-5dbc-51da-8ab1-dc6b113b2318","全科学习","2018-12-12","能力与学习;信用与信任;劳动与组织;技术与工程;文明与历史","03;06;08;10;11;12;13;15;17;18;31;32;33"
"3992","0378bb91-8f84-5ba7-8567-173dbeaa4d43","请你配合","2018-12-12","事实与证据;责任与后果;成本与总账;劳动与组织","02;03;06;08;09;10;12;13;17;18"
"3993","0e51496b-6fcf-5316-bf1f-31e45418b49c","艺术解读","2018-12-09","事实与证据;定义与达意;能力与学习;选择与自由;财富与市场;文明与历史","02;03;07;08;09;10;11;13;15;16;17;18;31;32;33"
"3994","6dfa5d66-598a-55d6-b8cb-0a809fe34dfc","史诗感","2018-12-09","事实与证据;法律与秩序;文明与历史;民族与身份","07;08;09;11;12;13;15;17;18;27;31;32;33"
"3995","977ddb16-b8ae-5f98-a248-6a5dd2041013","百万大军","2018-12-08","事实与证据;定义与达意;能力与学习;劳动与组织;文明与历史","06;08;09;10;11;13;15;17;18;31;32;33"
"3996","21424ddc-deec-5454-834c-c1fa2d9551d1","因果报应","2018-12-07","责任与后果;信用与信任;权力与异议;技术与工程;心理与主体;宗教与自然法","02;03;06;07;08;10;11;12;13;14;17;18;32;33"
"3997","a406f6ae-1b42-50d9-b36b-309af4a2096e","巴别塔","2018-12-07","事实与证据;定义与达意;能力与学习;选择与自由;爱与回应;技术与工程;文明与历史;宗教与自然法","02;04;05;07;08;09;11;13;14;15;16;17;18;31;32;33"
"3998","cd6a03a2-7490-55c7-9848-cabeca788913","斑点狗","2018-12-05","事实与证据;定义与达意;能力与学习;选择与自由;边界与许可;法律与秩序;权力与异议;技术与工程;文明与历史;人工智能与机器;宗教与自然法","02;03;05;07;08;09;11;12;13;15;16;17;18;28;29;31;32;33"
"3999","d95c9b96-39b8-567e-b8ad-7a846c1e69da","科学信仰","2018-12-04","事实与证据;能力与学习;选择与自由;责任与后果;成本与总账;信用与信任;照料与家庭;劳动与组织;心理与主体","02;03;04;05;06;07;08;09;10;12;13;14;16;17;18"
"4000","d3a75cc2-d584-5afc-bf8b-7b2638c7bd72","GDP增长","2018-12-03","定义与达意;选择与自由;责任与后果;法律与秩序;生态与自然","02;03;07;09;10;12;13;16;17;18;25;32"
"4001","7d799cfe-6820-5bd2-992d-9abfbeb346b1","弓箭的杀伤力","2018-12-02","事实与证据;定义与达意;能力与学习;成本与总账;技术与工程;文明与历史;心理与主体","03;08;09;10;11;13;14;15;17;18;31;32;33"
"4002","7d841b42-d233-5b30-8440-b64e434377a6","科普资格","2018-11-25","定义与达意;能力与学习;责任与后果;劳动与组织;心理与主体;宗教与自然法","02;03;06;07;08;09;10;11;12;13;14;17;18"
"4003","5ccdc259-7f06-532d-bca1-e7cc7e3a37ee","管理101","2018-11-22","定义与达意;责任与后果;成本与总账;劳动与组织;财富与市场;权力与异议;心理与主体","02;03;06;07;08;09;10;12;13;14;17;18"
"4004","464b34c9-ffd6-5429-ad0b-5b742bc0a0b0","地狱这东西","2018-11-20","事实与证据;定义与达意;能力与学习;责任与后果;信用与信任;爱与回应;劳动与组织;文明与历史;心理与主体;宗教与自然法","02;03;04;05;06;07;08;09;10;11;12;13;14;15;16;17;18;31;32;33"
"4005","0bacd8b6-0bd8-5b1f-8009-440ae7a63cb3","活得虚无","2018-11-20","事实与证据;定义与达意;能力与学习;责任与后果;心理与主体","02;03;08;09;10;12;13;14;17;18"
"4006","b3fbb8b6-275f-5024-9e51-dc2c5049ec41","看见外星人","2018-11-19","事实与证据;选择与自由;信用与信任;文明与历史","02;03;06;07;08;09;11;12;13;15;16;17;18;31;32;33"
"4007","ca18e138-9e1b-564a-928b-eeb0fa966c58","慈善","2018-11-18","定义与达意;能力与学习;选择与自由;责任与后果;成本与总账;信用与信任;爱与回应;净输出与不掠夺;财富与市场;权力与异议;生态与自然;心理与主体;宗教与自然法","02;03;04;05;06;07;08;09;10;11;12;13;14;16;17;18;25;32"
"4008","b8b64584-8dbc-56c2-b405-c7daf93e2cc9","可怕的C","2018-11-12","成本与总账;技术与工程;文明与历史","03;10;11;13;15;17;18;31;32;33"
"4009","f5e21534-cbd7-5f76-b9df-62f10cbf57c6","贵派","2018-11-10","技术与工程;文明与历史","11;13;15;17;18;31;32;33"
"4010","9e962e24-ffd7-55f1-ab26-35acf7eb76a3","时尚与fashion","2018-11-09","事实与证据;定义与达意;选择与自由;财富与市场;技术与工程;心理与主体","02;03;07;08;09;10;13;14;16;17;18;32;33"
"4011","3e120415-e8d8-504b-9e34-d446c0558429","书法风尚","2018-11-09","定义与达意;责任与后果;权力与异议;文明与历史;生态与自然","02;03;07;09;10;11;12;13;15;17;18;25;31;32;33"
"4012","27e4dcaf-4e6b-565e-8033-a2cd0722923f","真正的恶","2018-11-07","定义与达意;责任与后果","02;03;09;10;12;17;18"
"4013","a762cfb1-7393-508b-950b-3628631c9827","滚滚向前","2018-11-07","事实与证据;定义与达意;能力与学习;权力与异议;文明与历史;性别与身体","03;05;07;08;09;11;12;13;14;15;16;17;18;31;32;33"
"4014","b01b85e8-9601-58b4-b734-1bcf558100c6","宇宙战争","2018-11-06","成本与总账;技术与工程;文明与历史;生态与自然","03;10;11;13;15;17;18;25;31;32;33"
"4015","2013c5a8-919d-5d30-afaf-37264637f823","正邪之分","2018-11-02","选择与自由;责任与后果;成本与总账;劳动与组织;法律与秩序;权力与异议;宗教与自然法","02;03;06;07;10;11;12;13;16;18"
"4016","556b6e3d-2ebe-52f1-a947-6487ec668ab5","下一站","2018-10-25","定义与达意;选择与自由;成本与总账;信用与信任;边界与许可;劳动与组织;财富与市场;法律与秩序;权力与异议;技术与工程;文明与历史;生态与自然","02;03;05;06;07;09;10;11;12;13;15;16;17;18;25;31;32;33"
"4017","c2f0a020-a69e-529c-9688-02dc9ff01663","无条件的爱","2018-10-22","定义与达意;能力与学习;责任与后果;成本与总账;信用与信任;爱与回应;净输出与不掠夺;权力与异议;技术与工程","02;03;04;05;06;07;08;09;10;12;13;14;16;17;18;32;33"
"4018","6e462ebf-bbfe-5114-acdb-3441c560882a","义和团","2018-10-21","法律与秩序;权力与异议;文明与历史;心理与主体","03;07;08;11;12;13;14;15;17;18;31;32;33"
"4019","43a68274-90eb-586e-9e81-fdc247affb32","信息量","2018-10-18","定义与达意;边界与许可","05;09;12;16;17;18"
"4020","bbe903b2-99ab-5425-a566-e7dfd1ae6c2d","自信","2018-10-15","事实与证据;定义与达意;能力与学习;选择与自由;责任与后果;成本与总账;信用与信任;净输出与不掠夺;边界与许可;法律与秩序;文明与历史;民族与身份;心理与主体","02;03;05;06;07;08;09;10;11;12;13;14;15;16;17;18;27;31;32;33"
"4021","94815489-f471-5075-ac07-f496082d34db","平权","2018-10-13","定义与达意;能力与学习;选择与自由;责任与后果;成本与总账;爱与回应;照料与家庭;劳动与组织;财富与市场;法律与秩序;性别与身体","02;03;04;05;06;07;08;09;10;12;13;14;16;17;18"
"4022","793fedad-0114-584c-b2cd-f0e849348f97","军衔","2018-10-06","定义与达意;能力与学习;责任与后果;成本与总账;照料与家庭;劳动与组织;法律与秩序;权力与异议;技术与工程;文明与历史;生态与自然;心理与主体","02;03;04;05;06;07;08;09;10;11;12;13;14;15;16;17;18;25;31;32;33"
"4023","d046e967-8968-588c-b481-8b3e51bb3cbc","米其林","2018-10-04","选择与自由;责任与后果;信用与信任;爱与回应;财富与市场;法律与秩序;权力与异议;技术与工程;文明与历史;心理与主体;性别与身体","02;03;04;05;06;07;08;10;11;12;13;14;15;16;17;18;31;32;33"
"4024","6cab9392-d433-535d-a891-464294858932","学生官僚","2018-10-04","选择与自由;劳动与组织;权力与异议;文明与历史","02;03;06;07;10;11;12;13;15;16;18;31;32;33"
"4025","f0e6b60b-5f91-5037-9796-480eeca991b2","芯片","2018-09-25","事实与证据;定义与达意;能力与学习;选择与自由;责任与后果;成本与总账;信用与信任;爱与回应;净输出与不掠夺;边界与许可;劳动与组织;财富与市场;权力与异议;技术与工程;文明与历史;民族与身份;人工智能与机器;心理与主体","02;03;04;05;06;07;08;09;10;11;12;13;14;15;16;17;18;27;28;29;31;32;33"
"4026","1f2225d3-9bd8-56e6-9c4a-7403ec00b281","理性的代价","2018-09-23","定义与达意;能力与学习;选择与自由;责任与后果;成本与总账","02;03;07;08;09;10;12;13;16;17;18"
"4027","d51119cb-892f-50e2-8332-f35140863f60","天生坏人","2018-08-27","责任与后果;爱与回应;权力与异议","02;03;04;05;07;10;12;14;16;18"
"4028","b7c2a72e-3ae4-55e5-b0ef-2bceb65cd9af","房价崩溃","2018-08-25","能力与学习;责任与后果;成本与总账;信用与信任;劳动与组织;财富与市场;心理与主体","02;03;06;08;10;12;13;14;17;18"
"4029","682f519d-c178-5ca4-a1a9-3da75ba2f1dc","自然状态下的雌性权利","2018-08-21","定义与达意;能力与学习;选择与自由;责任与后果;成本与总账;边界与许可;照料与家庭;法律与秩序;权力与异议;生态与自然;性别与身体","02;03;04;05;07;08;09;10;12;13;14;16;17;18;25;32"
"4030","d56b4f7f-b78d-5812-b784-a89b8027e4e1","兽语","2018-08-20","定义与达意;劳动与组织;技术与工程;文明与历史;生态与自然","06;09;10;11;13;15;17;18;25;31;32;33"
"4031","0ff08f69-bf50-58c5-b400-0b38babbbcc6","无知的大脑","2018-08-19","事实与证据;能力与学习;选择与自由;文明与历史;心理与主体;性别与身体","02;05;07;08;09;11;13;14;15;16;17;18;31;32;33"
"4032","8a49d412-0d16-53de-8b16-89f95e650b50","宁不畏死","2018-08-18","定义与达意;能力与学习;责任与后果;成本与总账;边界与许可;照料与家庭;财富与市场;文明与历史;心理与主体","02;03;04;05;08;09;10;11;12;13;14;15;16;17;18;31;32;33"
"4033","465e8f4f-b56b-56bd-b9fb-fb9d65f1abd8","智力","2018-08-11","事实与证据;定义与达意;能力与学习;选择与自由;责任与后果;技术与工程;民族与身份;生态与自然","02;03;07;08;09;10;12;13;16;17;18;25;27;31;32;33"
"4034","98debe38-40de-5cf4-a63d-d230bbc7af3d","节水呼吁","2018-08-08","能力与学习;责任与后果;成本与总账;劳动与组织;财富与市场;技术与工程;文明与历史;民族与身份","02;03;06;08;10;11;12;13;15;17;18;27;31;32;33"
"4035","1da7d8ed-010d-57fa-bd76-15259ca65678","逃避伤害","2018-08-01","定义与达意;能力与学习;选择与自由;责任与后果;成本与总账;权力与异议;技术与工程","02;03;07;08;09;10;12;13;16;17;18;32;33"
"4036","72e97bb7-5f36-581b-885a-ad52843ff29c","动物的未来","2018-07-27","事实与证据;能力与学习;责任与后果;成本与总账;照料与家庭;权力与异议;技术与工程;文明与历史;生态与自然","02;03;04;05;07;08;09;10;11;12;13;14;15;16;17;18;25;31;32;33"
"4037","0d19a72d-336b-5b5e-9393-681b96537a4b","无语言的思考","2018-07-26","事实与证据;定义与达意;爱与回应","04;05;08;09;14;16;17"
"4038","bd497e81-413b-5e4c-b1df-001d0efbd369","可控核聚变","2018-07-22","事实与证据;能力与学习;选择与自由;责任与后果;成本与总账;爱与回应;净输出与不掠夺;边界与许可;财富与市场;法律与秩序;权力与异议;技术与工程;文明与历史;民族与身份;生态与自然;心理与主体","02;03;04;05;07;08;09;10;11;12;13;14;15;16;17;18;25;27;31;32;33"
"4039","6e00a9d7-d4d4-5578-9443-cf54d8b34d1f","攻克死亡","2018-07-22","能力与学习;责任与后果;成本与总账;技术与工程;文明与历史;民族与身份","02;03;08;10;11;12;13;15;17;18;27;31;32;33"
"4040","527360f8-2939-5c1a-9bc8-73cbb3a39f3c","吃得少","2018-07-21","能力与学习;选择与自由;成本与总账;照料与家庭;生态与自然;性别与身体","02;03;04;05;07;08;10;13;14;16;18;25;32"
"4041","3ea32315-6621-5490-874c-f67875fbd32e","老鼠养殖","2018-07-19","选择与自由;成本与总账;劳动与组织;财富与市场;生态与自然","02;03;06;07;10;13;16;18;25;32"
"4042","af9e0837-ff51-50a6-ba7a-9eeecf316f2d","掏耳朵","2018-07-18","能力与学习;责任与后果;成本与总账;边界与许可;照料与家庭;技术与工程;生态与自然","02;03;04;05;08;10;12;13;14;16;17;18;25;32;33"
"4043","e4da9868-2b4b-5c7e-b689-898ab4e03e53","动物的恐惧","2018-07-17","事实与证据;定义与达意;能力与学习;选择与自由;边界与许可;技术与工程;文明与历史;生态与自然;心理与主体","02;05;07;08;09;11;12;13;14;15;16;17;18;25;31;32;33"
"4044","0ae9a668-9583-5f92-946b-3d4c7df46a04","自知其美","2018-07-15","事实与证据;定义与达意;选择与自由;爱与回应;生态与自然","02;04;05;07;08;09;13;14;16;17;18;25;32"
"4045","454f018e-f365-558d-b8af-90b36352067c","恐惧的度量","2018-07-06","事实与证据;定义与达意;能力与学习;选择与自由;权力与异议;文明与历史;生态与自然;心理与主体;性别与身体","02;03;05;07;08;09;11;12;13;14;15;16;17;18;25;31;32;33"
"4046","cd4c2817-214a-5286-8a93-74d32d2f2748","狗啃骨头猫吃鱼","2018-07-01","事实与证据;选择与自由;责任与后果;成本与总账;信用与信任;爱与回应;财富与市场;文明与历史;生态与自然","02;03;04;05;06;07;08;09;10;11;12;13;14;15;16;17;18;25;31;32;33"
"4047","0af3428a-e550-54a2-97fc-8d907e94afe9","运动最强","2018-06-27","事实与证据;定义与达意;能力与学习;选择与自由;生态与自然","02;07;08;09;13;16;17;18;25;32"
"4048","c2e2ed74-762d-565d-92f4-336b0de662bc","人类进化","2018-06-24","事实与证据;能力与学习;选择与自由;成本与总账;边界与许可;技术与工程;文明与历史;生态与自然;性别与身体","02;03;05;07;08;09;10;11;12;13;14;15;16;17;18;25;31;32;33"
"4049","8c4f866e-8ef9-547c-af60-ada5792bb1f3","最强耐力","2018-06-11","能力与学习;责任与后果;成本与总账;照料与家庭;劳动与组织;技术与工程;文明与历史;生态与自然;性别与身体","02;03;04;05;06;08;10;11;12;13;14;15;16;17;18;25;31;32;33"
"4050","80c38b2d-3c5b-5fe9-913e-b3324a867a58","北方菜","2017-09-08","能力与学习;责任与后果;信用与信任;照料与家庭;劳动与组织;财富与市场;文明与历史;民族与身份;生态与自然","02;03;04;05;06;08;10;11;12;13;14;15;16;18;25;27;31;32;33"
