"paper","title","id","url","hasId","hasUrl","status"
"01_语料画像.md","5G","5a32a445-202b-593a-a880-21c3716cd9cc","https://www.zhihu.com/question/314766480/answer/708378659","True","True","PASS"
"01_语料画像.md","战马阉割","c5354fb0-7345-5864-8522-2c0cfdad3c2e","https://www.zhihu.com/question/65970247/answer/2089938627","True","True","PASS"
"01_语料画像.md","最大成长速度","e108515f-375c-53c9-8f6d-1ee2c16b275a","https://www.zhihu.com/question/490344475/answer/2184363828","True","True","PASS"
"02_实践伦理的工程学_思想体系总论.md","摆脱贫穷","ecfc1be7-86b5-57d6-806d-7a8fcc374949","https://www.zhihu.com/question/444003245/answer/1744384489","True","True","PASS"
"02_实践伦理的工程学_思想体系总论.md","不吭声","fac46c04-7559-5f0c-9e9e-c7335080db35","https://www.zhihu.com/question/2019790269206246894/answer/2033220372695397077","True","True","PASS"
"02_实践伦理的工程学_思想体系总论.md","财富观","2133f3d8-4ccb-5c0f-9c09-1539ab21c794","https://www.zhihu.com/question/314627020/answer/1193533378","True","True","PASS"
"02_实践伦理的工程学_思想体系总论.md","持公器","ea9197ca-0a2e-51ee-beeb-ca4773d4a549","https://www.zhihu.com/question/452534650/answer/1814615350","True","True","PASS"
"02_实践伦理的工程学_思想体系总论.md","当仁不让","be11fc4e-aa10-5562-b303-6cffcea4b6a9","https://www.ifdian.net/p/fdcb72726a7b11f1b12e52540025c377","True","True","PASS"
"02_实践伦理的工程学_思想体系总论.md","滴灌","2a88cc8a-0746-573a-9885-9fed9f447797","https://afdian.com/p/b48e7f62775e11efa55352540025c377","True","True","PASS"
"02_实践伦理的工程学_思想体系总论.md","奠仪几何","9af3f757-ffb6-5c9e-b461-afdf9ccea949","https://www.ifdian.net/p/85097b3e7bd011f1978652540025c377","True","True","PASS"
"02_实践伦理的工程学_思想体系总论.md","反叛逆","523c4064-2745-5b68-92dd-d8209abaf022","https://afdian.com/p/a65f1942f3d211efb3c75254001e7c00","True","True","PASS"
"02_实践伦理的工程学_思想体系总论.md","服从","8859afe4-31fa-5b72-a79a-675c16950c82","https://www.zhihu.com/question/463206973/answer/1924612230","True","True","PASS"
"02_实践伦理的工程学_思想体系总论.md","感谢","88f6cc45-e9e6-5f6e-be62-c55309d38e84","https://www.zhihu.com/question/21723111/answer/1857318376","True","True","PASS"
"02_实践伦理的工程学_思想体系总论.md","工程师","7d32dc18-d43f-5b31-b663-2cc96f87ef69","https://www.zhihu.com/question/327471497/answer/716941677","True","True","PASS"
"02_实践伦理的工程学_思想体系总论.md","工德无量","2dcc4d6a-58bf-5e68-9c51-319d51c0f11e","https://www.zhihu.com/question/6727174235/answer/2054345141004006552","True","True","PASS"
"02_实践伦理的工程学_思想体系总论.md","好战之徒","7d40ff51-8245-5989-b90a-edd964e96a7b","https://www.ifdian.net/p/29903e4231ce11f18a6e5254001e7c00","True","True","PASS"
"02_实践伦理的工程学_思想体系总论.md","后半句","359095f1-02f7-5cfb-ac88-a2add28d06ca","https://www.ifdian.net/p/ed6f1e387afc11f1a7eb52540025c377","True","True","PASS"
"02_实践伦理的工程学_思想体系总论.md","进化王","366ab128-d0ec-5a22-9185-a7be6c9ef61a","https://www.zhihu.com/question/444037692/answer/1727447923","True","True","PASS"
"02_实践伦理的工程学_思想体系总论.md","跨伦理合作","619477f4-e5a2-59a6-b9d3-be63246ea2c2","https://afdian.com/p/8a6d494446d411efb30052540025c377","True","True","PASS"
"02_实践伦理的工程学_思想体系总论.md","利益共同体","a03985bb-d05e-5b31-86e8-90f9baee69ef","https://www.zhihu.com/question/590364412/answer/2945747516","True","True","PASS"
"02_实践伦理的工程学_思想体系总论.md","录取线","bc0b8aa6-c51e-5c02-8b44-64f7c256154f","https://www.zhihu.com/question/599385566/answer/3036675225","True","True","PASS"
"02_实践伦理的工程学_思想体系总论.md","面子","8be80072-b42a-569b-9b77-f4ca432b3fea","https://www.zhihu.com/question/648184251/answer/3435446030","True","True","PASS"
"02_实践伦理的工程学_思想体系总论.md","批评","11ad7ad3-87eb-5681-93e2-de3e21cbd8a2","https://www.zhihu.com/question/22987136/answer/1434894604","True","True","PASS"
"02_实践伦理的工程学_思想体系总论.md","平权","94815489-f471-5075-ac07-f496082d34db","https://www.zhihu.com/question/298105587/answer/509627202","True","True","PASS"
"02_实践伦理的工程学_思想体系总论.md","潜藏无形","f6347ba6-aad3-5f7f-8b08-353683f03410","https://www.zhihu.com/question/422912586/answer/1496227069","True","True","PASS"
"02_实践伦理的工程学_思想体系总论.md","伤绳","171a8ff5-4f98-5575-849e-46da57be1d50","https://www.zhihu.com/question/1946636394383515889/answer/2032393124841006935","True","True","PASS"
"02_实践伦理的工程学_思想体系总论.md","术与略","85ab46d9-7681-54c0-a0db-8cf873ad5906","https://www.zhihu.com/question/642534421/answer/91544472029","True","True","PASS"
"02_实践伦理的工程学_思想体系总论.md","说话的兽","f455e627-834a-5efb-afe9-c311b5694325","https://www.zhihu.com/question/530184935/answer/2558470982","True","True","PASS"
"02_实践伦理的工程学_思想体系总论.md","死亡","f975f3fe-005b-53dd-8f44-2741aefcda9b","https://www.zhihu.com/question/19795293/answer/1323213160","True","True","PASS"
"02_实践伦理的工程学_思想体系总论.md","提问者","959872c6-0ae7-517d-aa2f-b669f058ed41","https://www.zhihu.com/question/587975516/answer/2988722122","True","True","PASS"
"02_实践伦理的工程学_思想体系总论.md","我不同意","7c1ef093-4ed5-5a74-b177-ef28f3ee85bb","https://afdian.com/p/7654f42ea16111ef9b5c5254001e7c00","True","True","PASS"
"02_实践伦理的工程学_思想体系总论.md","我没有","200309fc-1b48-536f-8a58-7f6e61f9436e","https://www.zhihu.com/question/1896278314173317963/answer/1931762005984928653","True","True","PASS"
"02_实践伦理的工程学_思想体系总论.md","无根消息","8dcbcd3c-ba15-56aa-8215-9c7de25d299f","https://www.zhihu.com/question/527283848/answer/2434909866","True","True","PASS"
"02_实践伦理的工程学_思想体系总论.md","勿苛己","22b8e565-a37b-531a-896d-68604a4264bf","https://www.zhihu.com/question/5721531259/answer/2047417568667899837","True","True","PASS"
"02_实践伦理的工程学_思想体系总论.md","芯片","f0e6b60b-5f91-5037-9796-480eeca991b2","https://www.zhihu.com/question/275316968/answer/497644862","True","True","PASS"
"02_实践伦理的工程学_思想体系总论.md","信源管理","944384b9-5594-5738-a715-05fe1088318a","https://www.zhihu.com/question/19666344/answer/823306722","True","True","PASS"
"02_实践伦理的工程学_思想体系总论.md","一寸欢喜","8db8f172-3520-5077-a078-2c9578ebaf39","https://www.zhihu.com/question/2039110884006604997/answer/2041179100837058049","True","True","PASS"
"02_实践伦理的工程学_思想体系总论.md","有恋无爱","87f504be-9ec1-513f-9ef2-35b5afb76690","https://www.zhihu.com/question/1991793475268673696/answer/2030323731600552037","True","True","PASS"
"02_实践伦理的工程学_思想体系总论.md","有罪推定","13bd51cf-60f2-54ed-bdee-2e1a9cdf32dc","https://www.zhihu.com/question/541669298/answer/2943290994","True","True","PASS"
"02_实践伦理的工程学_思想体系总论.md","长生不死的脑残","ac580308-0276-5166-ae63-b3d6978bc550","https://www.zhihu.com/question/417913464/answer/1438032852","True","True","PASS"
"02_实践伦理的工程学_思想体系总论.md","自卑","4eae907d-2995-55ad-8c9e-0b33069b615b","https://www.zhihu.com/question/20694013/answer/1846677969","True","True","PASS"
"02_实践伦理的工程学_思想体系总论.md","自信","bbe903b2-99ab-5425-a566-e7dfd1ae6c2d","https://www.zhihu.com/question/269905766/answer/510828072","True","True","PASS"
"02_实践伦理的工程学_思想体系总论.md","自尊与虚荣","06b3e8ca-8ac1-55a3-8b5d-ccc88d41b814","https://afdian.com/p/f0aa80a03d7d11f084c152540025c377","True","True","PASS"
"02_实践伦理的工程学_思想体系总论.md","子女的要求","3c5adff1-6b20-5999-a366-0033a5945401","https://www.zhihu.com/question/355524343/answer/2454079129","True","True","PASS"
"02_实践伦理的工程学_思想体系总论.md","尊者","03c701aa-9760-5272-9215-6de6a61ce6f9","https://www.ifdian.net/p/c367153e797411f1812d52540025c377","True","True","PASS"
"02_实践伦理的工程学_思想体系总论.md","AI 一","6511b53f-878c-5ae0-af8f-d2f04e78569c","https://www.zhihu.com/question/591002830/answer/2947430561","True","True","PASS"
"03_伦理作为社会技术_权力互惠与社会资本.md","爱与自由","b9c59bd0-1023-5f4a-9acd-246a06d9c516","https://www.zhihu.com/question/458175015/answer/1872919909","True","True","PASS"
"03_伦理作为社会技术_权力互惠与社会资本.md","不懂","6e3bb46a-5329-598f-a963-8e0659a84d9e","https://www.ifdian.net/p/98401098458c11f1a20752540025c377","True","True","PASS"
"03_伦理作为社会技术_权力互惠与社会资本.md","不吭声","fac46c04-7559-5f0c-9e9e-c7335080db35","https://www.zhihu.com/question/2019790269206246894/answer/2033220372695397077","True","True","PASS"
"03_伦理作为社会技术_权力互惠与社会资本.md","不听老人言","61843e2f-9230-5dc2-adf6-bb7b3416d5f6","https://www.zhihu.com/question/1889581579178849918/answer/2033525184934715882","True","True","PASS"
"03_伦理作为社会技术_权力互惠与社会资本.md","持公器","ea9197ca-0a2e-51ee-beeb-ca4773d4a549","https://www.zhihu.com/question/452534650/answer/1814615350","True","True","PASS"
"03_伦理作为社会技术_权力互惠与社会资本.md","当仁不让","be11fc4e-aa10-5562-b303-6cffcea4b6a9","https://www.ifdian.net/p/fdcb72726a7b11f1b12e52540025c377","True","True","PASS"
"03_伦理作为社会技术_权力互惠与社会资本.md","盗名","5b10c323-2fe2-5bea-9bbd-616bcfd9180d","https://afdian.com/p/e308d9268b1f11efb96a52540025c377","True","True","PASS"
"03_伦理作为社会技术_权力互惠与社会资本.md","道德","1a742531-d472-5206-909d-af49dc6adb45","https://www.zhihu.com/question/30536604/answer/1867200559","True","True","PASS"
"03_伦理作为社会技术_权力互惠与社会资本.md","道德绑架","5a49c3ea-822e-5e88-9b69-b28345b46506","https://www.zhihu.com/question/55493760/answer/2021277965","True","True","PASS"
"03_伦理作为社会技术_权力互惠与社会资本.md","道德与伦理","2b41e782-37c3-56bc-b2df-0de09ead4bcc","https://www.zhihu.com/question/19877371/answer/2251182448","True","True","PASS"
"03_伦理作为社会技术_权力互惠与社会资本.md","道法自然","8ea0b86e-e7e1-5dce-abb0-b04a94f0cbae","https://www.zhihu.com/question/394981610/answer/1237969524","True","True","PASS"
"03_伦理作为社会技术_权力互惠与社会资本.md","奠仪几何","9af3f757-ffb6-5c9e-b461-afdf9ccea949","https://www.ifdian.net/p/85097b3e7bd011f1978652540025c377","True","True","PASS"
"03_伦理作为社会技术_权力互惠与社会资本.md","恶来儿","2550e553-ce60-56a3-8a87-53f6b868aec4","https://afdian.com/p/71b094d8329211f0b02952540025c377","True","True","PASS"
"03_伦理作为社会技术_权力互惠与社会资本.md","反叛逆","523c4064-2745-5b68-92dd-d8209abaf022","https://afdian.com/p/a65f1942f3d211efb3c75254001e7c00","True","True","PASS"
"03_伦理作为社会技术_权力互惠与社会资本.md","废没废","3d075c9c-05f2-59ea-a35a-6f59dd033d4a","https://www.zhihu.com/question/360327798/answer/950494273","True","True","PASS"
"03_伦理作为社会技术_权力互惠与社会资本.md","感谢","88f6cc45-e9e6-5f6e-be62-c55309d38e84","https://www.zhihu.com/question/21723111/answer/1857318376","True","True","PASS"
"03_伦理作为社会技术_权力互惠与社会资本.md","高跟","26039300-f815-55a5-bd97-e5aa22635fba","https://www.zhihu.com/question/589084113/answer/2058906714028644292","True","True","PASS"
"03_伦理作为社会技术_权力互惠与社会资本.md","寒症","ed76587c-4978-562f-bf91-82c47bf305fe","https://afdian.com/p/bbb2e5b4fa8811efa63c52540025c377","True","True","PASS"
"03_伦理作为社会技术_权力互惠与社会资本.md","后半句","359095f1-02f7-5cfb-ac88-a2add28d06ca","https://www.ifdian.net/p/ed6f1e387afc11f1a7eb52540025c377","True","True","PASS"
"03_伦理作为社会技术_权力互惠与社会资本.md","欢迎不客气","24394a0a-7e31-5d3b-bee2-fd434354ad9b","https://afdian.com/p/f53a46d88b8911ef9c9a52540025c377","True","True","PASS"
"03_伦理作为社会技术_权力互惠与社会资本.md","假面","6394ed80-87a6-5672-be17-6c14abfad7e0","https://www.zhihu.com/question/21059033/answer/1778974150","True","True","PASS"
"03_伦理作为社会技术_权力互惠与社会资本.md","录取线","bc0b8aa6-c51e-5c02-8b44-64f7c256154f","https://www.zhihu.com/question/599385566/answer/3036675225","True","True","PASS"
"03_伦理作为社会技术_权力互惠与社会资本.md","面子","8be80072-b42a-569b-9b77-f4ca432b3fea","https://www.zhihu.com/question/648184251/answer/3435446030","True","True","PASS"
"03_伦理作为社会技术_权力互惠与社会资本.md","面子币","dac0b7bb-3765-5cd2-bcbd-0271ceb6c58c","https://www.zhihu.com/question/637312596/answer/109569947835","True","True","PASS"
"03_伦理作为社会技术_权力互惠与社会资本.md","朋友合伙","95d56649-1036-5b30-b30e-c5c1c7f93fb4","https://www.zhihu.com/question/24090827/answer/1756246516","True","True","PASS"
"03_伦理作为社会技术_权力互惠与社会资本.md","批评","11ad7ad3-87eb-5681-93e2-de3e21cbd8a2","https://www.zhihu.com/question/22987136/answer/1434894604","True","True","PASS"
"03_伦理作为社会技术_权力互惠与社会资本.md","破防","f64d2354-d498-56e3-8c70-9603ee776258","https://www.zhihu.com/question/20026303/answer/2645652749","True","True","PASS"
"03_伦理作为社会技术_权力互惠与社会资本.md","祈祷与祝福","e1c592d3-dec0-5afe-9497-b5279124745c","https://www.zhihu.com/question/23975825/answer/1830683333","True","True","PASS"
"03_伦理作为社会技术_权力互惠与社会资本.md","潜藏无形","f6347ba6-aad3-5f7f-8b08-353683f03410","https://www.zhihu.com/question/422912586/answer/1496227069","True","True","PASS"
"03_伦理作为社会技术_权力互惠与社会资本.md","人品差","c60c486a-8a23-568d-a844-80fa08292d8b","https://www.zhihu.com/question/337022484/answer/763891776","True","True","PASS"
"03_伦理作为社会技术_权力互惠与社会资本.md","实习生","375bbeb5-3d6c-5be6-a19c-c0b252263579","https://www.zhihu.com/question/1950221207/answer/25087159639","True","True","PASS"
"03_伦理作为社会技术_权力互惠与社会资本.md","我不同意","7c1ef093-4ed5-5a74-b177-ef28f3ee85bb","https://afdian.com/p/7654f42ea16111ef9b5c5254001e7c00","True","True","PASS"
"03_伦理作为社会技术_权力互惠与社会资本.md","性骚扰","8ac10e4e-bb0c-5822-bb8e-bfed9bd7fa41","https://www.zhihu.com/question/438295405/answer/1671537986","True","True","PASS"
"03_伦理作为社会技术_权力互惠与社会资本.md","一寸欢喜","8db8f172-3520-5077-a078-2c9578ebaf39","https://www.zhihu.com/question/2039110884006604997/answer/2041179100837058049","True","True","PASS"
"03_伦理作为社会技术_权力互惠与社会资本.md","中国的不足","a464d0ff-9c7c-5003-a8a0-b3e0fb0df61a","https://www.zhihu.com/question/48994434/answer/1273523696","True","True","PASS"
"03_伦理作为社会技术_权力互惠与社会资本.md","装之罪","9a8c7950-c89e-5fb4-a298-ac343e1928a9","https://www.zhihu.com/question/614793861/answer/3142724103","True","True","PASS"
"03_伦理作为社会技术_权力互惠与社会资本.md","尊者","03c701aa-9760-5272-9215-6de6a61ce6f9","https://www.ifdian.net/p/c367153e797411f1812d52540025c377","True","True","PASS"
"04_家庭与亲属秩序.md","暴力债","bf9f7d37-942e-5efd-b212-3bbd9bfec221","https://www.zhihu.com/question/407247948/answer/44460736197","True","True","PASS"
"04_家庭与亲属秩序.md","被拖累的姐姐","a0f663cc-cdbe-57bb-9037-1fc75cdc8b80","https://www.zhihu.com/question/419755073/answer/1461820991","True","True","PASS"
"04_家庭与亲属秩序.md","不听老人言","61843e2f-9230-5dc2-adf6-bb7b3416d5f6","https://www.zhihu.com/question/1889581579178849918/answer/2033525184934715882","True","True","PASS"
"04_家庭与亲属秩序.md","财富观 II","af7e49a2-94ef-537d-aaae-eca73f8b42f4","https://www.zhihu.com/question/411023962/answer/2814161842","True","True","PASS"
"04_家庭与亲属秩序.md","奠仪几何","9af3f757-ffb6-5c9e-b461-afdf9ccea949","https://www.ifdian.net/p/85097b3e7bd011f1978652540025c377","True","True","PASS"
"04_家庭与亲属秩序.md","放养","6a41129a-80a4-5d7a-bd80-bacac4cc24c9","https://www.zhihu.com/question/407582335/answer/3317542411","True","True","PASS"
"04_家庭与亲属秩序.md","服从","8859afe4-31fa-5b72-a79a-675c16950c82","https://www.zhihu.com/question/463206973/answer/1924612230","True","True","PASS"
"04_家庭与亲属秩序.md","抚养费","3e952728-2d95-553b-a378-44c50203c977","https://www.zhihu.com/question/470202472/answer/1981030208","True","True","PASS"
"04_家庭与亲属秩序.md","父母恩","5bd3dca7-140f-5f64-8cc4-bbb68ef65259","https://www.zhihu.com/question/26860040/answer/2515001052","True","True","PASS"
"04_家庭与亲属秩序.md","关于应对子女抑郁的一种系统方法","7c19a976-087f-5167-9d0e-23c1b80f67ad","https://www.zhihu.com/question/650979214/answer/3512066754","True","True","PASS"
"04_家庭与亲属秩序.md","家务教育","88e5e5c3-52de-5637-a706-977a25c4d828","https://www.ifdian.net/p/d7388ddc3b6111f18e3952540025c377","True","True","PASS"
"04_家庭与亲属秩序.md","家族","16c53ed9-9140-52ee-b289-d5a0c8eb6ffc","https://www.zhihu.com/question/311787622/answer/721084936","True","True","PASS"
"04_家庭与亲属秩序.md","家族基金","6cf31ee2-6759-5cb3-b6e2-e2bd3aba6b8a","https://www.zhihu.com/question/579248011/answer/2849908199","True","True","PASS"
"04_家庭与亲属秩序.md","家族史记录","625d025d-e6e9-5a00-a47f-f8f8992eb39b","https://afdian.com/p/cbcdfa7c7be611ef93e652540025c377","True","True","PASS"
"04_家庭与亲属秩序.md","尽亲尽孝","d047bd11-7388-5d76-806c-f96d44f68013","https://afdian.com/p/312fbc6e752711efafc25254001e7c00","True","True","PASS"
"04_家庭与亲属秩序.md","救命书","eb5c8088-f151-5249-a718-4ef7279880d1","https://www.zhihu.com/question/2032102933781856883/answer/2035367468101845829","True","True","PASS"
"04_家庭与亲属秩序.md","绝户计","9955b8f1-0228-51e7-bcd8-206f811b654e","https://www.zhihu.com/question/302878284/answer/2927652907","True","True","PASS"
"04_家庭与亲属秩序.md","老狗","cca77b6e-cc3b-5942-9b0e-74347420a0f1","https://www.zhihu.com/question/525541744/answer/1909570369205020316","True","True","PASS"
"04_家庭与亲属秩序.md","老人跳桥","2a406215-ff67-574c-be56-d93e04992e6a","https://www.zhihu.com/question/440757467/answer/1694360626","True","True","PASS"
"04_家庭与亲属秩序.md","老有所依2","4ff7810c-9d49-578c-9b34-6fbe725ee959","https://www.zhihu.com/question/403290284/answer/1360171805","True","True","PASS"
"04_家庭与亲属秩序.md","利益共同体","a03985bb-d05e-5b31-86e8-90f9baee69ef","https://www.zhihu.com/question/590364412/answer/2945747516","True","True","PASS"
"04_家庭与亲属秩序.md","零起点","fba22283-af77-547d-afe1-b4350b10db89","https://www.zhihu.com/question/527764298/answer/2449644130","True","True","PASS"
"04_家庭与亲属秩序.md","门当户对","110e0b03-7dc0-54f9-944c-06a6d5934753","https://www.zhihu.com/question/320314301/answer/687854449","True","True","PASS"
"04_家庭与亲属秩序.md","南北宗族","fba61b87-e09e-5454-a83a-2bc6af90356a","https://www.zhihu.com/question/330542822/answer/93226941630","True","True","PASS"
"04_家庭与亲属秩序.md","欠债不欠恩","d2e39201-c1e8-5e0c-9256-6133819f4fa0","https://www.zhihu.com/question/637670125/answer/3358749773","True","True","PASS"
"04_家庭与亲属秩序.md","瞧不起","769c9d9a-20b2-57e8-a61c-2495ed318571","https://www.zhihu.com/question/446474178/answer/1753855345","True","True","PASS"
"04_家庭与亲属秩序.md","取死之道","8ddbef7b-4c40-5766-ada3-52335be104eb","https://afdian.com/p/c1fa3352626011ef9ccf52540025c377","True","True","PASS"
"04_家庭与亲属秩序.md","全职主妇","927ba21c-4a62-5601-8434-bf3d8290b3f2","https://www.zhihu.com/question/435985082/answer/1648363869","True","True","PASS"
"04_家庭与亲属秩序.md","如意结","4b2e88a4-9a83-5331-9cb4-eae2db2e95a2","https://afdian.com/p/2c0cb506daad11f0b96a52540025c377","True","True","PASS"
"04_家庭与亲属秩序.md","三代乃成","9b0b722e-18ec-5a5e-97b2-bfe7baf20405","https://www.zhihu.com/question/622913795/answer/3222818110","True","True","PASS"
"04_家庭与亲属秩序.md","伤绳","171a8ff5-4f98-5575-849e-46da57be1d50","https://www.zhihu.com/question/1946636394383515889/answer/2032393124841006935","True","True","PASS"
"04_家庭与亲属秩序.md","社会化抚养","7cdfab67-7ce3-5c7f-b628-0f120d0cf51b","https://www.zhihu.com/question/265857247/answer/1375936847","True","True","PASS"
"04_家庭与亲属秩序.md","生于斯","bf193bd7-4f2a-5cd2-8208-da6729d44ba2","https://www.zhihu.com/question/503463009/answer/1984754214891701635","True","True","PASS"
"04_家庭与亲属秩序.md","双毕业","3a0d174c-f654-5ce2-b2ec-60fb34b0c258","https://www.zhihu.com/question/2052870237394149872/answer/2053453096483812187","True","True","PASS"
"04_家庭与亲属秩序.md","探病","577b393b-67a1-5766-9651-8ecd742d17c9","https://www.ifdian.net/p/4ad313a462ac11f1a44a52540025c377","True","True","PASS"
"04_家庭与亲属秩序.md","推挤","73622cfd-2dfa-5af9-a4a7-6197c5f4f246","https://afdian.com/p/e087f68c6e4f11f09e3c52540025c377","True","True","PASS"
"04_家庭与亲属秩序.md","拖拉机","251d8f00-f6a7-5f72-8e55-691d2f0ef223","https://www.zhihu.com/question/308056561/answer/571941398","True","True","PASS"
"04_家庭与亲属秩序.md","王不见王","bed38c2e-a10f-5ae2-99a3-26cdbd0f4795","https://www.zhihu.com/question/659908900/answer/3546501302","True","True","PASS"
"04_家庭与亲属秩序.md","小摊牌","d07965f5-b60f-5a09-b91d-c9894cdd7de9","https://afdian.com/p/9572e398ed3e11eebfac5254001e7c00","True","True","PASS"
"04_家庭与亲属秩序.md","孝","05f7599d-9ec1-5a69-98ec-983ca3b4c8b0","https://www.zhihu.com/question/33575236/answer/2523770856","True","True","PASS"
"04_家庭与亲属秩序.md","一寸欢喜","8db8f172-3520-5077-a078-2c9578ebaf39","https://www.zhihu.com/question/2039110884006604997/answer/2041179100837058049","True","True","PASS"
"04_家庭与亲属秩序.md","翼护","1549f2dd-1d31-544b-a0ea-85605f1a819b","https://www.zhihu.com/question/419829368/answer/1914445833","True","True","PASS"
"04_家庭与亲属秩序.md","援亲","e476717b-2cf7-5a91-adb2-924fbec64dea","https://www.ifdian.net/p/e199590264f411f1b3605254001e7c00","True","True","PASS"
"04_家庭与亲属秩序.md","长兄如父","d08b3c8b-a3a8-567d-874e-b774e0a7be53","https://www.zhihu.com/question/660341866/answer/3556211360","True","True","PASS"
"04_家庭与亲属秩序.md","重组家庭的难题","4f0d4841-15a9-55fb-b3d5-f2b4cef556dd","https://www.zhihu.com/question/438987171/answer/1678525490","True","True","PASS"
"04_家庭与亲属秩序.md","子女的要求","3c5adff1-6b20-5999-a366-0033a5945401","https://www.zhihu.com/question/355524343/answer/2454079129","True","True","PASS"
"04_家庭与亲属秩序.md","子女的隐私","4f088894-9e0d-57a4-9b1b-b34c185c6363","https://www.zhihu.com/question/349129380/answer/1659225401","True","True","PASS"
"04_家庭与亲属秩序.md","族亲","116849af-8469-5b6a-8306-42264e030e2d","https://www.ifdian.net/p/41c1258e4bce11f1806852540025c377","True","True","PASS"
"05_亲密关系与婚恋.md","爱的核心","f6fe9e2d-ca06-5a84-82b6-b7fe1d331120","https://zhuanlan.zhihu.com/p/12881832004","True","True","PASS"
"05_亲密关系与婚恋.md","爱情长跑","f7a9915b-3031-56d6-9c10-460d6dff6b53","https://www.zhihu.com/question/581134104/answer/2868446976","True","True","PASS"
"05_亲密关系与婚恋.md","爱无侥幸","6c2a2e7d-58e9-54ac-b872-556fcd359739","https://www.zhihu.com/question/661055196/answer/3561475478","True","True","PASS"
"05_亲密关系与婚恋.md","爱以介意为耻","87a46d99-4c5e-509d-8c58-adf6dc2ed5fc","https://www.zhihu.com/question/468721157/answer/25597165075","True","True","PASS"
"05_亲密关系与婚恋.md","爱与妥协","349b7eca-3498-5a36-b23a-232c4b794bee","https://www.zhihu.com/question/545832415/answer/2598902178","True","True","PASS"
"05_亲密关系与婚恋.md","趵突泉","f950a721-c22c-5c24-a55a-4a840db58db6","https://www.zhihu.com/question/10747265904/answer/95403086026","True","True","PASS"
"05_亲密关系与婚恋.md","不表而白","9bc5a2cd-cb67-5631-b227-29c5862aa1d4","https://afdian.com/p/9c028d2635a511efaf715254001e7c00","True","True","PASS"
"05_亲密关系与婚恋.md","吵架","9f9bba60-c970-56f6-b5f0-bb569c2848df","https://www.zhihu.com/question/34500647/answer/2001555980379522604","True","True","PASS"
"05_亲密关系与婚恋.md","吃亏高手","77c688c5-82d1-5d86-ab4e-d9543dcc3439","https://www.zhihu.com/question/619847948/answer/3200297739","True","True","PASS"
"05_亲密关系与婚恋.md","大可爱","393616a4-e6c8-51a6-b8ec-ef5cbd3dc5d1","https://www.zhihu.com/question/458871467/answer/2011542565971830760","True","True","PASS"
"05_亲密关系与婚恋.md","单","4785488c-ee5e-5dc5-ab82-dc075fe56891","https://www.ifdian.net/p/b23a399a440311f180bf52540025c377","True","True","PASS"
"05_亲密关系与婚恋.md","当仁不让","be11fc4e-aa10-5562-b303-6cffcea4b6a9","https://www.ifdian.net/p/fdcb72726a7b11f1b12e52540025c377","True","True","PASS"
"05_亲密关系与婚恋.md","断续","770cbfed-54ae-52be-b1c9-72d53392972b","https://www.zhihu.com/question/483204673/answer/3273430536","True","True","PASS"
"05_亲密关系与婚恋.md","高跟","26039300-f815-55a5-bd97-e5aa22635fba","https://www.zhihu.com/question/589084113/answer/2058906714028644292","True","True","PASS"
"05_亲密关系与婚恋.md","何如不问","0ccda9c2-88cf-5cd4-a55c-ced38178fb48","https://www.zhihu.com/question/36380039/answer/2124277929","True","True","PASS"
"05_亲密关系与婚恋.md","婚内财产","470eb4f1-f9cf-5860-9b3a-93134cafe576","https://www.zhihu.com/question/652507587/answer/3461672281","True","True","PASS"
"05_亲密关系与婚恋.md","结婚条件","85d05c4a-c611-5d84-81b6-04f6c1068fd0","https://www.zhihu.com/question/21778422/answer/684430223","True","True","PASS"
"05_亲密关系与婚恋.md","克制真爱","01faf33a-9ab0-5503-9426-13eb2cfa8922","https://www.zhihu.com/question/623291314/answer/3424795271","True","True","PASS"
"05_亲密关系与婚恋.md","苦而不忍","92aa0eef-4f02-5861-8217-f8b28866a6cb","https://www.zhihu.com/question/432723456/answer/1633172489","True","True","PASS"
"05_亲密关系与婚恋.md","冷且处理","2ea75a89-3b44-58bf-95eb-9a3a0e6c369e","https://www.ifdian.net/p/eae9a78065d211f18e065254001e7c00","True","True","PASS"
"05_亲密关系与婚恋.md","离婚要事","f62f4ebd-249a-571a-b367-0615c630db31","https://www.zhihu.com/question/468633317/answer/1975431582","True","True","PASS"
"05_亲密关系与婚恋.md","恋爱原理","3391e97d-14c5-567c-964a-72368422ba53","https://www.zhihu.com/question/461267669/answer/1906986171","True","True","PASS"
"05_亲密关系与婚恋.md","女生不讲理","6ee6c6fa-790a-50d2-be45-d01a3d9772a0","https://www.zhihu.com/question/430362880/answer/1583182664","True","True","PASS"
"05_亲密关系与婚恋.md","凭爱分手","557cd798-03d7-57fd-a7a4-14f743e1ba13","https://www.zhihu.com/question/308996023/answer/1183361290","True","True","PASS"
"05_亲密关系与婚恋.md","亲密关系的充分理由","861fef3e-8a74-5dfc-a4a0-0288640bc5a6","https://www.zhihu.com/question/540214555/answer/2548225605","True","True","PASS"
"05_亲密关系与婚恋.md","勤为要","a8fdb53f-15f9-5c30-bad8-7372ad185df2","https://www.zhihu.com/question/2050475528524657341/answer/2053259874218284630","True","True","PASS"
"05_亲密关系与婚恋.md","情感挽回大师","2d01ce4c-3faf-5109-a883-5a8f91ef4311","https://www.zhihu.com/question/470420822/answer/1983575141","True","True","PASS"
"05_亲密关系与婚恋.md","情绪的边界","b5e5a89e-ed07-5580-9414-b882995c136b","https://afdian.com/p/7feec654f2ab11efb20052540025c377","True","True","PASS"
"05_亲密关系与婚恋.md","求之不得","d51ccb8e-f94b-55a0-a5d7-7c1b4f4cf0b2","https://www.zhihu.com/question/59242753/answer/2020495838","True","True","PASS"
"05_亲密关系与婚恋.md","失恋的意义","6b549588-738e-5535-87ad-b9f434ec297e","https://afdian.com/p/9eab0f04329811efb46352540025c377","True","True","PASS"
"05_亲密关系与婚恋.md","收入管理共识","801d6c57-141e-5fbd-90b3-ac3843ef235a","https://www.zhihu.com/question/446421532/answer/1872341151","True","True","PASS"
"05_亲密关系与婚恋.md","松则久","ed1a358b-b31d-5945-b776-b8573ecaa0c4","https://www.zhihu.com/question/308348833/answer/2042325192739927037","True","True","PASS"
"05_亲密关系与婚恋.md","谈的必要","a5d469ca-ec51-5425-9881-20dc4c62a232","https://www.zhihu.com/question/548219694/answer/2625442864","True","True","PASS"
"05_亲密关系与婚恋.md","王不见王","bed38c2e-a10f-5ae2-99a3-26cdbd0f4795","https://www.zhihu.com/question/659908900/answer/3546501302","True","True","PASS"
"05_亲密关系与婚恋.md","未足之婚","8f631982-8f74-539e-ade3-31e78b2b2f7f","https://www.zhihu.com/question/2058261379547772168/answer/2058717131450086422","True","True","PASS"
"05_亲密关系与婚恋.md","问鸟","6c9de5c8-a892-5096-b987-d94062951c99","https://www.zhihu.com/question/2009637367900837199/answer/2011077711515370110","True","True","PASS"
"05_亲密关系与婚恋.md","无界","98a4e584-e382-58f7-bac5-3cadf54aa7ab","https://afdian.com/p/044f0ee823f111efa2c452540025c377","True","True","PASS"
"05_亲密关系与婚恋.md","小小红花","8bc2c71a-1303-5254-a513-fdb710fb8876","https://www.ifdian.net/p/8a2ac9c67a4311f1887f5254001e7c00","True","True","PASS"
"05_亲密关系与婚恋.md","泄洪渠","0b170991-fb0c-5a24-bfa3-7b24716569cf","https://www.zhihu.com/question/613990993/answer/3234777088","True","True","PASS"
"05_亲密关系与婚恋.md","幸福的窗口","3204a233-e257-55df-8157-8c03ae03dcaa","https://www.ifdian.net/p/a3235f94515611f198745254001e7c00","True","True","PASS"
"05_亲密关系与婚恋.md","性","f41e9566-f2d7-572c-9823-4c384370fd82","https://www.zhihu.com/question/284304157/answer/1863415524","True","True","PASS"
"05_亲密关系与婚恋.md","一碗油盐饭","5530ea69-662b-5400-8fae-ad0a0a325e38","https://www.zhihu.com/question/2036557109429543087/answer/2040828882861942775","True","True","PASS"
"05_亲密关系与婚恋.md","有恋无爱","87f504be-9ec1-513f-9ef2-35b5afb76690","https://www.zhihu.com/question/1991793475268673696/answer/2030323731600552037","True","True","PASS"
"05_亲密关系与婚恋.md","余庆","8c003e8e-8019-5beb-a424-d53c0a7a041d","https://www.zhihu.com/question/1958547022152959995/answer/2015484705303175367","True","True","PASS"
"05_亲密关系与婚恋.md","再三之后","239864fc-672d-5425-831f-58a85b942faa","https://www.zhihu.com/question/1912584982687360284/answer/2051074791961105921","True","True","PASS"
"05_亲密关系与婚恋.md","早恋1","f1298897-d133-5dba-8f4d-2123cb0e612b","https://afdian.com/p/0c26f170a4ea11eea1de52540025c377","True","True","PASS"
"05_亲密关系与婚恋.md","智能终端","99e9a036-ccdc-5f7a-aaad-04f51b1a2171","https://www.zhihu.com/question/458232041/answer/2097931385","True","True","PASS"
"05_亲密关系与婚恋.md","clean start","fc8bb6e0-acc0-50fb-813d-037e499df67c","https://www.zhihu.com/question/2050543609603216258/answer/2053560726321730327","True","True","PASS"
"06_职场组织与协作.md","败军之将","279d683a-3da4-5f55-a841-9b9c2f8143e3","https://afdian.com/p/3d2742e2828a11ef98a852540025c377","True","True","PASS"
"06_职场组织与协作.md","不服从管理","fb15019d-5dc7-5781-baaa-04e40235420e","https://www.zhihu.com/question/35344560/answer/2244184465","True","True","PASS"
"06_职场组织与协作.md","不服还行","20919dcb-3e55-5a63-bf2c-7cf38874a844","https://afdian.com/p/5435d982c0da11f0aa0452540025c377","True","True","PASS"
"06_职场组织与协作.md","不改之路","01a80dcd-f154-5b79-a0f4-28b2f294d3b7","https://afdian.com/p/82e64540074a11f0a09052540025c377","True","True","PASS"
"06_职场组织与协作.md","不盈利组织","a494a8bf-a0e7-5876-b12c-42d907453d88","https://afdian.com/p/34272be478bc11efa91052540025c377","True","True","PASS"
"06_职场组织与协作.md","裁员过渡","f5d0bccd-ddba-5d4b-854b-4983069839f6","https://www.zhihu.com/question/529162822/answer/2510176375","True","True","PASS"
"06_职场组织与协作.md","创业契机","6fbbf711-af51-5fcb-9d44-3d3765c77343","https://www.zhihu.com/question/461040377/answer/1910187165","True","True","PASS"
"06_职场组织与协作.md","反纪律的人","cc80ab01-2d5e-58e2-b073-14d432771240","https://afdian.com/p/61dead927ae111ef876e52540025c377","True","True","PASS"
"06_职场组织与协作.md","反消极","483abc0b-e3e9-5964-802a-b0a465212e68","https://www.zhihu.com/question/618717552/answer/3232159856","True","True","PASS"
"06_职场组织与协作.md","服从领导","26b2f5a9-d4ee-5d46-87e2-b4be7a55b9b7","https://www.zhihu.com/question/419406105/answer/1453866658","True","True","PASS"
"06_职场组织与协作.md","钢铁苍穹","131eb030-2a1f-5c18-a917-a38926b4ce6b","https://afdian.com/p/191c374cf01511ef853a52540025c377","True","True","PASS"
"06_职场组织与协作.md","工德无量","2dcc4d6a-58bf-5e68-9c51-319d51c0f11e","https://www.zhihu.com/question/6727174235/answer/2054345141004006552","True","True","PASS"
"06_职场组织与协作.md","工作优先","b1036158-c0da-5eb5-9011-d0609bd5db83","https://afdian.com/p/5976b99ce71f11efaeb952540025c377","True","True","PASS"
"06_职场组织与协作.md","工作重点","2fd8d665-a1e8-5e8b-bd98-4696b19cff95","https://afdian.com/p/0d597f50722e11f0ac9152540025c377","True","True","PASS"
"06_职场组织与协作.md","好战之徒","7d40ff51-8245-5989-b90a-edd964e96a7b","https://www.ifdian.net/p/29903e4231ce11f18a6e5254001e7c00","True","True","PASS"
"06_职场组织与协作.md","后半句","359095f1-02f7-5cfb-ac88-a2add28d06ca","https://www.ifdian.net/p/ed6f1e387afc11f1a7eb52540025c377","True","True","PASS"
"06_职场组织与协作.md","倦怠","efc59617-3016-5780-86fc-31d4106a06c0","https://www.zhihu.com/question/653772835/answer/3477653544","True","True","PASS"
"06_职场组织与协作.md","客户、服务员和导师","695b4998-a935-5426-968c-c092f438217d","https://afdian.com/p/e9faff26504f11ef907a5254001e7c00","True","True","PASS"
"06_职场组织与协作.md","老实板凳","a9f669a2-14d1-539d-988e-236933eb8c70","https://www.zhihu.com/question/474920043/answer/3579580575","True","True","PASS"
"06_职场组织与协作.md","流言蜚语","f2a25262-a2e1-5c3a-ab89-2fb5fce4e51e","https://www.zhihu.com/question/644565660/answer/3400501205","True","True","PASS"
"06_职场组织与协作.md","矛盾的赌注","212f8bd5-ad3d-5f1f-9d61-1deb9547b35f","https://www.zhihu.com/question/658532700/answer/3540082016","True","True","PASS"
"06_职场组织与协作.md","面试愉快","3b8ef0e6-214b-5313-9ec1-dac59aa419fa","https://afdian.com/p/ea592f96cffd11ef86c652540025c377","True","True","PASS"
"06_职场组织与协作.md","面向纪要会议","13249eb5-38e0-5980-949f-f7e697f75887","https://afdian.com/p/bb0b845e0a6e11f0b49952540025c377","True","True","PASS"
"06_职场组织与协作.md","母港","e6d6bfe3-a168-5665-a4a4-9ccff90ce3cb","https://www.zhihu.com/question/28543157/answer/1542846329","True","True","PASS"
"06_职场组织与协作.md","内卷","becd5793-42a0-508d-9811-ce217f24500d","https://afdian.com/p/a22e1242b84211edb45d5254001e7c00","True","True","PASS"
"06_职场组织与协作.md","你干我敢","464b3a2e-6d5d-588d-a87d-38286aab930a","https://afdian.com/p/c790413ad60911f08ea952540025c377","True","True","PASS"
"06_职场组织与协作.md","培养下属","40e8c68d-cce0-50c8-8387-0c454ca93e8b","https://www.zhihu.com/question/423114379/answer/1509044251","True","True","PASS"
"06_职场组织与协作.md","平乱","9688ba01-7f6d-52cb-8a29-30317d1d6313","https://afdian.com/p/0101a6c229c411f085c052540025c377","True","True","PASS"
"06_职场组织与协作.md","取决于谁","6a8cd889-f9b7-568f-99d2-30ac6654c3e5","https://www.zhihu.com/question/628716520/answer/3274693170","True","True","PASS"
"06_职场组织与协作.md","社会化","827cceb1-fcbe-52ee-8f35-00d4c2a242c5","https://www.zhihu.com/question/21789164/answer/2524848159","True","True","PASS"
"06_职场组织与协作.md","琐碎事尔","666f6b9a-c4b6-5e84-a0d1-8ef8638a22e1","https://www.zhihu.com/question/654867829/answer/3501942851","True","True","PASS"
"06_职场组织与协作.md","跳两级","28fa23c8-71f1-50ab-8d78-b3737da5680a","https://www.zhihu.com/question/1967904513127048603/answer/1969446337436185000","True","True","PASS"
"06_职场组织与协作.md","投鞭断流","92970f66-cf02-5019-83be-d35e6c267dec","https://www.zhihu.com/question/648611918/answer/3453877170","True","True","PASS"
"06_职场组织与协作.md","惟余莽莽","7d450309-fede-5a03-b2ea-c31ad846c894","https://afdian.com/p/246a0a0c665811f0a14d52540025c377","True","True","PASS"
"06_职场组织与协作.md","薪酬基准","83a9b3cc-76f4-5693-b0b5-738ee251ad82","https://www.zhihu.com/question/28079407/answer/3130390572","True","True","PASS"
"06_职场组织与协作.md","一人之上","dd926b00-b9ae-5d70-9552-61f9b7a9203f","https://www.zhihu.com/question/2052702281674355836/answer/2056764332520759534","True","True","PASS"
"06_职场组织与协作.md","意犹未尽","b128ddf4-ac47-572d-ac68-a07278b0a8ed","https://afdian.com/p/cf8b5aa6c3f711f08f6052540025c377","True","True","PASS"
"06_职场组织与协作.md","应分困难","062b2bad-4348-5c1d-895e-83d0f0b1c037","https://afdian.com/p/504679d601de11f19eaf5254001e7c00","True","True","PASS"
"06_职场组织与协作.md","有困难就说","070114cf-f03d-57ac-aabc-21d9fd39338b","https://www.zhihu.com/question/470772116/answer/2015133703","True","True","PASS"
"06_职场组织与协作.md","鸳鸯锅","4f977534-1fc7-581c-af83-d0746f0a3a1a","https://www.zhihu.com/question/631595282/answer/1917940463425519788","True","True","PASS"
"06_职场组织与协作.md","圆滑2","6fb08d39-0a3e-5fa9-b572-0e6ae9791bb9","https://www.ifdian.net/p/67578a885d2911f1837752540025c377","True","True","PASS"
"06_职场组织与协作.md","职业规划","be6d869d-9c60-5b87-85ff-30c3772ce48f","https://www.zhihu.com/question/25583089/answer/899020828","True","True","PASS"
"06_职场组织与协作.md","职业生命","9a726b46-0f83-5645-9696-1fc698bce52d","https://www.zhihu.com/question/610628297/answer/3110051471","True","True","PASS"
"06_职场组织与协作.md","智能失业","9ec2d145-4c5b-580b-a0d1-4e7a418b29ad","https://www.zhihu.com/question/316424064/answer/1738761505","True","True","PASS"
"06_职场组织与协作.md","置身事外","3a690cdd-9253-578f-b98c-af9defb891d0","https://www.zhihu.com/question/324231470/answer/3304960389","True","True","PASS"
"06_职场组织与协作.md","专业开源","488fb63c-6722-528e-9db2-a96a50ad1899","https://www.zhihu.com/question/642326701/answer/3385419781","True","True","PASS"
"06_职场组织与协作.md","自由的印花税","b6c8ab98-21b5-5a55-993a-a75ddac6f60d","https://www.zhihu.com/question/653732373/answer/3476443090","True","True","PASS"
"06_职场组织与协作.md","做事第一","a15b7aeb-2adf-565c-a240-a4b54cc970ef","https://www.zhihu.com/question/2056412683122091670/answer/2058533399363637911","True","True","PASS"
"07_从服从世界到治理处境_思想体系总论.md","悲观与乐观","6565e946-d35d-5651-9ba8-b4db73c846d4","https://www.zhihu.com/question/266034365/answer/557697304","True","True","PASS"
"07_从服从世界到治理处境_思想体系总论.md","比辛苦","a9001930-db0d-5adb-97e5-5018efde3e5d","https://www.zhihu.com/question/1893441764196607626/answer/1930037357974880324","True","True","PASS"
"07_从服从世界到治理处境_思想体系总论.md","不理想的判决","96d4ec6b-de8d-5360-b119-426b6d47b614","https://www.zhihu.com/question/661943653/answer/3570170797","True","True","PASS"
"07_从服从世界到治理处境_思想体系总论.md","财富观","2133f3d8-4ccb-5c0f-9c09-1539ab21c794","https://www.zhihu.com/question/314627020/answer/1193533378","True","True","PASS"
"07_从服从世界到治理处境_思想体系总论.md","出钱出力","76a548f8-a0a6-5d18-9c23-864c383ffde6","https://www.zhihu.com/question/379820675/answer/3287043271","True","True","PASS"
"07_从服从世界到治理处境_思想体系总论.md","奠仪几何","9af3f757-ffb6-5c9e-b461-afdf9ccea949","https://www.ifdian.net/p/85097b3e7bd011f1978652540025c377","True","True","PASS"
"07_从服从世界到治理处境_思想体系总论.md","对待讨厌的人","ab248d79-188c-5a17-a07b-e246f7cd66d6","https://www.zhihu.com/question/479963852/answer/2067135978","True","True","PASS"
"07_从服从世界到治理处境_思想体系总论.md","法定叛国","7b58e331-f6d8-5def-bf9a-314f026dff8f","https://www.zhihu.com/question/444782032/answer/3083099726","True","True","PASS"
"07_从服从世界到治理处境_思想体系总论.md","分得清","83b5aef7-2025-5e0e-89df-5e329b53fc3c","https://www.zhihu.com/question/537197073/answer/2525354255","True","True","PASS"
"07_从服从世界到治理处境_思想体系总论.md","风流","a3a51ad5-e854-5912-a7e2-52f177044815","https://afdian.com/p/61caa76a60d311f0abc952540025c377","True","True","PASS"
"07_从服从世界到治理处境_思想体系总论.md","服从","8859afe4-31fa-5b72-a79a-675c16950c82","https://www.zhihu.com/question/463206973/answer/1924612230","True","True","PASS"
"07_从服从世界到治理处境_思想体系总论.md","杠","6b65f6d0-f442-566c-bb18-707079a6002e","https://www.zhihu.com/question/457805977/answer/1869187536","True","True","PASS"
"07_从服从世界到治理处境_思想体系总论.md","高中书目","4cbed42c-3df1-5042-bc95-625b46e3256e","https://www.zhihu.com/question/403634755/answer/1304983217","True","True","PASS"
"07_从服从世界到治理处境_思想体系总论.md","割地求和","63fe77ab-cf7d-5b29-97db-0fab8e6ac2f1","https://afdian.com/p/cec87782494811ef8ba852540025c377","True","True","PASS"
"07_从服从世界到治理处境_思想体系总论.md","工作冲突处置原则","0c08edbe-4f4e-515d-aa59-ad8839c7ee4e","https://afdian.com/p/45af5e849ea711ef807452540025c377","True","True","PASS"
"07_从服从世界到治理处境_思想体系总论.md","欢迎扯平","4060af7a-873f-570a-a80a-4b9a771ce134","https://www.zhihu.com/question/459438665/answer/3616080288","True","True","PASS"
"07_从服从世界到治理处境_思想体系总论.md","假面","6394ed80-87a6-5672-be17-6c14abfad7e0","https://www.zhihu.com/question/21059033/answer/1778974150","True","True","PASS"
"07_从服从世界到治理处境_思想体系总论.md","礼貌的意义","423bb80a-1424-508a-9b37-7715329708f2","https://www.zhihu.com/question/24528668/answer/3617094335","True","True","PASS"
"07_从服从世界到治理处境_思想体系总论.md","理解和对错","e1bb81cd-9b24-5c3d-8e8a-d40b6bfa9d7b","https://www.zhihu.com/question/551968270/answer/2695078243","True","True","PASS"
"07_从服从世界到治理处境_思想体系总论.md","恋爱原理","3391e97d-14c5-567c-964a-72368422ba53","https://www.zhihu.com/question/461267669/answer/1906986171","True","True","PASS"
"07_从服从世界到治理处境_思想体系总论.md","内卷","becd5793-42a0-508d-9811-ce217f24500d","https://afdian.com/p/a22e1242b84211edb45d5254001e7c00","True","True","PASS"
"07_从服从世界到治理处境_思想体系总论.md","批评","11ad7ad3-87eb-5681-93e2-de3e21cbd8a2","https://www.zhihu.com/question/22987136/answer/1434894604","True","True","PASS"
"07_从服从世界到治理处境_思想体系总论.md","群体决策","0eeda817-2c77-5fa3-9fb5-00fc481cce44","https://www.zhihu.com/question/436132873/answer/1655201862","True","True","PASS"
"07_从服从世界到治理处境_思想体系总论.md","谁的问题","c2fe7432-de90-5f30-aff8-3379c459c6ff","https://www.zhihu.com/question/370062108/answer/1072301218","True","True","PASS"
"07_从服从世界到治理处境_思想体系总论.md","神性","fea6405e-4cb6-5632-b6d3-7ed8944d7459","https://www.zhihu.com/question/20688186/answer/3204556512","True","True","PASS"
"07_从服从世界到治理处境_思想体系总论.md","十足真金","01245eac-78ed-504e-9a87-8f594815562e","https://www.zhihu.com/question/546106233/answer/2626470804","True","True","PASS"
"07_从服从世界到治理处境_思想体系总论.md","事实教育","cc875464-efa8-5d7e-9f74-09f206845083","https://www.zhihu.com/question/558327071/answer/2725170054","True","True","PASS"
"07_从服从世界到治理处境_思想体系总论.md","提升格局","24f7df8d-520b-5b68-8e03-ebedd53e98f1","https://www.zhihu.com/question/28213398/answer/1656801406","True","True","PASS"
"07_从服从世界到治理处境_思想体系总论.md","无知的责任","550b55cc-125d-5989-b69b-1d76045f01e6","https://www.zhihu.com/question/485263076/answer/2109427875","True","True","PASS"
"07_从服从世界到治理处境_思想体系总论.md","修行实践","a6cedaa3-5172-59a8-b995-ba479b01c8f2","https://www.zhihu.com/question/382191130/answer/2861182866","True","True","PASS"
"07_从服从世界到治理处境_思想体系总论.md","有言在先","79a0e5c3-d268-5292-ac4d-30338beb983a","https://www.zhihu.com/question/654049611/answer/3478845780","True","True","PASS"
"07_从服从世界到治理处境_思想体系总论.md","元天赋","9e331c63-31ac-5328-aa0c-524de39aef37","https://www.zhihu.com/question/529222173/answer/2522013890","True","True","PASS"
"07_从服从世界到治理处境_思想体系总论.md","云阶","1ebceeb1-26da-536f-bfcd-d43f91f25b8d","https://www.zhihu.com/question/1913065377237280660/answer/2031121783361910485","True","True","PASS"
"07_从服从世界到治理处境_思想体系总论.md","止损点","bafc59ba-af05-5857-97a5-f6d336e122e5","https://www.zhihu.com/question/349743183/answer/2635507650","True","True","PASS"
"07_从服从世界到治理处境_思想体系总论.md","自弃","77880b8f-5e2b-5a20-979b-420df1f148ba","https://www.zhihu.com/question/441018760/answer/1695943415","True","True","PASS"
"07_从服从世界到治理处境_思想体系总论.md","自强","23d679c7-bf1c-5572-9320-d6854eeac3a0","https://www.zhihu.com/question/267653585/answer/1515660778","True","True","PASS"
"07_从服从世界到治理处境_思想体系总论.md","最重要的能力","709c7581-b9fb-5c40-9d0d-bf5f0b3ec31b","https://www.zhihu.com/question/19602183/answer/1095057238","True","True","PASS"
"07_从服从世界到治理处境_思想体系总论.md","尊者","03c701aa-9760-5272-9215-6de6a61ce6f9","https://www.ifdian.net/p/c367153e797411f1812d52540025c377","True","True","PASS"
"08_可错知识与教育实践.md","被扼杀的人才","be6521a4-5b3a-5551-8f28-21939a9e90ae","https://www.zhihu.com/question/578475772/answer/87096285953","True","True","PASS"
"08_可错知识与教育实践.md","博","a02cbf5d-305d-54a2-ab9a-b2c01d2c89ef","https://www.zhihu.com/question/434449322/answer/3286532057","True","True","PASS"
"08_可错知识与教育实践.md","不立文字","4ea41e58-3b68-5ce7-b58b-ace2f5319f37","https://www.zhihu.com/question/589693312/answer/2942867355","True","True","PASS"
"08_可错知识与教育实践.md","不听老人言","61843e2f-9230-5dc2-adf6-bb7b3416d5f6","https://www.zhihu.com/question/1889581579178849918/answer/2033525184934715882","True","True","PASS"
"08_可错知识与教育实践.md","服从","8859afe4-31fa-5b72-a79a-675c16950c82","https://www.zhihu.com/question/463206973/answer/1924612230","True","True","PASS"
"08_可错知识与教育实践.md","复盘","05a4a9b4-4c5b-5dd4-bcc5-986e293d4955","https://www.zhihu.com/question/406224720/answer/1863916109","True","True","PASS"
"08_可错知识与教育实践.md","高等教育","0af76841-1409-5d18-af83-050cdb72bb19","https://www.zhihu.com/question/53725884/answer/1776584998","True","True","PASS"
"08_可错知识与教育实践.md","高中书目","4cbed42c-3df1-5042-bc95-625b46e3256e","https://www.zhihu.com/question/403634755/answer/1304983217","True","True","PASS"
"08_可错知识与教育实践.md","好错","16126b72-a5b9-5349-b824-e1bb45a63ac8","https://www.zhihu.com/question/648283158/answer/3518255244","True","True","PASS"
"08_可错知识与教育实践.md","好作业","3efc94c7-8626-5648-8ef5-285fb7357c3a","https://www.zhihu.com/question/614578507/answer/3422645582","True","True","PASS"
"08_可错知识与教育实践.md","核动力学习","1c750a3d-82b1-5b07-a5b9-081b1c781296","https://www.zhihu.com/question/653479167/answer/3482157085","True","True","PASS"
"08_可错知识与教育实践.md","监守自盗II","50933e1e-592b-5705-b78a-2674f44f7531","https://www.zhihu.com/question/600325056/answer/3034377298","True","True","PASS"
"08_可错知识与教育实践.md","教育的及格线","01008cb7-e4fa-57cc-a8d5-552f257050a9","https://www.zhihu.com/question/22133548/answer/2030810307","True","True","PASS"
"08_可错知识与教育实践.md","劳动技能","8f4fbf3b-2b47-50af-bc66-1acd58a9b947","https://www.zhihu.com/question/531443999/answer/2472301817","True","True","PASS"
"08_可错知识与教育实践.md","老师的同学","323ec86f-782c-528b-b222-6c23f0e90381","https://www.zhihu.com/question/619415942/answer/3629999203","True","True","PASS"
"08_可错知识与教育实践.md","李不白","4cf9b472-7b0c-5a33-8f1d-387e2ad90043","https://afdian.com/p/95c2ff6838ce11f0ad2752540025c377","True","True","PASS"
"08_可错知识与教育实践.md","疗愈艺术","f62a367a-978f-5c01-8471-170daaa2eea8","https://www.zhihu.com/question/458078011/answer/1904038706","True","True","PASS"
"08_可错知识与教育实践.md","龙门教","8f0ff3e0-cfe1-5cc0-8986-41217ded3fa6","https://www.zhihu.com/question/636449086/answer/3370138412","True","True","PASS"
"08_可错知识与教育实践.md","论批评 2","daa2da9d-9204-588a-88a3-a5d9006bf4d4","https://afdian.com/p/fd6093eae6d211efac665254001e7c00","True","True","PASS"
"08_可错知识与教育实践.md","莫西沙","e91365b5-6ff4-56cf-ba9b-d5204f5bfcb6","https://www.zhihu.com/question/631513904/answer/1935006121560613740","True","True","PASS"
"08_可错知识与教育实践.md","拿蛇的人","c3db643c-12ad-5b7b-ad3d-a6d940ab1aaf","https://www.zhihu.com/question/1969512772179042703/answer/2014779536173200774","True","True","PASS"
"08_可错知识与教育实践.md","内卷","becd5793-42a0-508d-9811-ce217f24500d","https://afdian.com/p/a22e1242b84211edb45d5254001e7c00","True","True","PASS"
"08_可错知识与教育实践.md","批评","11ad7ad3-87eb-5681-93e2-de3e21cbd8a2","https://www.zhihu.com/question/22987136/answer/1434894604","True","True","PASS"
"08_可错知识与教育实践.md","抢杠铃","a30cf0ae-535b-5f62-bcf8-d7361ddaf2f3","https://www.zhihu.com/question/2047273309180531264/answer/2053922340728262870","True","True","PASS"
"08_可错知识与教育实践.md","入东宫","c51db42c-0852-5eb1-89a8-dcc401d84133","https://afdian.com/p/4db721d4edb711ef99525254001e7c00","True","True","PASS"
"08_可错知识与教育实践.md","胜利","f34a6dfe-fc61-5320-bdb2-6d8f6380e7c7","https://www.zhihu.com/question/607680310/answer/3082976217","True","True","PASS"
"08_可错知识与教育实践.md","师生一场","f651d0b4-e3a5-5b4f-8e86-1bc9b5e98a82","https://www.zhihu.com/question/634135058/answer/3326101761","True","True","PASS"
"08_可错知识与教育实践.md","世界史","fdf47337-3241-5790-a0da-9c0cc451c6eb","https://www.zhihu.com/question/334543952/answer/817647334","True","True","PASS"
"08_可错知识与教育实践.md","事实教育","cc875464-efa8-5d7e-9f74-09f206845083","https://www.zhihu.com/question/558327071/answer/2725170054","True","True","PASS"
"08_可错知识与教育实践.md","天赋","e457fe82-86ed-5900-be4a-4c86f0d18279","https://www.zhihu.com/question/35318941/answer/2132354653","True","True","PASS"
"08_可错知识与教育实践.md","拖","b942aade-6189-5f46-860f-7f04ebbc8521","https://www.ifdian.net/p/be71f314561511f197d15254001e7c00","True","True","PASS"
"08_可错知识与教育实践.md","晚餐会","25746513-cdd3-5a84-9f85-70b71fb1410b","https://www.zhihu.com/question/662298837/answer/2015738767038775453","True","True","PASS"
"08_可错知识与教育实践.md","戏彩娱亲","06321acb-1e12-52ac-b56a-3e2998196c76","https://www.zhihu.com/question/6103152781/answer/2000302868058641843","True","True","PASS"
"08_可错知识与教育实践.md","小工程","2b9e02b6-54f9-5d22-a934-7bfa6e22f32b","https://www.zhihu.com/question/1979908360666112188/answer/2003383156632462996","True","True","PASS"
"08_可错知识与教育实践.md","新教育","f25d6717-47e8-5025-bfb5-cb0a0f75700c","https://www.zhihu.com/question/2012442872696239258/answer/2012669869284435530","True","True","PASS"
"08_可错知识与教育实践.md","新教育2","c910978e-95b9-5cd3-8906-003309df77fb","https://www.zhihu.com/question/2016759308327608461/answer/2018852665627529880","True","True","PASS"
"08_可错知识与教育实践.md","新解","fd0f2067-0667-5598-9752-6a38316b61d4","https://www.zhihu.com/question/8305118500/answer/2023029526775481649","True","True","PASS"
"08_可错知识与教育实践.md","学习的料","5a351e52-4607-5c35-add1-6420fe541078","https://afdian.com/p/3a9c5c52673a11f09dc85254001e7c00","True","True","PASS"
"08_可错知识与教育实践.md","学哲学","dd6ddd34-70e9-5f86-a3e7-658ca8a20c3c","https://www.zhihu.com/question/422217308/answer/1551252488","True","True","PASS"
"08_可错知识与教育实践.md","友立思考","a5abe3ed-770e-571b-a698-ad9edad89603","https://www.zhihu.com/question/660298860/answer/2025238718122837960","True","True","PASS"
"08_可错知识与教育实践.md","战而后胜","646df58c-b155-5563-8646-c7d5dae28529","https://www.zhihu.com/question/39261295/answer/1945530289108526198","True","True","PASS"
"08_可错知识与教育实践.md","真的不适合","9da990f9-1223-52bd-8a9b-647ea5e8ab8c","https://www.zhihu.com/question/388887069/answer/84990329784","True","True","PASS"
"08_可错知识与教育实践.md","终极真理","c34ca81a-ada6-5462-b656-e70a8805cf0b","https://www.zhihu.com/question/384694502/answer/1236260309","True","True","PASS"
"08_可错知识与教育实践.md","专业第一","fc9bfc64-1e42-5634-a0e3-d45beedec107","https://www.zhihu.com/question/646556722/answer/1991546774050083866","True","True","PASS"
"08_可错知识与教育实践.md","自强","23d679c7-bf1c-5572-9320-d6854eeac3a0","https://www.zhihu.com/question/267653585/answer/1515660778","True","True","PASS"
"08_可错知识与教育实践.md","自下而上","f487299b-2c7e-5999-bc7b-cff6dcb80074","https://afdian.com/p/6bcccf56bc4411efb99852540025c377","True","True","PASS"
"08_可错知识与教育实践.md","尊师","95a97047-46ae-561c-b462-1c903c2c3ebd","https://www.zhihu.com/question/333195546/answer/770295864","True","True","PASS"
"08_可错知识与教育实践.md","ai教学","daadf9cc-e509-57dd-9a7c-7928fef1be3f","https://www.zhihu.com/question/1997937872972505781/answer/2001915449252807021","True","True","PASS"
"09_定义达意与批评_论证修辞研究.md","傲慢","96b7c75d-ef5b-5bbe-8040-1918fcec7988","https://www.zhihu.com/question/265038298/answer/1340599942","True","True","PASS"
"09_定义达意与批评_论证修辞研究.md","悲观与乐观","6565e946-d35d-5651-9ba8-b4db73c846d4","https://www.zhihu.com/question/266034365/answer/557697304","True","True","PASS"
"09_定义达意与批评_论证修辞研究.md","不承不认","25fbbd06-a8c6-57be-94bd-b3d016eb9655","https://afdian.com/p/10f4ab2af7cc11f0a29b52540025c377","True","True","PASS"
"09_定义达意与批评_论证修辞研究.md","诚实","09575f9e-4f36-5a4e-84b3-95ee737857e8","https://www.zhihu.com/question/496997525/answer/2210450279","True","True","PASS"
"09_定义达意与批评_论证修辞研究.md","错得对","ac613538-268c-5866-bcb8-64d4191f9958","https://www.zhihu.com/question/463151749/answer/1939884660","True","True","PASS"
"09_定义达意与批评_论证修辞研究.md","达意责任","6647e494-2b80-57af-b903-a1b541d9fbf6","https://www.zhihu.com/question/597272355/answer/2997235157","True","True","PASS"
"09_定义达意与批评_论证修辞研究.md","大盾构机","ef6cf2a8-fa9d-5452-9d72-eef7b101e227","https://afdian.com/p/3eebdb8a869d11ef92985254001e7c00","True","True","PASS"
"09_定义达意与批评_论证修辞研究.md","道歉","648586c8-4dde-5e7a-a35a-46d65483e4b6","https://www.zhihu.com/question/21155350/answer/1685222095","True","True","PASS"
"09_定义达意与批评_论证修辞研究.md","复盘","05a4a9b4-4c5b-5dd4-bcc5-986e293d4955","https://www.zhihu.com/question/406224720/answer/1863916109","True","True","PASS"
"09_定义达意与批评_论证修辞研究.md","高中书目","4cbed42c-3df1-5042-bc95-625b46e3256e","https://www.zhihu.com/question/403634755/answer/1304983217","True","True","PASS"
"09_定义达意与批评_论证修辞研究.md","搞点科学","25fc6c41-fd55-5d14-a8e3-8cb8dcce81d9","https://www.zhihu.com/question/552121513/answer/2717066208","True","True","PASS"
"09_定义达意与批评_论证修辞研究.md","工程师","7d32dc18-d43f-5b31-b663-2cc96f87ef69","https://www.zhihu.com/question/327471497/answer/716941677","True","True","PASS"
"09_定义达意与批评_论证修辞研究.md","故事会","f07ab86c-c47c-5502-a6be-79223813316f","https://afdian.com/p/80b0b9d8255611f1be5452540025c377","True","True","PASS"
"09_定义达意与批评_论证修辞研究.md","合理","5a1f97fa-3170-5edc-9cd4-de6dddf22e9e","https://www.zhihu.com/question/31409652/answer/2255485486","True","True","PASS"
"09_定义达意与批评_论证修辞研究.md","进化心理学","d78d5ed7-ee55-5e51-b964-54a93c64df8c","https://www.zhihu.com/question/23318325/answer/2089826721","True","True","PASS"
"09_定义达意与批评_论证修辞研究.md","经验驱动","14a8d32f-6ed2-5fec-bf3b-485797d9f125","https://afdian.com/p/6b8ba7c8f61011efa30d52540025c377","True","True","PASS"
"09_定义达意与批评_论证修辞研究.md","看论证","16a059df-ba77-5ca8-8f92-f5d1b0e90825","https://www.zhihu.com/question/413077543/answer/1885119748","True","True","PASS"
"09_定义达意与批评_论证修辞研究.md","科学信仰","d95c9b96-39b8-567e-b8ad-7a846c1e69da","https://www.zhihu.com/question/33982256/answer/545101282","True","True","PASS"
"09_定义达意与批评_论证修辞研究.md","可控核聚变","bd497e81-413b-5e4c-b1df-001d0efbd369","https://www.zhihu.com/question/267170674/answer/448696808","True","True","PASS"
"09_定义达意与批评_论证修辞研究.md","理解的原理","e811680f-3bf9-5abb-a1a3-f81d9fe6e6ff","https://www.zhihu.com/question/60621038/answer/1916755345","True","True","PASS"
"09_定义达意与批评_论证修辞研究.md","论批评 2","daa2da9d-9204-588a-88a3-a5d9006bf4d4","https://afdian.com/p/fd6093eae6d211efac665254001e7c00","True","True","PASS"
"09_定义达意与批评_论证修辞研究.md","弄潮","c7ac910b-a11d-5123-877d-77ef606ec789","https://afdian.com/p/03bde97ac75911efa97752540025c377","True","True","PASS"
"09_定义达意与批评_论证修辞研究.md","批评","11ad7ad3-87eb-5681-93e2-de3e21cbd8a2","https://www.zhihu.com/question/22987136/answer/1434894604","True","True","PASS"
"09_定义达意与批评_论证修辞研究.md","前途","c4bab8ec-36c8-546c-84b2-a9fa20cd813d","https://www.zhihu.com/question/409844164/answer/1494926798","True","True","PASS"
"09_定义达意与批评_论证修辞研究.md","轻佻","e4d01c0f-9653-5dfb-9f2b-df6f79e6ad2d","https://www.zhihu.com/question/506361711/answer/2273592980","True","True","PASS"
"09_定义达意与批评_论证修辞研究.md","求鱼与救火","f652b2ce-351e-5ae3-a4cc-223db1df3e94","https://www.zhihu.com/question/656188096/answer/2003736056680432032","True","True","PASS"
"09_定义达意与批评_论证修辞研究.md","三代乃成","9b0b722e-18ec-5a5e-97b2-bfe7baf20405","https://www.zhihu.com/question/622913795/answer/3222818110","True","True","PASS"
"09_定义达意与批评_论证修辞研究.md","史不绝书","3d0daabb-8f65-5e52-b6b0-03280864f723","https://www.zhihu.com/question/9945672304/answer/2042201727336714267","True","True","PASS"
"09_定义达意与批评_论证修辞研究.md","偷换概念","7eee6fed-caa7-58ef-9f05-798aabaaaf0d","https://www.zhihu.com/question/22081937/answer/1487453301","True","True","PASS"
"09_定义达意与批评_论证修辞研究.md","维特观鲨","6d39db90-7106-5281-a777-89157c42dfeb","https://www.zhihu.com/question/665637933/answer/17978157893","True","True","PASS"
"09_定义达意与批评_论证修辞研究.md","为什么我们会输掉认知战","22c2b873-94b4-561a-ba0c-6814625f7b47","https://zhuanlan.zhihu.com/p/484117834","True","True","PASS"
"09_定义达意与批评_论证修辞研究.md","无语言的思考","0d19a72d-336b-5b5e-9393-681b96537a4b","https://www.zhihu.com/question/286929436/answer/452288883","True","True","PASS"
"09_定义达意与批评_论证修辞研究.md","芯片","f0e6b60b-5f91-5037-9796-480eeca991b2","https://www.zhihu.com/question/275316968/answer/497644862","True","True","PASS"
"09_定义达意与批评_论证修辞研究.md","修和之礼","6b6519bb-fa77-51a0-9c13-0e60d5e6eb05","https://www.zhihu.com/question/68120611/answer/3009802792","True","True","PASS"
"09_定义达意与批评_论证修辞研究.md","学好语文","8a7bdf9f-2cce-5d55-9210-618cfb05adcb","https://www.zhihu.com/question/446716137/answer/1757919159","True","True","PASS"
"09_定义达意与批评_论证修辞研究.md","雅达","844bc111-f9e9-5d9f-9a1d-8148ec188835","https://afdian.com/p/a61fb8662aa911f0bf2652540025c377","True","True","PASS"
"09_定义达意与批评_论证修辞研究.md","言不传身不教","afdd08c8-c5c5-549b-932e-b90cb53ebd4e","https://afdian.com/p/d0665cd2fd5411f0a2fe52540025c377","True","True","PASS"
"09_定义达意与批评_论证修辞研究.md","亦真亦幻","eb01897e-5109-5976-9443-e08c2a60d5fc","https://www.zhihu.com/question/404446499/answer/1319413675","True","True","PASS"
"09_定义达意与批评_论证修辞研究.md","政策观察","5d1f3c9c-7df6-520f-99ce-2e2aa575f34f","https://www.zhihu.com/question/668221258/answer/3851659315","True","True","PASS"
"09_定义达意与批评_论证修辞研究.md","知识的上限","c76169b7-8062-5ed6-a8b5-8f121b6665a9","https://afdian.com/p/6bb258ec0e3511ee8b2c5254001e7c00","True","True","PASS"
"09_定义达意与批评_论证修辞研究.md","知识的责任","065db95a-3978-5980-8fa8-647b3d748cb2","https://www.zhihu.com/question/266283632/answer/1862200579","True","True","PASS"
"09_定义达意与批评_论证修辞研究.md","指出错误权","9d1094c3-6fdf-5065-a3ec-e52c9eaed04d","https://afdian.com/p/1ac8041e900111efa4225254001e7c00","True","True","PASS"
"09_定义达意与批评_论证修辞研究.md","制赌","28ea871e-515d-5e0d-8699-cd1af888f664","https://www.zhihu.com/question/308289812/answer/1817707442","True","True","PASS"
"09_定义达意与批评_论证修辞研究.md","质疑","8093cce8-fbd1-5050-b629-09fed6563b52","https://www.zhihu.com/question/530095941/answer/2546633947","True","True","PASS"
"09_定义达意与批评_论证修辞研究.md","终极真理","c34ca81a-ada6-5462-b656-e70a8805cf0b","https://www.zhihu.com/question/384694502/answer/1236260309","True","True","PASS"
"09_定义达意与批评_论证修辞研究.md","子女的要求","3c5adff1-6b20-5999-a366-0033a5945401","https://www.zhihu.com/question/355524343/answer/2454079129","True","True","PASS"
"09_定义达意与批评_论证修辞研究.md","作为信仰的科学","5fdad7e4-98d9-529e-9713-4365605c2e99","https://www.zhihu.com/question/305176409/answer/551275717","True","True","PASS"
"09_定义达意与批评_论证修辞研究.md","做计划","cbfe5527-d7ac-536e-99a2-85246204d3b1","https://www.zhihu.com/question/32159310/answer/1065726051","True","True","PASS"
"10_财富劳动与经济伦理.md","“资本家”","e0f2d1a4-bb3d-52c4-b1ab-2e6dcedc5021","https://www.zhihu.com/question/326598463/answer/955706470","True","True","PASS"
"10_财富劳动与经济伦理.md","爱的智商税","eb584847-1191-530e-a769-3db59a6f6b09","https://afdian.com/p/2459bf96589c11efa69352540025c377","True","True","PASS"
"10_财富劳动与经济伦理.md","摆脱贫穷","ecfc1be7-86b5-57d6-806d-7a8fcc374949","https://www.zhihu.com/question/444003245/answer/1744384489","True","True","PASS"
"10_财富劳动与经济伦理.md","不盈利组织","a494a8bf-a0e7-5876-b12c-42d907453d88","https://afdian.com/p/34272be478bc11efa91052540025c377","True","True","PASS"
"10_财富劳动与经济伦理.md","财富观","2133f3d8-4ccb-5c0f-9c09-1539ab21c794","https://www.zhihu.com/question/314627020/answer/1193533378","True","True","PASS"
"10_财富劳动与经济伦理.md","财路通天","62835eb1-afbb-568f-9c83-3774e957f10c","https://www.zhihu.com/question/419997323/answer/4982350943","True","True","PASS"
"10_财富劳动与经济伦理.md","仇穷与仇富","0951b372-fd84-5510-af40-470c06d5832d","https://www.zhihu.com/question/459890228/answer/1891365245","True","True","PASS"
"10_财富劳动与经济伦理.md","出力不出钱","12b3a66a-1dac-5dc5-acb1-70a340b1d086","https://www.zhihu.com/question/470614895/answer/5160619039","True","True","PASS"
"10_财富劳动与经济伦理.md","慈善","ca18e138-9e1b-564a-928b-eeb0fa966c58","https://www.zhihu.com/question/24064243/answer/533635981","True","True","PASS"
"10_财富劳动与经济伦理.md","低贱的事情","82389177-42f9-5e9b-bf5b-e50c1baa69f0","https://www.zhihu.com/question/356835825/answer/955654925","True","True","PASS"
"10_财富劳动与经济伦理.md","富天使","84ddbd0d-bd90-598a-97b2-5f07a00a8b43","https://www.zhihu.com/question/407550109/answer/3418820688","True","True","PASS"
"10_财富劳动与经济伦理.md","感谢","88f6cc45-e9e6-5f6e-be62-c55309d38e84","https://www.zhihu.com/question/21723111/answer/1857318376","True","True","PASS"
"10_财富劳动与经济伦理.md","沽名","573f8956-6421-5814-9fc2-2e3a7b44994c","https://www.zhihu.com/question/1987130967953994558","True","True","PASS"
"10_财富劳动与经济伦理.md","股东打工","24745618-afa7-5536-a211-6f4d8830ec53","https://www.zhihu.com/question/630838257/answer/3294602800","True","True","PASS"
"10_财富劳动与经济伦理.md","火星劝退者","adbedec8-cb9d-533a-b7c6-294be4d7c19c","https://www.zhihu.com/question/462817977/answer/111143242436","True","True","PASS"
"10_财富劳动与经济伦理.md","家里不富裕","c6d37a0c-4ca1-55e6-bbe6-23a0c078ddc8","https://www.zhihu.com/question/296333267/answer/551002721","True","True","PASS"
"10_财富劳动与经济伦理.md","家族","16c53ed9-9140-52ee-b289-d5a0c8eb6ffc","https://www.zhihu.com/question/311787622/answer/721084936","True","True","PASS"
"10_财富劳动与经济伦理.md","金毒","a7a6a790-b237-59c7-8e84-781d8bcb8715","https://www.zhihu.com/question/624647932/answer/3551416454","True","True","PASS"
"10_财富劳动与经济伦理.md","精神资本家","0a47c7bf-950d-5219-84b3-cdccbb62c910","https://www.zhihu.com/question/417907087/answer/1508359096","True","True","PASS"
"10_财富劳动与经济伦理.md","烂尾","d259c0c0-7071-5286-a949-17610195fbc1","https://www.zhihu.com/question/525658005/answer/2552207612","True","True","PASS"
"10_财富劳动与经济伦理.md","两害相权","5acee43d-6551-5368-a690-20067a2a73be","https://www.zhihu.com/question/417455424/answer/1438157258","True","True","PASS"
"10_财富劳动与经济伦理.md","录取线","bc0b8aa6-c51e-5c02-8b44-64f7c256154f","https://www.zhihu.com/question/599385566/answer/3036675225","True","True","PASS"
"10_财富劳动与经济伦理.md","面子","8be80072-b42a-569b-9b77-f4ca432b3fea","https://www.zhihu.com/question/648184251/answer/3435446030","True","True","PASS"
"10_财富劳动与经济伦理.md","面子币","dac0b7bb-3765-5cd2-bcbd-0271ceb6c58c","https://www.zhihu.com/question/637312596/answer/109569947835","True","True","PASS"
"10_财富劳动与经济伦理.md","朋友合伙","95d56649-1036-5b30-b30e-c5c1c7f93fb4","https://www.zhihu.com/question/24090827/answer/1756246516","True","True","PASS"
"10_财富劳动与经济伦理.md","贫穷的尽头","55e2ccc2-9f7c-51c1-89b4-c90ea1c68761","https://www.zhihu.com/question/1996867921008423944/answer/2035819989924565153","True","True","PASS"
"10_财富劳动与经济伦理.md","全球化与失业","1a0c33e3-e996-5f61-a55e-751991bbdfa0","https://www.zhihu.com/question/333947385/answer/1219847484","True","True","PASS"
"10_财富劳动与经济伦理.md","撒钱","01ed2146-0b15-5629-98f1-174a630ce792","https://www.zhihu.com/question/381589317/answer/1112686370","True","True","PASS"
"10_财富劳动与经济伦理.md","伤绳","171a8ff5-4f98-5575-849e-46da57be1d50","https://www.zhihu.com/question/1946636394383515889/answer/2032393124841006935","True","True","PASS"
"10_财富劳动与经济伦理.md","奢侈品","250b12b2-5530-527c-870c-a33dc4782e36","https://www.zhihu.com/question/22696422/answer/1635740528","True","True","PASS"
"10_财富劳动与经济伦理.md","生而贫穷","c2eca8a1-ce60-5fcd-991b-f75ab62565dd","https://www.zhihu.com/question/393805388/answer/2116638887","True","True","PASS"
"10_财富劳动与经济伦理.md","失业率高","02b905db-f897-5f58-89a0-8cf878a85d91","https://www.zhihu.com/question/533260345/answer/2538697233","True","True","PASS"
"10_财富劳动与经济伦理.md","十分残忍","19b784e5-fd00-52e6-a16f-749fd6ae76cf","https://afdian.com/p/6c7145a2c6be11efae155254001e7c00","True","True","PASS"
"10_财富劳动与经济伦理.md","实践中的正义","bcc2b54c-9a03-5934-a854-2f628cf53ede","https://www.zhihu.com/question/518517937/answer/2374713334","True","True","PASS"
"10_财富劳动与经济伦理.md","事业已定","def74b5e-ae38-5613-bbde-352fae8b0241","https://www.zhihu.com/question/60702908/answer/1910070046","True","True","PASS"
"10_财富劳动与经济伦理.md","收入管理共识","801d6c57-141e-5fbd-90b3-ac3843ef235a","https://www.zhihu.com/question/446421532/answer/1872341151","True","True","PASS"
"10_财富劳动与经济伦理.md","所谓国富民穷","237002b1-d9ee-59a8-9c0d-196f964ff961","https://www.zhihu.com/question/525777261/answer/3613984761","True","True","PASS"
"10_财富劳动与经济伦理.md","天使投资","0e512935-2113-5937-a16c-60ca8f8a08f9","https://www.zhihu.com/question/475928433/answer/2991902081","True","True","PASS"
"10_财富劳动与经济伦理.md","维权","4d062658-1929-52f2-9973-0ab98d5d74f4","https://www.zhihu.com/question/1956025335612158495/answer/1956056249411015064","True","True","PASS"
"10_财富劳动与经济伦理.md","稳定收入","f3104f64-9be9-5421-b721-f1dd30783dfd","https://afdian.com/p/2eeaa9c4520311efa15452540025c377","True","True","PASS"
"10_财富劳动与经济伦理.md","消费反腐","f25829ec-b7fe-55be-bef2-5c53dd2aaee3","https://www.zhihu.com/question/606930994/answer/3452449142","True","True","PASS"
"10_财富劳动与经济伦理.md","逍遥","e82e61e8-bb5c-5ddc-aa7a-e3ab0f3f3de9","https://afdian.com/p/23ff53fc8e7f11f0a9dd5254001e7c00","True","True","PASS"
"10_财富劳动与经济伦理.md","新奥义","fd648025-66b6-56b1-976b-7c06ea8d47a8","https://afdian.com/p/7321f15cf70211efbbcc52540025c377","True","True","PASS"
"10_财富劳动与经济伦理.md","循环买卖","6dfd5709-1c83-5346-a48a-b83753ddf7d8","https://www.zhihu.com/question/401778961/answer/1424763674","True","True","PASS"
"10_财富劳动与经济伦理.md","一意孤行的慈善","6a1c9f04-6343-5879-8ee2-fb53ad960c06","https://www.zhihu.com/question/663738997/answer/3590106183","True","True","PASS"
"10_财富劳动与经济伦理.md","约伯","0d2e3bdf-c978-59ad-b127-abde090ff2c0","https://www.zhihu.com/question/20365357/answer/623230181","True","True","PASS"
"10_财富劳动与经济伦理.md","政策干预劳动定价","ee36d234-5f48-5021-98d7-d9be1bb38949","https://www.zhihu.com/question/461831891/answer/1990616772","True","True","PASS"
"10_财富劳动与经济伦理.md","政策观察","5d1f3c9c-7df6-520f-99ce-2e2aa575f34f","https://www.zhihu.com/question/668221258/answer/3851659315","True","True","PASS"
"10_财富劳动与经济伦理.md","职业规划","be6d869d-9c60-5b87-85ff-30c3772ce48f","https://www.zhihu.com/question/25583089/answer/899020828","True","True","PASS"
"10_财富劳动与经济伦理.md","资本家2","ad556f54-6be5-5da3-ae98-0591d1ff359a","https://www.zhihu.com/question/465354913/answer/2023654379","True","True","PASS"
"10_财富劳动与经济伦理.md","最佳事业","d95e078a-f0f3-5aef-8be2-f3dbb6150c1c","https://afdian.com/p/f5a66a52269e11ef93f25254001e7c00","True","True","PASS"
"11_宗教自然法与世俗论证.md","斑点狗","cd6a03a2-7490-55c7-9848-cabeca788913","https://www.zhihu.com/question/21446833/answer/545409161","True","True","PASS"
"11_宗教自然法与世俗论证.md","不原谅的诅咒","ad5c38aa-1757-5bd7-96ba-e5eeb39e48a1","https://www.zhihu.com/question/464277122/answer/1938435242","True","True","PASS"
"11_宗教自然法与世俗论证.md","不知天地","5d7f3b17-5f21-5218-b936-4623e949c029","https://www.zhihu.com/question/655140780/answer/3489520842","True","True","PASS"
"11_宗教自然法与世俗论证.md","财富观","2133f3d8-4ccb-5c0f-9c09-1539ab21c794","https://www.zhihu.com/question/314627020/answer/1193533378","True","True","PASS"
"11_宗教自然法与世俗论证.md","忏悔免罪","e75631b3-2d52-5e59-b1d5-c9853a34d04e","https://www.zhihu.com/question/457793223/answer/1870401961","True","True","PASS"
"11_宗教自然法与世俗论证.md","地狱这东西","464b34c9-ffd6-5429-ad0b-5b742bc0a0b0","https://www.zhihu.com/question/59357318/answer/535227972","True","True","PASS"
"11_宗教自然法与世俗论证.md","犯罪告解","5e29cbcb-88b5-5462-8ae9-614210b86d5b","https://www.zhihu.com/question/22138105/answer/2583133184","True","True","PASS"
"11_宗教自然法与世俗论证.md","废没废","3d075c9c-05f2-59ea-a35a-6f59dd033d4a","https://www.zhihu.com/question/360327798/answer/950494273","True","True","PASS"
"11_宗教自然法与世俗论证.md","该与不该","62b47ce9-2a74-596c-89dd-3eea01da2eb5","https://www.zhihu.com/question/569816053/answer/2806187887","True","True","PASS"
"11_宗教自然法与世俗论证.md","攻克死亡","6e00a9d7-d4d4-5578-9443-cf54d8b34d1f","https://www.zhihu.com/question/286304501/answer/448634740","True","True","PASS"
"11_宗教自然法与世俗论证.md","宽恕秘诀","8a0542d0-6d0c-5fd9-8caa-3cc34a1773fc","https://www.zhihu.com/question/20838203/answer/1422916090","True","True","PASS"
"11_宗教自然法与世俗论证.md","两条道路","1b6aeab8-8957-5485-9ee0-515b217bf7a4","https://www.zhihu.com/question/582102554/answer/2877338485","True","True","PASS"
"11_宗教自然法与世俗论证.md","两罪并罚","68932127-ef69-52eb-952b-ff57983ae108","https://www.zhihu.com/question/545467758/answer/2597981018","True","True","PASS"
"11_宗教自然法与世俗论证.md","临终关怀","ea7dd942-d9c3-5ff8-8c2e-0cd8767e5d54","https://www.zhihu.com/question/452075166/answer/3522636629","True","True","PASS"
"11_宗教自然法与世俗论证.md","祈祷与祝福","e1c592d3-dec0-5afe-9497-b5279124745c","https://www.zhihu.com/question/23975825/answer/1830683333","True","True","PASS"
"11_宗教自然法与世俗论证.md","人间失格","86644dee-d70d-54e8-bac5-cddb4ed8116d","https://www.zhihu.com/question/446093570/answer/2229225380","True","True","PASS"
"11_宗教自然法与世俗论证.md","人救人","dabd4834-d47b-503e-8e37-851df938d742","https://www.zhihu.com/question/359000920/answer/920038887","True","True","PASS"
"11_宗教自然法与世俗论证.md","深入信仰","debf7c48-0865-5f94-ae34-05be347b73f6","https://afdian.com/p/81395f2c785f11efb3045254001e7c00","True","True","PASS"
"11_宗教自然法与世俗论证.md","神性","fea6405e-4cb6-5632-b6d3-7ed8944d7459","https://www.zhihu.com/question/20688186/answer/3204556512","True","True","PASS"
"11_宗教自然法与世俗论证.md","生养众多，遍满地面","aede86bf-086d-54f4-9602-774aef4dc5c0","https://www.zhihu.com/question/290069805/answer/2102565077","True","True","PASS"
"11_宗教自然法与世俗论证.md","十足真金","01245eac-78ed-504e-9a87-8f594815562e","https://www.zhihu.com/question/546106233/answer/2626470804","True","True","PASS"
"11_宗教自然法与世俗论证.md","事无定数","bcb01d59-56a8-5a74-beec-cf4d20731b80","https://www.zhihu.com/question/512892991/answer/2637070590","True","True","PASS"
"11_宗教自然法与世俗论证.md","死亡","f975f3fe-005b-53dd-8f44-2741aefcda9b","https://www.zhihu.com/question/19795293/answer/1323213160","True","True","PASS"
"11_宗教自然法与世俗论证.md","天人合一","12147b8f-6db7-5e4f-a7b0-475de51cbb65","https://afdian.com/p/5d10118e4cfa11f08fd652540025c377","True","True","PASS"
"11_宗教自然法与世俗论证.md","天生坏人","d51119cb-892f-50e2-8332-f35140863f60","https://www.zhihu.com/question/292220367/answer/479533549","True","True","PASS"
"11_宗教自然法与世俗论证.md","天意不可违","8354802b-0a97-593b-b770-92c95305019b","https://www.zhihu.com/question/622129601/answer/3468514486","True","True","PASS"
"11_宗教自然法与世俗论证.md","天意可鉴","b89b9006-8d07-5708-a4df-7cae97fcc8f7","https://afdian.com/p/a964a87a366511f086bc52540025c377","True","True","PASS"
"11_宗教自然法与世俗论证.md","通向和好的路","3dcb6e5c-21b0-5609-b02a-4acb373cadd6","https://www.zhihu.com/question/638856803/answer/3429763751","True","True","PASS"
"11_宗教自然法与世俗论证.md","无常之祭","571e42e2-865f-5a6e-af1d-cc2e64bdf7e4","https://www.zhihu.com/question/604447833/answer/3056636079","True","True","PASS"
"11_宗教自然法与世俗论证.md","无条件的爱","c2f0a020-a69e-529c-9688-02dc9ff01663","https://www.zhihu.com/question/298841399/answer/516263613","True","True","PASS"
"11_宗教自然法与世俗论证.md","无知的责任","550b55cc-125d-5989-b69b-1d76045f01e6","https://www.zhihu.com/question/485263076/answer/2109427875","True","True","PASS"
"11_宗教自然法与世俗论证.md","信仰是什么","35a66bd4-874d-57c9-89f8-16e0c4a0ee43","https://www.zhihu.com/question/20664401/answer/655941584","True","True","PASS"
"11_宗教自然法与世俗论证.md","信仰自由","8388b3e4-3b7b-55d7-912b-7a4b06d7aeb5","https://www.zhihu.com/question/24370630/answer/1835789361","True","True","PASS"
"11_宗教自然法与世俗论证.md","修行成就者","f108f52d-24fd-58dd-920a-14cbdb3488b4","https://www.zhihu.com/question/26437158/answer/601367411","True","True","PASS"
"11_宗教自然法与世俗论证.md","修行实践","a6cedaa3-5172-59a8-b995-ba479b01c8f2","https://www.zhihu.com/question/382191130/answer/2861182866","True","True","PASS"
"11_宗教自然法与世俗论证.md","演员的自我修养","e07ef7cd-dbd2-571f-b8d0-39b3970e5f9a","https://www.zhihu.com/question/401784281/answer/2986287024","True","True","PASS"
"11_宗教自然法与世俗论证.md","亦真亦假","6599f61e-24ee-525c-864f-9dea398c3b81","https://www.zhihu.com/question/571565505/answer/2796995516","True","True","PASS"
"11_宗教自然法与世俗论证.md","因果报应","21424ddc-deec-5454-834c-c1fa2d9551d1","https://www.zhihu.com/question/20969503/answer/546896914","True","True","PASS"
"11_宗教自然法与世俗论证.md","优越感","62737881-4460-566e-878f-f69de643f501","https://www.zhihu.com/question/273597946/answer/1758974454","True","True","PASS"
"11_宗教自然法与世俗论证.md","有罪推定","13bd51cf-60f2-54ed-bdee-2e1a9cdf32dc","https://www.zhihu.com/question/541669298/answer/2943290994","True","True","PASS"
"11_宗教自然法与世俗论证.md","原谅","42e026e0-f291-5bdd-aba7-6a0f886131c9","https://www.zhihu.com/question/412000560/answer/1699737693","True","True","PASS"
"11_宗教自然法与世俗论证.md","原谅失效","dafa9f11-042c-50e8-af32-847ddb407636","https://www.zhihu.com/question/264009254/answer/3010223371","True","True","PASS"
"11_宗教自然法与世俗论证.md","约伯","0d2e3bdf-c978-59ad-b127-abde090ff2c0","https://www.zhihu.com/question/20365357/answer/623230181","True","True","PASS"
"11_宗教自然法与世俗论证.md","约伯记","","","True","False","PASS"
"11_宗教自然法与世俗论证.md","中国宗教的问题","718d6642-deb5-57da-815a-14d34523bab0","https://www.zhihu.com/question/23712714/answer/1893617858","True","True","PASS"
"11_宗教自然法与世俗论证.md","注定","18edc2ce-56f5-5c5b-83d9-fd0c195572db","https://www.zhihu.com/question/468059308/answer/1973580181","True","True","PASS"
"11_宗教自然法与世俗论证.md","自然法","4e7ea5d1-018f-5e57-839c-f91e3065007d","https://www.zhihu.com/question/304501224/answer/1780036431","True","True","PASS"
"11_宗教自然法与世俗论证.md","子女的要求","3c5adff1-6b20-5999-a366-0033a5945401","https://www.zhihu.com/question/355524343/answer/2454079129","True","True","PASS"
"11_宗教自然法与世俗论证.md","诅咒苦难","9f319eb9-7a47-5637-bfa1-8faf25e73203","https://afdian.com/p/102d809af96711ef980452540025c377","True","True","PASS"
"11_宗教自然法与世俗论证.md","作为信仰的科学","5fdad7e4-98d9-529e-9713-4365605c2e99","https://www.zhihu.com/question/305176409/answer/551275717","True","True","PASS"
"12_国家法律秩序与公民异议.md","不理想的判决","96d4ec6b-de8d-5360-b119-426b6d47b614","https://www.zhihu.com/question/661943653/answer/3570170797","True","True","PASS"
"12_国家法律秩序与公民异议.md","不置可否","6c5333d3-dc83-5655-88e7-cdab43a9969b","https://www.zhihu.com/question/528565862/answer/3217028046","True","True","PASS"
"12_国家法律秩序与公民异议.md","差不多得了","1f923412-431e-5084-8b7f-f1dc8f37b798","https://www.zhihu.com/question/475457666/answer/2049742155","True","True","PASS"
"12_国家法律秩序与公民异议.md","程序正义","f73515c5-ca18-5daa-830d-bb1486270dcc","https://www.zhihu.com/question/26077409/answer/1853071482","True","True","PASS"
"12_国家法律秩序与公民异议.md","持重","1173101e-4fd2-5868-8661-5698d1dcf38b","https://www.zhihu.com/question/57233338/answer/1883076221","True","True","PASS"
"12_国家法律秩序与公民异议.md","锄奸","9e4c5970-900d-5365-bc77-976df56cef35","https://www.zhihu.com/question/530013146/answer/2458202050","True","True","PASS"
"12_国家法律秩序与公民异议.md","法定叛国","7b58e331-f6d8-5def-bf9a-314f026dff8f","https://www.zhihu.com/question/444782032/answer/3083099726","True","True","PASS"
"12_国家法律秩序与公民异议.md","法庭大忌","ed26c0bb-1fd9-51f3-80c5-fd5da75f39e7","https://www.zhihu.com/question/482886667/answer/2091137682","True","True","PASS"
"12_国家法律秩序与公民异议.md","非法改装","1bbde9dd-b5d7-50d1-a07c-35915898a82b","https://www.zhihu.com/question/333558440/answer/2806850147","True","True","PASS"
"12_国家法律秩序与公民异议.md","分得清","83b5aef7-2025-5e0e-89df-5e329b53fc3c","https://www.zhihu.com/question/537197073/answer/2525354255","True","True","PASS"
"12_国家法律秩序与公民异议.md","服从","8859afe4-31fa-5b72-a79a-675c16950c82","https://www.zhihu.com/question/463206973/answer/1924612230","True","True","PASS"
"12_国家法律秩序与公民异议.md","民主专制","0b85308f-deac-5761-b763-896067c03ecf","https://www.zhihu.com/question/35615301/answer/987180766","True","True","PASS"
"12_国家法律秩序与公民异议.md","匿名","d4fe2872-b79f-5a6a-9345-01300a1b88f7","https://www.zhihu.com/question/490036611/answer/2149517054","True","True","PASS"
"12_国家法律秩序与公民异议.md","权利错觉","511b985c-7e5c-5932-85a9-78f1eef4a26a","https://www.zhihu.com/question/511447374/answer/2408290601","True","True","PASS"
"12_国家法律秩序与公民异议.md","条约保护","710c18a0-b0d8-55ce-a2f4-29a214b6b92a","https://www.zhihu.com/question/503464471/answer/2255501537","True","True","PASS"
"12_国家法律秩序与公民异议.md","言论自由","adcf4200-dc0e-5f62-8fd9-7825425b6f92","https://www.zhihu.com/question/299230997/answer/2462350589","True","True","PASS"
"12_国家法律秩序与公民异议.md","依法办事","21527c1c-d41a-54ca-8a1d-a0ee1fd6a93e","https://www.zhihu.com/question/596691759/answer/3025795084","True","True","PASS"
"12_国家法律秩序与公民异议.md","愚蠢的自由","974497b2-67d3-567f-a80a-136a5efb333c","https://www.zhihu.com/question/271907668/answer/1609668502","True","True","PASS"
"12_国家法律秩序与公民异议.md","袁崇焕","00f9eb3c-8604-5d96-8324-d25c8798d005","https://www.zhihu.com/question/447068216/answer/1776984755","True","True","PASS"
"12_国家法律秩序与公民异议.md","征信体系","c0f1ba80-af0b-52ca-96f7-0ccc89da8928","https://www.zhihu.com/question/341338492/answer/796914277","True","True","PASS"
"12_国家法律秩序与公民异议.md","政权合法性","5a178938-542c-5c4f-ac4b-687c2bca12c8","https://www.zhihu.com/question/44863870/answer/2164230338","True","True","PASS"
"12_国家法律秩序与公民异议.md","自动超人","c6cb640f-dad1-59b4-aa96-2af069eb392d","https://www.zhihu.com/question/536869830/answer/2634699185","True","True","PASS"
"12_国家法律秩序与公民异议.md","自由主义101","3f7ff4b9-1c72-5128-9f2b-6b082811e9d5","https://www.zhihu.com/question/45386811/answer/2858946983","True","True","PASS"
"13_技术文明产业路径与历史经验.md","5G","5a32a445-202b-593a-a880-21c3716cd9cc","https://www.zhihu.com/question/314766480/answer/708378659","True","True","PASS"
"13_技术文明产业路径与历史经验.md","安全假设","4dd1b33f-3e10-58ae-9a7b-d9e9f132d28c","https://www.zhihu.com/question/555941937/answer/2692756756","True","True","PASS"
"13_技术文明产业路径与历史经验.md","包装袋","193509b8-7624-56a7-bd6d-26a3edfd5efa","https://www.zhihu.com/question/592459442/answer/3068264770","True","True","PASS"
"13_技术文明产业路径与历史经验.md","程序员前景","c95a0865-42d5-537f-8663-0ff965b6638d","https://www.zhihu.com/question/389889237/answer/1340483247","True","True","PASS"
"13_技术文明产业路径与历史经验.md","创新问题","74e10cdb-8c7b-564c-808d-7d85801fa288","https://www.zhihu.com/question/304829257/answer/1948051198","True","True","PASS"
"13_技术文明产业路径与历史经验.md","创新问题 2","3106e3d3-ff8e-5ac3-8e76-7a60089a61cf","https://afdian.com/p/7455dc1c0c9911f0905352540025c377","True","True","PASS"
"13_技术文明产业路径与历史经验.md","低端产业","9d341350-b1f3-5e50-9c47-880da6248b84","https://www.zhihu.com/question/46701503/answer/1342777385","True","True","PASS"
"13_技术文明产业路径与历史经验.md","俄罗斯工业体系","7f981e12-db71-5ae4-8078-8a1aa272c630","https://www.zhihu.com/question/66247485/answer/2516763781","True","True","PASS"
"13_技术文明产业路径与历史经验.md","工程师","7d32dc18-d43f-5b31-b663-2cc96f87ef69","https://www.zhihu.com/question/327471497/answer/716941677","True","True","PASS"
"13_技术文明产业路径与历史经验.md","工业互联网","9bd79646-e19a-568d-9e4f-b3f2d84b0460","https://www.zhihu.com/question/328370648/answer/2124978834","True","True","PASS"
"13_技术文明产业路径与历史经验.md","汉字基准字体","da098d20-c643-5f18-a4ae-2fd637101811","https://www.zhihu.com/question/437348189/answer/1891816228","True","True","PASS"
"13_技术文明产业路径与历史经验.md","技术伦理","a9f6721f-762d-553d-ba24-b9980a0729ba","https://www.zhihu.com/question/405590356/answer/1325784636","True","True","PASS"
"13_技术文明产业路径与历史经验.md","技术中立","26958a21-d401-5a47-88cf-7f8f609080f8","https://www.zhihu.com/question/26094195/answer/1356559409","True","True","PASS"
"13_技术文明产业路径与历史经验.md","家族史记录","625d025d-e6e9-5a00-a47f-f8f8992eb39b","https://afdian.com/p/cbcdfa7c7be611ef93e652540025c377","True","True","PASS"
"13_技术文明产业路径与历史经验.md","具身智能","ccbd71ee-ab45-54d0-8ce9-27f184b19a0d","https://afdian.com/p/25640ae21fb911f0a88f52540025c377","True","True","PASS"
"13_技术文明产业路径与历史经验.md","可控核聚变","bd497e81-413b-5e4c-b1df-001d0efbd369","https://www.zhihu.com/question/267170674/answer/448696808","True","True","PASS"
"13_技术文明产业路径与历史经验.md","可信的ai服务","4d790f5c-c918-50b5-8ab4-b2d7816c34d2","https://www.zhihu.com/question/510142161/answer/2989954457","True","True","PASS"
"13_技术文明产业路径与历史经验.md","两害相权","5acee43d-6551-5368-a690-20067a2a73be","https://www.zhihu.com/question/417455424/answer/1438157258","True","True","PASS"
"13_技术文明产业路径与历史经验.md","轮子科技","68434efd-b4b2-5ce3-8a97-8864805ba63a","https://www.zhihu.com/question/22905344/answer/1562581750","True","True","PASS"
"13_技术文明产业路径与历史经验.md","落草为王","1aaa2ef5-6395-561f-b61e-8a69af24fc4a","https://www.zhihu.com/question/632699482/answer/3310345691","True","True","PASS"
"13_技术文明产业路径与历史经验.md","煤电核电绿电","88f8cd6c-cc37-5882-8a95-3b344367317b","https://www.zhihu.com/question/488367544/answer/2136458037","True","True","PASS"
"13_技术文明产业路径与历史经验.md","眠种","6587f538-6d67-5561-99dd-2eaf61719621","https://www.zhihu.com/question/427364036/answer/2038687768700772586","True","True","PASS"
"13_技术文明产业路径与历史经验.md","您有种乎","705d855e-942f-5d83-920d-3c1b89a7f1c7","https://www.zhihu.com/question/282034674/answer/2915244206","True","True","PASS"
"13_技术文明产业路径与历史经验.md","农村的未来","5fcaadb8-9bba-5d43-9f03-0c374dfc9729","https://www.zhihu.com/question/437882772/answer/2081194676","True","True","PASS"
"13_技术文明产业路径与历史经验.md","气候异常时代","a4a9a8da-4f77-57ee-b1b9-c34a55417aea","https://www.zhihu.com/question/474264183/answer/2018027733","True","True","PASS"
"13_技术文明产业路径与历史经验.md","全自动生产线","c09731c6-fc7d-5aaf-90a4-8be66fe3c22b","https://www.zhihu.com/question/435169703/answer/3375061292","True","True","PASS"
"13_技术文明产业路径与历史经验.md","缺乏创新","6250c0e6-8b44-5423-8af0-8bf6cfe3257d","https://www.zhihu.com/question/27534237/answer/1942322597","True","True","PASS"
"13_技术文明产业路径与历史经验.md","人才流失","049ac2a7-fd8b-5c5c-b78c-1133cbd4c75e","https://www.zhihu.com/question/55078788/answer/2079862263","True","True","PASS"
"13_技术文明产业路径与历史经验.md","失业率高","02b905db-f897-5f58-89a0-8cf878a85d91","https://www.zhihu.com/question/533260345/answer/2538697233","True","True","PASS"
"13_技术文明产业路径与历史经验.md","史不绝书","3d0daabb-8f65-5e52-b6b0-03280864f723","https://www.zhihu.com/question/9945672304/answer/2042201727336714267","True","True","PASS"
"13_技术文明产业路径与历史经验.md","世界史","fdf47337-3241-5790-a0da-9c0cc451c6eb","https://www.zhihu.com/question/334543952/answer/817647334","True","True","PASS"
"13_技术文明产业路径与历史经验.md","算力问题","9fec08c6-0280-5037-9510-3875a62a291b","https://www.zhihu.com/question/591405556/answer/2954104553","True","True","PASS"
"13_技术文明产业路径与历史经验.md","贪官","54af5c2a-7be2-502e-b290-f3ba462d5b0e","https://afdian.com/p/3703bed6fbda11eeb15852540025c377","True","True","PASS"
"13_技术文明产业路径与历史经验.md","铁棒有何用","68b4accc-0281-5523-ba48-336a1ecf58ea","https://www.zhihu.com/question/51700891/answer/1896959008058876723","True","True","PASS"
"13_技术文明产业路径与历史经验.md","下一轮","2cafa14d-8a38-5489-8168-38b9702a1821","https://www.zhihu.com/question/429545834/answer/1567340776","True","True","PASS"
"13_技术文明产业路径与历史经验.md","下一站","556b6e3d-2ebe-52f1-a947-6487ec668ab5","https://www.zhihu.com/question/299741613/answer/518084024","True","True","PASS"
"13_技术文明产业路径与历史经验.md","芯片","f0e6b60b-5f91-5037-9796-480eeca991b2","https://www.zhihu.com/question/275316968/answer/497644862","True","True","PASS"
"13_技术文明产业路径与历史经验.md","芯片前景","20c4c37c-0d16-5c0a-bde1-7abb5e184946","https://www.zhihu.com/question/305898679/answer/563613133","True","True","PASS"
"13_技术文明产业路径与历史经验.md","新支柱产业","44eed4ed-9dce-5242-b20e-42f7bd5770a3","https://www.zhihu.com/question/639211301/answer/3376269534","True","True","PASS"
"13_技术文明产业路径与历史经验.md","续白诗","99a51c26-98ed-5aeb-a56a-c2be644d2779","https://www.zhihu.com/question/2052746256053690695/answer/2052884834809279570","True","True","PASS"
"13_技术文明产业路径与历史经验.md","一人之上","dd926b00-b9ae-5d70-9552-61f9b7a9203f","https://www.zhihu.com/question/2052702281674355836/answer/2056764332520759534","True","True","PASS"
"13_技术文明产业路径与历史经验.md","萤火虫","01c9e379-d5f0-5b4d-bd7b-e8bd75e2bdae","https://www.zhihu.com/question/9386186851/answer/129851278380","True","True","PASS"
"13_技术文明产业路径与历史经验.md","赵哈哈","2de34923-9512-534e-890b-d6a12739e092","https://www.zhihu.com/question/332920384/answer/2839448231","True","True","PASS"
"13_技术文明产业路径与历史经验.md","制造业","2993d264-21e0-5a60-83c3-a67eb9bb2413","https://www.zhihu.com/question/439014934/answer/1700446728","True","True","PASS"
"13_技术文明产业路径与历史经验.md","制造业空心化","b2630e91-67a2-5261-9305-bf4929f7a7e3","https://www.zhihu.com/question/394028190/answer/2049281809","True","True","PASS"
"13_技术文明产业路径与历史经验.md","智能失业","9ec2d145-4c5b-580b-a0d1-4e7a418b29ad","https://www.zhihu.com/question/316424064/answer/1738761505","True","True","PASS"
"13_技术文明产业路径与历史经验.md","AI 一","6511b53f-878c-5ae0-af8f-d2f04e78569c","https://www.zhihu.com/question/591002830/answer/2947430561","True","True","PASS"
"13_技术文明产业路径与历史经验.md","ai创新","767fc5c4-240d-52ad-b09a-a66fc7ffa4cb","https://www.zhihu.com/question/814165911/answer/11529564516","True","True","PASS"
"14_心理主体修复与情绪劳动.md","1.01","0f0731bf-bc8d-5761-9254-59e7df37687f","https://www.zhihu.com/question/2015803220446954932/answer/2016284341165126732","True","True","PASS"
"14_心理主体修复与情绪劳动.md","安全感","b4019eab-6291-5e07-ac4d-619557d5371e","https://www.zhihu.com/question/29141214/answer/1764795653","True","True","PASS"
"14_心理主体修复与情绪劳动.md","奥力给","71f84a57-bdc3-5c80-841b-5ebc50177701","https://afdian.com/p/a66f172cf30211f0afe652540025c377","True","True","PASS"
"14_心理主体修复与情绪劳动.md","表达情绪","d1e94702-6eb1-59d0-9e72-cd48c45a05fe","https://afdian.com/p/02265bf2a6c311f08dfe52540025c377","True","True","PASS"
"14_心理主体修复与情绪劳动.md","病患护理","26b86354-bfb5-5a38-8cc8-a93411421dd1","https://www.zhihu.com/question/434987991/answer/3719372980","True","True","PASS"
"14_心理主体修复与情绪劳动.md","不是肝炎","fe50ef29-904d-5e9a-a1d7-7ac57ac7584f","https://www.zhihu.com/question/23900793/answer/778043770","True","True","PASS"
"14_心理主体修复与情绪劳动.md","此间乐","849810ee-e603-5650-96ee-62f0f7bbe29e","https://afdian.com/p/01a77e0ce5c211f0bf8d52540025c377","True","True","PASS"
"14_心理主体修复与情绪劳动.md","错信","5cee0244-616f-5e86-af29-a2dde5a6a224","https://www.zhihu.com/question/1890079166306707359/answer/2028078343656936589","True","True","PASS"
"14_心理主体修复与情绪劳动.md","多余的不开心","f3ef4904-dcb3-5d06-835a-f0177ff33fa4","https://www.zhihu.com/question/1985827652146313174/answer/2034427667462754704","True","True","PASS"
"14_心理主体修复与情绪劳动.md","二手毒","31f23cbb-8816-54dd-986d-9c92bf960612","https://www.zhihu.com/question/1994030534972629927/answer/1994463647133611536","True","True","PASS"
"14_心理主体修复与情绪劳动.md","反刍痛苦","187c3d69-0285-556e-a304-def1545e6292","https://www.zhihu.com/question/304564566/answer/2041446980","True","True","PASS"
"14_心理主体修复与情绪劳动.md","烽火戏诸侯","5824e705-914b-5bbe-9bca-d40ce55daf3b","https://www.zhihu.com/question/1970905932004331534/answer/2020225640826151708","True","True","PASS"
"14_心理主体修复与情绪劳动.md","敢于恢复","10e49e45-b4bd-59e6-919e-b523a8376c7b","https://www.zhihu.com/question/31752080/answer/120411022120","True","True","PASS"
"14_心理主体修复与情绪劳动.md","耿耿","5cd59b91-9cb1-5d04-9164-d493cef7c0ac","https://www.zhihu.com/question/624696710/answer/3287126997","True","True","PASS"
"14_心理主体修复与情绪劳动.md","孤独的孔明","024e5ea2-11c0-5644-9017-35f7f9db6f5d","https://www.zhihu.com/question/641588078/answer/2013524987974263397","True","True","PASS"
"14_心理主体修复与情绪劳动.md","关于应对子女抑郁的一种系统方法","7c19a976-087f-5167-9d0e-23c1b80f67ad","https://www.zhihu.com/question/650979214/answer/3512066754","True","True","PASS"
"14_心理主体修复与情绪劳动.md","火力稳定","7453735e-f564-586f-aad6-451e2e9d09a5","https://www.zhihu.com/question/1906508858186244794/answer/2021350638571779344","True","True","PASS"
"14_心理主体修复与情绪劳动.md","击破心理防线","8fc84f4e-9e6d-518e-ade4-eded801247a8","https://www.zhihu.com/question/50433958/answer/2543630552","True","True","PASS"
"14_心理主体修复与情绪劳动.md","开朗的抑郁","96003b50-e514-5b9e-a1c7-56277ba2ba1b","https://www.zhihu.com/question/610557808/answer/3106293668","True","True","PASS"
"14_心理主体修复与情绪劳动.md","快乐的信心","118b1ce8-3d30-51f5-82eb-af8a008d0c04","https://www.ifdian.net/p/ba5af6c2732511f1b71f5254001e7c00","True","True","PASS"
"14_心理主体修复与情绪劳动.md","疗愈艺术","f62a367a-978f-5c01-8471-170daaa2eea8","https://www.zhihu.com/question/458078011/answer/1904038706","True","True","PASS"
"14_心理主体修复与情绪劳动.md","论情绪价值","5e309b60-93d9-5661-bf0e-dc1ff03f3478","https://www.zhihu.com/question/1938916490674960180/answer/2016129066776948759","True","True","PASS"
"14_心理主体修复与情绪劳动.md","宁不畏死","8a49d412-0d16-53de-8b16-89f95e650b50","https://www.zhihu.com/question/290777932/answer/472110636","True","True","PASS"
"14_心理主体修复与情绪劳动.md","批评","11ad7ad3-87eb-5681-93e2-de3e21cbd8a2","https://www.zhihu.com/question/22987136/answer/1434894604","True","True","PASS"
"14_心理主体修复与情绪劳动.md","情绪的边界","b5e5a89e-ed07-5580-9414-b882995c136b","https://afdian.com/p/7feec654f2ab11efb20052540025c377","True","True","PASS"
"14_心理主体修复与情绪劳动.md","情绪的价值","1e9285f3-0e63-5075-b4ea-8671d426a4eb","https://www.zhihu.com/question/23105958/answer/2543721659","True","True","PASS"
"14_心理主体修复与情绪劳动.md","情绪稳定","1f13b966-40a6-58ae-876b-4467351b96d4","https://www.zhihu.com/question/607297046/answer/3242014062","True","True","PASS"
"14_心理主体修复与情绪劳动.md","人所不能者","3f6a6867-71a7-57fa-9071-39d374b1621b","https://afdian.com/p/504cb1ae40bc11f0979552540025c377","True","True","PASS"
"14_心理主体修复与情绪劳动.md","师生一场","f651d0b4-e3a5-5b4f-8e86-1bc9b5e98a82","https://www.zhihu.com/question/634135058/answer/3326101761","True","True","PASS"
"14_心理主体修复与情绪劳动.md","十万八千想","812346f1-6ee7-535e-b8ea-831be66cbd37","https://www.zhihu.com/question/1928215184595452642/answer/2022085855980914278","True","True","PASS"
"14_心理主体修复与情绪劳动.md","适度焦虑","b8f88d55-2aa2-5e96-9a9d-4c486b4f4f42","https://www.zhihu.com/question/522753742/answer/2029837103773626665","True","True","PASS"
"14_心理主体修复与情绪劳动.md","松则久","ed1a358b-b31d-5945-b776-b8573ecaa0c4","https://www.zhihu.com/question/308348833/answer/2042325192739927037","True","True","PASS"
"14_心理主体修复与情绪劳动.md","逃避伤害","1da7d8ed-010d-57fa-bd76-15259ca65678","https://www.zhihu.com/question/287849222/answer/458128741","True","True","PASS"
"14_心理主体修复与情绪劳动.md","砼","101192ad-8c18-5d1a-abfe-c6d8e7727c38","https://www.zhihu.com/question/1953990821335507505/answer/2037138815870096722","True","True","PASS"
"14_心理主体修复与情绪劳动.md","痛苦根源","045db0cb-7ec9-5c10-a193-677097d0ab3d","https://www.zhihu.com/question/398299040/answer/1343016010","True","True","PASS"
"14_心理主体修复与情绪劳动.md","痛苦问题","870117c9-eba0-5790-bd48-12d86e67fc1c","https://www.zhihu.com/question/379797015/answer/2793932552","True","True","PASS"
"14_心理主体修复与情绪劳动.md","无要求抑郁","83915304-ba39-54a5-8c4c-2c42ec5176f6","https://afdian.com/p/27a4326eb38011efaa2452540025c377","True","True","PASS"
"14_心理主体修复与情绪劳动.md","小杯具","ee9340c9-a384-5bc1-b013-76e2647fe1c7","https://www.zhihu.com/question/1916514793411544795/answer/1998908538123219820","True","True","PASS"
"14_心理主体修复与情绪劳动.md","新解","fd0f2067-0667-5598-9752-6a38316b61d4","https://www.zhihu.com/question/8305118500/answer/2023029526775481649","True","True","PASS"
"14_心理主体修复与情绪劳动.md","永远忐忑","23d38351-f5ed-57a8-9bf4-767f414b2668","https://www.zhihu.com/question/448002553/answer/1777236786","True","True","PASS"
"14_心理主体修复与情绪劳动.md","战胜抑郁","7c1411c5-4487-5f94-9252-ba8067b5245f","https://www.zhihu.com/question/442116076/answer/1717514028","True","True","PASS"
"14_心理主体修复与情绪劳动.md","咨询师","1183c0b8-f614-5f91-8a0c-9e4eb6688208","https://www.zhihu.com/question/466758235/answer/1971690509","True","True","PASS"
"14_心理主体修复与情绪劳动.md","自卑","4eae907d-2995-55ad-8c9e-0b33069b615b","https://www.zhihu.com/question/20694013/answer/1846677969","True","True","PASS"
"14_心理主体修复与情绪劳动.md","自我怀疑","958169e5-e3b9-5a96-85d3-bd541b225541","https://www.zhihu.com/question/22608645/answer/776241381","True","True","PASS"
"14_心理主体修复与情绪劳动.md","自下而上","f487299b-2c7e-5999-bc7b-cff6dcb80074","https://afdian.com/p/6bcccf56bc4411efb99852540025c377","True","True","PASS"
"14_心理主体修复与情绪劳动.md","自信","bbe903b2-99ab-5425-a566-e7dfd1ae6c2d","https://www.zhihu.com/question/269905766/answer/510828072","True","True","PASS"
"14_心理主体修复与情绪劳动.md","自尊与虚荣","06b3e8ca-8ac1-55a3-8b5d-ccc88d41b814","https://afdian.com/p/f0aa80a03d7d11f084c152540025c377","True","True","PASS"
"14_心理主体修复与情绪劳动.md","自尊者自信","8efa0022-a2d3-52aa-ab8c-1cd53e03a076","https://www.zhihu.com/question/654966956/answer/2050848781999019426","True","True","PASS"
"14_心理主体修复与情绪劳动.md","自尊自信自负","b21801b6-2218-5ed0-a328-2c034ac861c6","https://afdian.com/p/a47a3c74b51011f0a69352540025c377","True","True","PASS"
"14_心理主体修复与情绪劳动.md","zs倾述","a230e30b-818f-593a-b623-b90b14d86be7","https://afdian.com/p/f4f5dcd0824911efb5f752540025c377","True","True","PASS"
"15_从公共论辩到生活伦理_历时演变研究.md","5G","5a32a445-202b-593a-a880-21c3716cd9cc","https://www.zhihu.com/question/314766480/answer/708378659","True","True","PASS"
"15_从公共论辩到生活伦理_历时演变研究.md","爱的底线","eaa1d952-119f-5ebd-88ec-3093430f7530","https://www.zhihu.com/question/536742851/answer/2521863879","True","True","PASS"
"15_从公共论辩到生活伦理_历时演变研究.md","摆脱贫穷","ecfc1be7-86b5-57d6-806d-7a8fcc374949","https://www.zhihu.com/question/444003245/answer/1744384489","True","True","PASS"
"15_从公共论辩到生活伦理_历时演变研究.md","财富观","2133f3d8-4ccb-5c0f-9c09-1539ab21c794","https://www.zhihu.com/question/314627020/answer/1193533378","True","True","PASS"
"15_从公共论辩到生活伦理_历时演变研究.md","赤手空拳","ca0b2dd4-e67a-5243-a150-98c3b33953c1","https://www.zhihu.com/question/2007650353663984734/answer/2057207322015949934","True","True","PASS"
"15_从公共论辩到生活伦理_历时演变研究.md","奠仪几何","9af3f757-ffb6-5c9e-b461-afdf9ccea949","https://www.ifdian.net/p/85097b3e7bd011f1978652540025c377","True","True","PASS"
"15_从公共论辩到生活伦理_历时演变研究.md","服从","8859afe4-31fa-5b72-a79a-675c16950c82","https://www.zhihu.com/question/463206973/answer/1924612230","True","True","PASS"
"15_从公共论辩到生活伦理_历时演变研究.md","两个钱包","05d3be97-1b30-5c13-8330-1c5bb3992838","https://afdian.com/p/b1a6164a4c7211f0bedc52540025c377","True","True","PASS"
"15_从公共论辩到生活伦理_历时演变研究.md","录取线","bc0b8aa6-c51e-5c02-8b44-64f7c256154f","https://www.zhihu.com/question/599385566/answer/3036675225","True","True","PASS"
"15_从公共论辩到生活伦理_历时演变研究.md","论批评 2","daa2da9d-9204-588a-88a3-a5d9006bf4d4","https://afdian.com/p/fd6093eae6d211efac665254001e7c00","True","True","PASS"
"15_从公共论辩到生活伦理_历时演变研究.md","批评","11ad7ad3-87eb-5681-93e2-de3e21cbd8a2","https://www.zhihu.com/question/22987136/answer/1434894604","True","True","PASS"
"15_从公共论辩到生活伦理_历时演变研究.md","平权","94815489-f471-5075-ac07-f496082d34db","https://www.zhihu.com/question/298105587/answer/509627202","True","True","PASS"
"15_从公共论辩到生活伦理_历时演变研究.md","凭爱分手","557cd798-03d7-57fd-a7a4-14f743e1ba13","https://www.zhihu.com/question/308996023/answer/1183361290","True","True","PASS"
"15_从公共论辩到生活伦理_历时演变研究.md","全球化与失业","1a0c33e3-e996-5f61-a55e-751991bbdfa0","https://www.zhihu.com/question/333947385/answer/1219847484","True","True","PASS"
"15_从公共论辩到生活伦理_历时演变研究.md","赛道","9a72db20-919b-5a27-839d-2a80125dc09b","https://www.zhihu.com/question/1980626690943242269/answer/1982078262525048744","True","True","PASS"
"15_从公共论辩到生活伦理_历时演变研究.md","三分一又三分一","15e6750c-c146-58ea-b925-3a495204a3ef","https://www.zhihu.com/question/458676234/answer/2057597134300614774","True","True","PASS"
"15_从公共论辩到生活伦理_历时演变研究.md","胜半子","afd418f9-36d1-5652-8f90-188680e6cfbf","https://www.zhihu.com/question/2042176040638707165/answer/2042645041164837579","True","True","PASS"
"15_从公共论辩到生活伦理_历时演变研究.md","学好语文","8a7bdf9f-2cce-5d55-9210-618cfb05adcb","https://www.zhihu.com/question/446716137/answer/1757919159","True","True","PASS"
"15_从公共论辩到生活伦理_历时演变研究.md","一寸欢喜","8db8f172-3520-5077-a078-2c9578ebaf39","https://www.zhihu.com/question/2039110884006604997/answer/2041179100837058049","True","True","PASS"
"15_从公共论辩到生活伦理_历时演变研究.md","约伯","0d2e3bdf-c978-59ad-b127-abde090ff2c0","https://www.zhihu.com/question/20365357/answer/623230181","True","True","PASS"
"15_从公共论辩到生活伦理_历时演变研究.md","资本家2","ad556f54-6be5-5da3-ae98-0591d1ff359a","https://www.zhihu.com/question/465354913/answer/2023654379","True","True","PASS"
"15_从公共论辩到生活伦理_历时演变研究.md","自然法","4e7ea5d1-018f-5e57-839c-f91e3065007d","https://www.zhihu.com/question/304501224/answer/1780036431","True","True","PASS"
"15_从公共论辩到生活伦理_历时演变研究.md","自信","bbe903b2-99ab-5425-a566-e7dfd1ae6c2d","https://www.zhihu.com/question/269905766/answer/510828072","True","True","PASS"
"15_从公共论辩到生活伦理_历时演变研究.md","组织能力","8dedae32-f1a6-56bb-a836-49d58f2d86d4","https://www.zhihu.com/question/451665490/answer/2535089067","True","True","PASS"
"16_性别身体性与同意.md","被说幼稚的男人","cffb9669-3743-55fd-bfa4-9e9cdd52e18a","https://www.zhihu.com/question/28125073/answer/2150880905","True","True","PASS"
"16_性别身体性与同意.md","表黑","d4c36dc4-888e-525b-865f-4a04294832ad","https://www.zhihu.com/question/655935410/answer/3502853319","True","True","PASS"
"16_性别身体性与同意.md","不避","2eccf9b6-83e0-564b-b9d0-85951231117e","https://www.zhihu.com/question/1897583027309220850/answer/1897977377532909501","True","True","PASS"
"16_性别身体性与同意.md","不想生","f61b4587-54ac-5fcd-8be0-fbb339fb134a","https://www.zhihu.com/question/439592297/answer/63744893747","True","True","PASS"
"16_性别身体性与同意.md","大男子主义","9a9cc8fa-1fed-5d17-9443-f15488b73654","https://www.zhihu.com/question/20301650/answer/2060877001","True","True","PASS"
"16_性别身体性与同意.md","大题大作","bc474d87-a778-54ee-914c-dcdf73138a6d","https://www.zhihu.com/question/2042401732332934208/answer/2043420633334298088","True","True","PASS"
"16_性别身体性与同意.md","戴珍珠耳环的少女","9f0095ba-c171-54a9-a304-e703d35460f9","https://www.zhihu.com/question/581692774/answer/9085271212","True","True","PASS"
"16_性别身体性与同意.md","当仁不让","be11fc4e-aa10-5562-b303-6cffcea4b6a9","https://www.ifdian.net/p/fdcb72726a7b11f1b12e52540025c377","True","True","PASS"
"16_性别身体性与同意.md","反骚扰","65406b21-33ad-5999-8941-4f672b5c5653","https://www.zhihu.com/question/625687555/answer/3247068566","True","True","PASS"
"16_性别身体性与同意.md","抚养费","3e952728-2d95-553b-a378-44c50203c977","https://www.zhihu.com/question/470202472/answer/1981030208","True","True","PASS"
"16_性别身体性与同意.md","高跟","26039300-f815-55a5-bd97-e5aa22635fba","https://www.zhihu.com/question/589084113/answer/2058906714028644292","True","True","PASS"
"16_性别身体性与同意.md","火","17108618-47db-56ee-93c1-b25db0d50aa1","https://www.zhihu.com/question/1956532522658796158/answer/2056909703544825204","True","True","PASS"
"16_性别身体性与同意.md","教育的及格线","01008cb7-e4fa-57cc-a8d5-552f257050a9","https://www.zhihu.com/question/22133548/answer/2030810307","True","True","PASS"
"16_性别身体性与同意.md","恐艾","a010dce6-e168-549f-a839-273b07366808","https://www.zhihu.com/question/267158713/answer/3277048226","True","True","PASS"
"16_性别身体性与同意.md","快乐的信心","118b1ce8-3d30-51f5-82eb-af8a008d0c04","https://www.ifdian.net/p/ba5af6c2732511f1b71f5254001e7c00","True","True","PASS"
"16_性别身体性与同意.md","妈妈岗","da6f5c1c-e01b-5f75-abb3-fbf29b15c36f","https://afdian.com/p/f687e8ce43bc11f0813b52540025c377","True","True","PASS"
"16_性别身体性与同意.md","免责在先","b1a3900f-899d-5834-9ce0-38e0a3a08ef6","https://www.zhihu.com/question/1914858029729429401/answer/1916504536400524202","True","True","PASS"
"16_性别身体性与同意.md","母乳喂养","e9255064-2bae-55f5-9528-6fc3b1f023f8","https://www.zhihu.com/question/542022046/answer/2943594941","True","True","PASS"
"16_性别身体性与同意.md","拿身体换","0c2ac588-068e-5031-9108-d72783cbb739","https://www.zhihu.com/question/437022832/answer/1771941368","True","True","PASS"
"16_性别身体性与同意.md","女权的历史趋势","8dcebf44-702d-5190-8271-2c14811b3a2f","https://afdian.com/p/1236882c59e511ef9e7b52540025c377","True","True","PASS"
"16_性别身体性与同意.md","女权挑战","61d69484-1bfa-5a22-ab5b-1730a239a214","https://www.zhihu.com/question/30566381/answer/1696851021","True","True","PASS"
"16_性别身体性与同意.md","女权与女权主义","1b8ad80d-e7bc-5ffe-88db-0060275b8121","https://www.zhihu.com/question/28538369/answer/1948015252","True","True","PASS"
"16_性别身体性与同意.md","女所以容者","1eb66c05-05c4-5d5e-aec1-a0818428f5c7","https://afdian.com/p/00f48ce207cf11f09a0952540025c377","True","True","PASS"
"16_性别身体性与同意.md","女性恐惧","c1f46289-2ba4-5195-96d4-189ee1c542c8","https://www.zhihu.com/question/46930544/answer/2112606469","True","True","PASS"
"16_性别身体性与同意.md","平权","94815489-f471-5075-ac07-f496082d34db","https://www.zhihu.com/question/298105587/answer/509627202","True","True","PASS"
"16_性别身体性与同意.md","器官的组合","935702aa-d286-50ce-bb0a-0f1be4687b88","https://www.zhihu.com/question/657854715/answer/3549355829","True","True","PASS"
"16_性别身体性与同意.md","全职太太","e6b593e6-a6bd-52fe-9288-9aae7b316726","https://www.zhihu.com/question/427755526/answer/1551500126","True","True","PASS"
"16_性别身体性与同意.md","全职主妇","927ba21c-4a62-5601-8434-bf3d8290b3f2","https://www.zhihu.com/question/435985082/answer/1648363869","True","True","PASS"
"16_性别身体性与同意.md","色之为性也","2f4296c0-b9be-5bde-93fe-28743198c351","https://www.zhihu.com/question/629092355/answer/2028432984659772089","True","True","PASS"
"16_性别身体性与同意.md","色字头上一把刀","5ca35e55-fe25-519d-ac61-49046c6f7be5","https://www.zhihu.com/question/626316490/answer/1958981361466582502","True","True","PASS"
"16_性别身体性与同意.md","谁危险","de2b9bba-b9e5-5d19-9892-3bc86b6ff7e7","https://www.zhihu.com/question/275356115/answer/2180722672","True","True","PASS"
"16_性别身体性与同意.md","生养众多，遍满地面","aede86bf-086d-54f4-9602-774aef4dc5c0","https://www.zhihu.com/question/290069805/answer/2102565077","True","True","PASS"
"16_性别身体性与同意.md","生育理由","ef094234-dbe5-5865-9bf5-1526a70d174e","https://www.zhihu.com/question/349923819/answer/1357923844","True","True","PASS"
"16_性别身体性与同意.md","生育抑郁","fedadbd7-2954-5679-ba74-564b76c57363","https://afdian.com/p/449764a0401b11efaf5652540025c377","True","True","PASS"
"16_性别身体性与同意.md","时尚品味","2a9e96de-e384-52ab-ac6a-af729d35f78c","https://www.zhihu.com/question/27508362/answer/1035463614","True","True","PASS"
"16_性别身体性与同意.md","守在门外的人","b4af6921-69d1-5962-ab5f-f7f86f20a794","https://www.zhihu.com/question/443301560/answer/2038363981069465039","True","True","PASS"
"16_性别身体性与同意.md","同性恋","964d3312-f52b-5cdf-a3cb-ee6085fb0dd0","https://www.zhihu.com/question/30929873/answer/643025681","True","True","PASS"
"16_性别身体性与同意.md","无关之爱","61ba1ab9-4f3d-54b2-8b54-a8ab10fb71aa","https://afdian.com/p/296b7008060411f1a30b52540025c377","True","True","PASS"
"16_性别身体性与同意.md","无知骚扰","202a2c65-da79-5c2a-82b4-afaf01d933af","https://www.zhihu.com/question/64331601/answer/2523268204","True","True","PASS"
"16_性别身体性与同意.md","物化","0d8a4deb-f301-52bb-aca5-971a9deb5ef8","https://www.zhihu.com/question/455400623/answer/1982376135","True","True","PASS"
"16_性别身体性与同意.md","贤妻良母","463b7393-59fa-5014-a19b-4f653e7366ad","https://afdian.com/p/53862a6a007111f1bef352540025c377","True","True","PASS"
"16_性别身体性与同意.md","小作业","0fb162a0-10e8-5c74-836e-77b05d58f59b","https://www.zhihu.com/question/669166275/answer/1982183005117232596","True","True","PASS"
"16_性别身体性与同意.md","性","f41e9566-f2d7-572c-9823-4c384370fd82","https://www.zhihu.com/question/284304157/answer/1863415524","True","True","PASS"
"16_性别身体性与同意.md","性感罪","f589a906-d973-5139-9bff-d1687915271e","https://www.zhihu.com/question/35317151/answer/866577431","True","True","PASS"
"16_性别身体性与同意.md","性教育的门槛","e8563f66-b7ed-518e-8bdf-9978734054e8","https://www.zhihu.com/question/660565409/answer/2001556811904480885","True","True","PASS"
"16_性别身体性与同意.md","性骚扰","8ac10e4e-bb0c-5822-bb8e-bfed9bd7fa41","https://www.zhihu.com/question/438295405/answer/1671537986","True","True","PASS"
"16_性别身体性与同意.md","性骚扰共识","cdf5fefa-e97b-5609-964c-0a73283ea91a","https://www.zhihu.com/question/599195837/answer/3014751915","True","True","PASS"
"16_性别身体性与同意.md","性稀缺","0a84f926-060d-55d3-be49-4ce20b266410","https://afdian.com/p/6f3e3884b29611f0bac852540025c377","True","True","PASS"
"16_性别身体性与同意.md","性压抑","92b59c60-0b86-5629-8fe2-bcaa6a9b6d6c","https://www.zhihu.com/question/276719137/answer/3053432761","True","True","PASS"
"16_性别身体性与同意.md","野人","0b902ea5-34a9-52f6-b966-0d946631f92b","https://ifdian.net/p/5e2470482ad911f1bdfd5254001e7c00","True","True","PASS"
"16_性别身体性与同意.md","再三之后","239864fc-672d-5425-831f-58a85b942faa","https://www.zhihu.com/question/1912584982687360284/answer/2051074791961105921","True","True","PASS"
"16_性别身体性与同意.md","自然状态下的雌性权利","682f519d-c178-5ca4-a1a9-3da75ba2f1dc","https://www.zhihu.com/question/291171524/answer/474019809","True","True","PASS"
"16_性别身体性与同意.md","尊者","03c701aa-9760-5272-9215-6de6a61ce6f9","https://www.ifdian.net/p/c367153e797411f1812d52540025c377","True","True","PASS"
"16_性别身体性与同意.md","Gaze","da02a7b3-c03a-5d18-81ee-7c7fd64649e4","https://www.zhihu.com/question/641081823/answer/3428251809","True","True","PASS"
"17_全量概念网络与命题分布.md","爱与自由","b9c59bd0-1023-5f4a-9acd-246a06d9c516","https://www.zhihu.com/question/458175015/answer/1872919909","True","True","PASS"
"17_全量概念网络与命题分布.md","分手条件","31535c1b-c337-5829-859b-895fe61bff0d","https://www.zhihu.com/question/23693381/answer/2859180452","True","True","PASS"
"17_全量概念网络与命题分布.md","工程师路线","b3332d8f-753e-517f-a8cf-ddbf5b520b9c","https://www.zhihu.com/question/370078227/answer/2542170948","True","True","PASS"
"17_全量概念网络与命题分布.md","军事同盟","9504036d-d94f-5ae7-8066-a181cdb6d93e","https://www.zhihu.com/question/23982873/answer/2510649091","True","True","PASS"
"17_全量概念网络与命题分布.md","离沪潮","6480bb5e-b827-56ee-8fc9-df1e2f42acb7","https://www.zhihu.com/question/533173561/answer/2493713243","True","True","PASS"
"17_全量概念网络与命题分布.md","马赛大曲","6eee0d7e-798d-5982-8ce7-0d0d9743f0e9","https://www.zhihu.com/question/30556883/answer/2861846080","True","True","PASS"
"17_全量概念网络与命题分布.md","杀死美国经济","170f9bfc-d18d-565b-86b6-0b8e5814ed6a","https://www.zhihu.com/question/431580652/answer/1591749389","True","True","PASS"
"17_全量概念网络与命题分布.md","遥远的救世主","b5aff6db-4390-583a-99a8-9fd60c395c18","https://www.zhihu.com/question/393488258/answer/2496922629","True","True","PASS"
"17_全量概念网络与命题分布.md","罂粟壳子","643af3ce-8ec5-5c03-ab8b-bdbec286ad11","https://www.zhihu.com/question/30607078/answer/2848510154","True","True","PASS"
"17_全量概念网络与命题分布.md","有恋无爱","87f504be-9ec1-513f-9ef2-35b5afb76690","https://www.zhihu.com/question/1991793475268673696/answer/2030323731600552037","True","True","PASS"
"17_全量概念网络与命题分布.md","愿意但不满意","780fc3e7-27a9-553c-9b25-9f545def2e45","https://www.zhihu.com/question/329600375/answer/2789368344","True","True","PASS"
"17_全量概念网络与命题分布.md","尊重的实践","bca69765-5230-5001-946f-1404f5fb2b11","https://www.zhihu.com/question/334826753/answer/1889999841","True","True","PASS"
"18_责任自由成本的跨域结构.md","不听老人言","61843e2f-9230-5dc2-adf6-bb7b3416d5f6","https://www.zhihu.com/question/1889581579178849918/answer/2033525184934715882","True","True","PASS"
"18_责任自由成本的跨域结构.md","赤手空拳","ca0b2dd4-e67a-5243-a150-98c3b33953c1","https://www.zhihu.com/question/2007650353663984734/answer/2057207322015949934","True","True","PASS"
"18_责任自由成本的跨域结构.md","锄奸","9e4c5970-900d-5365-bc77-976df56cef35","https://www.zhihu.com/question/530013146/answer/2458202050","True","True","PASS"
"18_责任自由成本的跨域结构.md","错信","5cee0244-616f-5e86-af29-a2dde5a6a224","https://www.zhihu.com/question/1890079166306707359/answer/2028078343656936589","True","True","PASS"
"18_责任自由成本的跨域结构.md","大题大作","bc474d87-a778-54ee-914c-dcdf73138a6d","https://www.zhihu.com/question/2042401732332934208/answer/2043420633334298088","True","True","PASS"
"18_责任自由成本的跨域结构.md","当仁不让","be11fc4e-aa10-5562-b303-6cffcea4b6a9","https://www.ifdian.net/p/fdcb72726a7b11f1b12e52540025c377","True","True","PASS"
"18_责任自由成本的跨域结构.md","服从","8859afe4-31fa-5b72-a79a-675c16950c82","https://www.zhihu.com/question/463206973/answer/1924612230","True","True","PASS"
"18_责任自由成本的跨域结构.md","工德无量","2dcc4d6a-58bf-5e68-9c51-319d51c0f11e","https://www.zhihu.com/question/6727174235/answer/2054345141004006552","True","True","PASS"
"18_责任自由成本的跨域结构.md","后半句","359095f1-02f7-5cfb-ac88-a2add28d06ca","https://www.ifdian.net/p/ed6f1e387afc11f1a7eb52540025c377","True","False","PASS"
"18_责任自由成本的跨域结构.md","快乐的信心","118b1ce8-3d30-51f5-82eb-af8a008d0c04","https://www.ifdian.net/p/ba5af6c2732511f1b71f5254001e7c00","True","True","PASS"
"18_责任自由成本的跨域结构.md","清静无为","446ed510-22ee-5cc9-ab46-f5ef8d851fa7","https://www.ifdian.net/p/d3333f6a757811f1bfb052540025c377","True","True","PASS"
"18_责任自由成本的跨域结构.md","人类进化","c2e2ed74-762d-565d-92f4-336b0de662bc","https://www.zhihu.com/question/282289192/answer/425412294","True","True","PASS"
"18_责任自由成本的跨域结构.md","三斗金","fa35c62a-72ac-5f83-806a-cbd66eaef0ab","https://www.zhihu.com/question/14174027046/answer/2055022964362459031","True","True","PASS"
"18_责任自由成本的跨域结构.md","伤绳","171a8ff5-4f98-5575-849e-46da57be1d50","https://www.zhihu.com/question/1946636394383515889/answer/2032393124841006935","True","True","PASS"
"18_责任自由成本的跨域结构.md","胜半子","afd418f9-36d1-5652-8f90-188680e6cfbf","https://www.zhihu.com/question/2042176040638707165/answer/2042645041164837579","True","True","PASS"
"18_责任自由成本的跨域结构.md","适度焦虑","b8f88d55-2aa2-5e96-9a9d-4c486b4f4f42","https://www.zhihu.com/question/522753742/answer/2029837103773626665","True","True","PASS"
"18_责任自由成本的跨域结构.md","无关之爱","61ba1ab9-4f3d-54b2-8b54-a8ab10fb71aa","https://afdian.com/p/296b7008060411f1a30b52540025c377","True","True","PASS"
"18_责任自由成本的跨域结构.md","新教育2","c910978e-95b9-5cd3-8906-003309df77fb","https://www.zhihu.com/question/2016759308327608461/answer/2018852665627529880","True","True","PASS"
"18_责任自由成本的跨域结构.md","一寸欢喜","8db8f172-3520-5077-a078-2c9578ebaf39","https://www.zhihu.com/question/2039110884006604997/answer/2041179100837058049","True","True","PASS"
"18_责任自由成本的跨域结构.md","一时悲苦","1bef9be8-af57-507f-9710-1842994d2a9a","https://afdian.com/p/ec8b8016e0ff11f0803152540025c377","True","True","PASS"
"18_责任自由成本的跨域结构.md","早知道","951e524d-6eab-50ae-8d22-f39398a118bc","https://afdian.com/p/170ae21486b011f0b4cc52540025c377","True","True","PASS"
"18_责任自由成本的跨域结构.md","征信体系","c0f1ba80-af0b-52ca-96f7-0ccc89da8928","https://www.zhihu.com/question/341338492/answer/796914277","True","True","PASS"
"18_责任自由成本的跨域结构.md","自弃","77880b8f-5e2b-5a20-979b-420df1f148ba","https://www.zhihu.com/question/441018760/answer/1695943415","True","True","PASS"
"18_责任自由成本的跨域结构.md","最强耐力","8c4f866e-8ef9-547c-af60-ada5792bb1f3","https://www.zhihu.com/question/278113699/answer/415173883","True","True","PASS"
"18_责任自由成本的跨域结构.md","尊者","03c701aa-9760-5272-9215-6de6a61ce6f9","https://www.ifdian.net/p/c367153e797411f1812d52540025c377","True","True","PASS"
"18_责任自由成本的跨域结构.md","做事第一","a15b7aeb-2adf-565c-a240-a4b54cc970ef","https://www.zhihu.com/question/2056412683122091670/answer/2058533399363637911","True","True","PASS"
"19_内部张力与条件差异.md","爱的核心","f6fe9e2d-ca06-5a84-82b6-b7fe1d331120","https://zhuanlan.zhihu.com/p/12881832004","True","True","PASS"
"19_内部张力与条件差异.md","表达情绪","d1e94702-6eb1-59d0-9e72-cd48c45a05fe","https://afdian.com/p/02265bf2a6c311f08dfe52540025c377","True","True","PASS"
"19_内部张力与条件差异.md","表黑","d4c36dc4-888e-525b-865f-4a04294832ad","https://www.zhihu.com/question/655935410/answer/3502853319","True","True","PASS"
"19_内部张力与条件差异.md","不听老人言","61843e2f-9230-5dc2-adf6-bb7b3416d5f6","https://www.zhihu.com/question/1889581579178849918/answer/2033525184934715882","True","True","PASS"
"19_内部张力与条件差异.md","赤手空拳","ca0b2dd4-e67a-5243-a150-98c3b33953c1","https://www.zhihu.com/question/2007650353663984734/answer/2057207322015949934","True","True","PASS"
"19_内部张力与条件差异.md","锄奸","9e4c5970-900d-5365-bc77-976df56cef35","https://www.zhihu.com/question/530013146/answer/2458202050","True","True","PASS"
"19_内部张力与条件差异.md","服从","8859afe4-31fa-5b72-a79a-675c16950c82","https://www.zhihu.com/question/463206973/answer/1924612230","True","True","PASS"
"19_内部张力与条件差异.md","工德无量","2dcc4d6a-58bf-5e68-9c51-319d51c0f11e","https://www.zhihu.com/question/6727174235/answer/2054345141004006552","True","True","PASS"
"19_内部张力与条件差异.md","快乐的信心","118b1ce8-3d30-51f5-82eb-af8a008d0c04","https://www.ifdian.net/p/ba5af6c2732511f1b71f5254001e7c00","True","True","PASS"
"19_内部张力与条件差异.md","清静无为","446ed510-22ee-5cc9-ab46-f5ef8d851fa7","https://www.ifdian.net/p/d3333f6a757811f1bfb052540025c377","True","True","PASS"
"19_内部张力与条件差异.md","情绪的边界","b5e5a89e-ed07-5580-9414-b882995c136b","https://afdian.com/p/7feec654f2ab11efb20052540025c377","True","True","PASS"
"19_内部张力与条件差异.md","人类进化","c2e2ed74-762d-565d-92f4-336b0de662bc","https://www.zhihu.com/question/282289192/answer/425412294","True","True","PASS"
"19_内部张力与条件差异.md","赛道","9a72db20-919b-5a27-839d-2a80125dc09b","https://www.zhihu.com/question/1980626690943242269/answer/1982078262525048744","True","True","PASS"
"19_内部张力与条件差异.md","三斗金","fa35c62a-72ac-5f83-806a-cbd66eaef0ab","https://www.zhihu.com/question/14174027046/answer/2055022964362459031","True","True","PASS"
"19_内部张力与条件差异.md","伤绳","171a8ff5-4f98-5575-849e-46da57be1d50","https://www.zhihu.com/question/1946636394383515889/answer/2032393124841006935","True","True","PASS"
"19_内部张力与条件差异.md","生育抑郁","fedadbd7-2954-5679-ba74-564b76c57363","https://afdian.com/p/449764a0401b11efaf5652540025c377","True","True","PASS"
"19_内部张力与条件差异.md","胜半子","afd418f9-36d1-5652-8f90-188680e6cfbf","https://www.zhihu.com/question/2042176040638707165/answer/2042645041164837579","True","True","PASS"
"19_内部张力与条件差异.md","适度焦虑","b8f88d55-2aa2-5e96-9a9d-4c486b4f4f42","https://www.zhihu.com/question/522753742/answer/2029837103773626665","True","True","PASS"
"19_内部张力与条件差异.md","守在门外的人","b4af6921-69d1-5962-ab5f-f7f86f20a794","https://www.zhihu.com/question/443301560/answer/2038363981069465039","True","True","PASS"
"19_内部张力与条件差异.md","松则久","ed1a358b-b31d-5945-b776-b8573ecaa0c4","https://www.zhihu.com/question/308348833/answer/2042325192739927037","True","True","PASS"
"19_内部张力与条件差异.md","条件不是附注：二十五组内部张力的扩展重建","","","True","False","PASS"
"19_内部张力与条件差异.md","无关之爱","61ba1ab9-4f3d-54b2-8b54-a8ab10fb71aa","https://afdian.com/p/296b7008060411f1a30b52540025c377","True","True","PASS"
"19_内部张力与条件差异.md","小小红花","8bc2c71a-1303-5254-a513-fdb710fb8876","https://www.ifdian.net/p/8a2ac9c67a4311f1887f5254001e7c00","True","True","PASS"
"19_内部张力与条件差异.md","小作业","0fb162a0-10e8-5c74-836e-77b05d58f59b","https://www.zhihu.com/question/669166275/answer/1982183005117232596","True","True","PASS"
"19_内部张力与条件差异.md","一寸欢喜","8db8f172-3520-5077-a078-2c9578ebaf39","https://www.zhihu.com/question/2039110884006604997/answer/2041179100837058049","True","True","PASS"
"19_内部张力与条件差异.md","一时悲苦","1bef9be8-af57-507f-9710-1842994d2a9a","https://afdian.com/p/ec8b8016e0ff11f0803152540025c377","True","True","PASS"
"19_内部张力与条件差异.md","征信体系","c0f1ba80-af0b-52ca-96f7-0ccc89da8928","https://www.zhihu.com/question/341338492/answer/796914277","True","True","PASS"
"19_内部张力与条件差异.md","只管赢","361ab29e-ae77-522b-9c3f-1daf2618bd25","https://www.zhihu.com/question/1921845110859105635/answer/2059407848682082591","True","True","PASS"
"19_内部张力与条件差异.md","最强耐力","8c4f866e-8ef9-547c-af60-ada5792bb1f3","https://www.zhihu.com/question/278113699/answer/415173883","True","True","PASS"
"19_内部张力与条件差异.md","做事第一","a15b7aeb-2adf-565c-a240-a4b54cc970ef","https://www.zhihu.com/question/2056412683122091670/answer/2058533399363637911","True","True","PASS"
"20_核心概念词典与语义结构.md","财富观","2133f3d8-4ccb-5c0f-9c09-1539ab21c794","https://www.zhihu.com/question/314627020/answer/1193533378","True","True","PASS"
"20_核心概念词典与语义结构.md","录取线","bc0b8aa6-c51e-5c02-8b44-64f7c256154f","https://www.zhihu.com/question/599385566/answer/3036675225","True","True","PASS"
"20_核心概念词典与语义结构.md","面子","8be80072-b42a-569b-9b77-f4ca432b3fea","https://www.zhihu.com/question/648184251/answer/3435446030","True","True","PASS"
"20_核心概念词典与语义结构.md","赛道","9a72db20-919b-5a27-839d-2a80125dc09b","https://www.zhihu.com/question/1980626690943242269/answer/1982078262525048744","True","True","PASS"
"20_核心概念词典与语义结构.md","一寸欢喜","8db8f172-3520-5077-a078-2c9578ebaf39","https://www.zhihu.com/question/2039110884006604997/answer/2041179100837058049","True","True","PASS"
"21_作者术语与行动语法.md","爱的核心","f6fe9e2d-ca06-5a84-82b6-b7fe1d331120","https://zhuanlan.zhihu.com/p/12881832004","True","True","PASS"
"21_作者术语与行动语法.md","爱以介意为耻","87a46d99-4c5e-509d-8c58-adf6dc2ed5fc","https://www.zhihu.com/question/468721157/answer/25597165075","True","True","PASS"
"21_作者术语与行动语法.md","财富观","2133f3d8-4ccb-5c0f-9c09-1539ab21c794","https://www.zhihu.com/question/314627020/answer/1193533378","True","True","PASS"
"21_作者术语与行动语法.md","赤手空拳","ca0b2dd4-e67a-5243-a150-98c3b33953c1","https://www.zhihu.com/question/2007650353663984734/answer/2057207322015949934","True","True","PASS"
"21_作者术语与行动语法.md","滴灌","2a88cc8a-0746-573a-9885-9fed9f447797","https://afdian.com/p/b48e7f62775e11efa55352540025c377","True","True","PASS"
"21_作者术语与行动语法.md","乐此不疲","2594339e-ab47-562d-bee7-c56fbb2ca325","https://afdian.com/p/6186cc9468c011f0b05752540025c377","True","True","PASS"
"21_作者术语与行动语法.md","两个钱包","05d3be97-1b30-5c13-8330-1c5bb3992838","https://afdian.com/p/b1a6164a4c7211f0bedc52540025c377","True","True","PASS"
"21_作者术语与行动语法.md","录取线","bc0b8aa6-c51e-5c02-8b44-64f7c256154f","https://www.zhihu.com/question/599385566/answer/3036675225","True","True","PASS"
"21_作者术语与行动语法.md","面子","8be80072-b42a-569b-9b77-f4ca432b3fea","https://www.zhihu.com/question/648184251/answer/3435446030","True","True","PASS"
"21_作者术语与行动语法.md","批评","11ad7ad3-87eb-5681-93e2-de3e21cbd8a2","https://www.zhihu.com/question/22987136/answer/1434894604","True","True","PASS"
"21_作者术语与行动语法.md","赛道","9a72db20-919b-5a27-839d-2a80125dc09b","https://www.zhihu.com/question/1980626690943242269/answer/1982078262525048744","True","True","PASS"
"21_作者术语与行动语法.md","伤绳","171a8ff5-4f98-5575-849e-46da57be1d50","https://www.zhihu.com/question/1946636394383515889/answer/2032393124841006935","True","True","PASS"
"21_作者术语与行动语法.md","狮子","c395b3a1-0c33-5146-8f30-e4c0c57787e0","https://www.zhihu.com/question/394637427/answer/1226993718","True","True","PASS"
"21_作者术语与行动语法.md","小小红花","8bc2c71a-1303-5254-a513-fdb710fb8876","https://www.ifdian.net/p/8a2ac9c67a4311f1887f5254001e7c00","True","True","PASS"
"21_作者术语与行动语法.md","笑财神","7d540016-6eac-5585-a83a-ecfa2bff4d4f","https://www.zhihu.com/question/524690504/answer/3037068817","True","True","PASS"
"21_作者术语与行动语法.md","一寸欢喜","8db8f172-3520-5077-a078-2c9578ebaf39","https://www.zhihu.com/question/2039110884006604997/answer/2041179100837058049","True","True","PASS"
"21_作者术语与行动语法.md","肘后千金","2b618a90-aaf8-5502-84f8-f1cf3405f0bf","https://www.zhihu.com/question/617196411/answer/3168071284","True","True","PASS"
"22_核心命题谱系与论证类型.md","爱的核心","f6fe9e2d-ca06-5a84-82b6-b7fe1d331120","https://zhuanlan.zhihu.com/p/12881832004","True","True","PASS"
"22_核心命题谱系与论证类型.md","悲观与乐观","6565e946-d35d-5651-9ba8-b4db73c846d4","https://www.zhihu.com/question/266034365/answer/557697304","True","True","PASS"
"22_核心命题谱系与论证类型.md","表达情绪","d1e94702-6eb1-59d0-9e72-cd48c45a05fe","https://afdian.com/p/02265bf2a6c311f08dfe52540025c377","True","True","PASS"
"22_核心命题谱系与论证类型.md","不听老人言","61843e2f-9230-5dc2-adf6-bb7b3416d5f6","https://www.zhihu.com/question/1889581579178849918/answer/2033525184934715882","True","True","PASS"
"22_核心命题谱系与论证类型.md","财富观","2133f3d8-4ccb-5c0f-9c09-1539ab21c794","https://www.zhihu.com/question/314627020/answer/1193533378","True","True","PASS"
"22_核心命题谱系与论证类型.md","赤手空拳","ca0b2dd4-e67a-5243-a150-98c3b33953c1","https://www.zhihu.com/question/2007650353663984734/answer/2057207322015949934","True","True","PASS"
"22_核心命题谱系与论证类型.md","奠仪几何","9af3f757-ffb6-5c9e-b461-afdf9ccea949","https://www.ifdian.net/p/85097b3e7bd011f1978652540025c377","True","True","PASS"
"22_核心命题谱系与论证类型.md","服从","8859afe4-31fa-5b72-a79a-675c16950c82","https://www.zhihu.com/question/463206973/answer/1924612230","True","True","PASS"
"22_核心命题谱系与论证类型.md","后半句","359095f1-02f7-5cfb-ac88-a2add28d06ca","https://www.ifdian.net/p/ed6f1e387afc11f1a7eb52540025c377","True","True","PASS"
"22_核心命题谱系与论证类型.md","开朗的抑郁","96003b50-e514-5b9e-a1c7-56277ba2ba1b","https://www.zhihu.com/question/610557808/answer/3106293668","True","True","PASS"
"22_核心命题谱系与论证类型.md","快乐的信心","118b1ce8-3d30-51f5-82eb-af8a008d0c04","https://www.ifdian.net/p/ba5af6c2732511f1b71f5254001e7c00","True","True","PASS"
"22_核心命题谱系与论证类型.md","乐此不疲","2594339e-ab47-562d-bee7-c56fbb2ca325","https://afdian.com/p/6186cc9468c011f0b05752540025c377","True","True","PASS"
"22_核心命题谱系与论证类型.md","两个钱包","05d3be97-1b30-5c13-8330-1c5bb3992838","https://afdian.com/p/b1a6164a4c7211f0bedc52540025c377","True","True","PASS"
"22_核心命题谱系与论证类型.md","录取线","bc0b8aa6-c51e-5c02-8b44-64f7c256154f","https://www.zhihu.com/question/599385566/answer/3036675225","True","True","PASS"
"22_核心命题谱系与论证类型.md","满分70","c9e76d20-ad76-500f-95eb-be07ade6e9f1","https://www.zhihu.com/question/1922715457334538271/answer/2057549134920520308","True","True","PASS"
"22_核心命题谱系与论证类型.md","眠种","6587f538-6d67-5561-99dd-2eaf61719621","https://www.zhihu.com/question/427364036/answer/2038687768700772586","True","True","PASS"
"22_核心命题谱系与论证类型.md","批评","11ad7ad3-87eb-5681-93e2-de3e21cbd8a2","https://www.zhihu.com/question/22987136/answer/1434894604","True","True","PASS"
"22_核心命题谱系与论证类型.md","清静无为","446ed510-22ee-5cc9-ab46-f5ef8d851fa7","https://www.ifdian.net/p/d3333f6a757811f1bfb052540025c377","True","True","PASS"
"22_核心命题谱系与论证类型.md","情绪的边界","b5e5a89e-ed07-5580-9414-b882995c136b","https://afdian.com/p/7feec654f2ab11efb20052540025c377","True","True","PASS"
"22_核心命题谱系与论证类型.md","赛道","9a72db20-919b-5a27-839d-2a80125dc09b","https://www.zhihu.com/question/1980626690943242269/answer/1982078262525048744","True","True","PASS"
"22_核心命题谱系与论证类型.md","三斗金","fa35c62a-72ac-5f83-806a-cbd66eaef0ab","https://www.zhihu.com/question/14174027046/answer/2055022964362459031","True","True","PASS"
"22_核心命题谱系与论证类型.md","三分一又三分一","15e6750c-c146-58ea-b925-3a495204a3ef","https://www.zhihu.com/question/458676234/answer/2057597134300614774","True","True","PASS"
"22_核心命题谱系与论证类型.md","伤绳","171a8ff5-4f98-5575-849e-46da57be1d50","https://www.zhihu.com/question/1946636394383515889/answer/2032393124841006935","True","True","PASS"
"22_核心命题谱系与论证类型.md","胜半子","afd418f9-36d1-5652-8f90-188680e6cfbf","https://www.zhihu.com/question/2042176040638707165/answer/2042645041164837579","True","True","PASS"
"22_核心命题谱系与论证类型.md","史不绝书","3d0daabb-8f65-5e52-b6b0-03280864f723","https://www.zhihu.com/question/9945672304/answer/2042201727336714267","True","True","PASS"
"22_核心命题谱系与论证类型.md","适度焦虑","b8f88d55-2aa2-5e96-9a9d-4c486b4f4f42","https://www.zhihu.com/question/522753742/answer/2029837103773626665","True","True","PASS"
"22_核心命题谱系与论证类型.md","松则久","ed1a358b-b31d-5945-b776-b8573ecaa0c4","https://www.zhihu.com/question/308348833/answer/2042325192739927037","True","True","PASS"
"22_核心命题谱系与论证类型.md","砼","101192ad-8c18-5d1a-abfe-c6d8e7727c38","https://www.zhihu.com/question/1953990821335507505/answer/2037138815870096722","True","True","PASS"
"22_核心命题谱系与论证类型.md","无关之爱","61ba1ab9-4f3d-54b2-8b54-a8ab10fb71aa","https://afdian.com/p/296b7008060411f1a30b52540025c377","True","True","PASS"
"22_核心命题谱系与论证类型.md","勿苛己","22b8e565-a37b-531a-896d-68604a4264bf","https://www.zhihu.com/question/5721531259/answer/2047417568667899837","True","True","PASS"
"22_核心命题谱系与论证类型.md","小小红花","8bc2c71a-1303-5254-a513-fdb710fb8876","https://www.ifdian.net/p/8a2ac9c67a4311f1887f5254001e7c00","True","True","PASS"
"22_核心命题谱系与论证类型.md","一寸欢喜","8db8f172-3520-5077-a078-2c9578ebaf39","https://www.zhihu.com/question/2039110884006604997/answer/2041179100837058049","True","True","PASS"
"22_核心命题谱系与论证类型.md","早知道","951e524d-6eab-50ae-8d22-f39398a118bc","https://afdian.com/p/170ae21486b011f0b4cc52540025c377","True","True","PASS"
"22_核心命题谱系与论证类型.md","战胜抑郁","7c1411c5-4487-5f94-9252-ba8067b5245f","https://www.zhihu.com/question/442116076/answer/1717514028","True","True","PASS"
"22_核心命题谱系与论证类型.md","征信体系","c0f1ba80-af0b-52ca-96f7-0ccc89da8928","https://www.zhihu.com/question/341338492/answer/796914277","True","True","PASS"
"22_核心命题谱系与论证类型.md","自我怀疑","958169e5-e3b9-5a96-85d3-bd541b225541","https://www.zhihu.com/question/22608645/answer/776241381","True","True","PASS"
"22_核心命题谱系与论证类型.md","自信","bbe903b2-99ab-5425-a566-e7dfd1ae6c2d","https://www.zhihu.com/question/269905766/answer/510828072","True","True","PASS"
"22_核心命题谱系与论证类型.md","自尊与虚荣","06b3e8ca-8ac1-55a3-8b5d-ccc88d41b814","https://afdian.com/p/f0aa80a03d7d11f084c152540025c377","True","True","PASS"
"22_核心命题谱系与论证类型.md","最强耐力","8c4f866e-8ef9-547c-af60-ada5792bb1f3","https://www.zhihu.com/question/278113699/answer/415173883","True","True","PASS"
"22_核心命题谱系与论证类型.md","尊者","03c701aa-9760-5272-9215-6de6a61ce6f9","https://www.ifdian.net/p/c367153e797411f1812d52540025c377","True","True","PASS"
"22_核心命题谱系与论证类型.md","做事第一","a15b7aeb-2adf-565c-a240-a4b54cc970ef","https://www.zhihu.com/question/2056412683122091670/answer/2058533399363637911","True","True","PASS"
"23_平台控制后的概念迁移与历时配对.md","5G","5a32a445-202b-593a-a880-21c3716cd9cc","https://www.zhihu.com/question/314766480/answer/708378659","True","True","PASS"
"23_平台控制后的概念迁移与历时配对.md","爱的底线","eaa1d952-119f-5ebd-88ec-3093430f7530","https://www.zhihu.com/question/536742851/answer/2521863879","True","True","PASS"
"23_平台控制后的概念迁移与历时配对.md","爱的核心","f6fe9e2d-ca06-5a84-82b6-b7fe1d331120","https://zhuanlan.zhihu.com/p/12881832004","True","True","PASS"
"23_平台控制后的概念迁移与历时配对.md","摆脱贫穷","ecfc1be7-86b5-57d6-806d-7a8fcc374949","https://www.zhihu.com/question/444003245/answer/1744384489","True","True","PASS"
"23_平台控制后的概念迁移与历时配对.md","财富观","2133f3d8-4ccb-5c0f-9c09-1539ab21c794","https://www.zhihu.com/question/314627020/answer/1193533378","True","True","PASS"
"23_平台控制后的概念迁移与历时配对.md","赤手空拳","ca0b2dd4-e67a-5243-a150-98c3b33953c1","https://www.zhihu.com/question/2007650353663984734/answer/2057207322015949934","True","True","PASS"
"23_平台控制后的概念迁移与历时配对.md","从公共论辩到生活伦理？岐伯文本2017—2026年的历时变化、平台迁移与命题分化","","","True","False","PASS"
"23_平台控制后的概念迁移与历时配对.md","滴灌","2a88cc8a-0746-573a-9885-9fed9f447797","https://afdian.com/p/b48e7f62775e11efa55352540025c377","True","True","PASS"
"23_平台控制后的概念迁移与历时配对.md","奠仪几何","9af3f757-ffb6-5c9e-b461-afdf9ccea949","https://www.ifdian.net/p/85097b3e7bd011f1978652540025c377","True","True","PASS"
"23_平台控制后的概念迁移与历时配对.md","服从","8859afe4-31fa-5b72-a79a-675c16950c82","https://www.zhihu.com/question/463206973/answer/1924612230","True","True","PASS"
"23_平台控制后的概念迁移与历时配对.md","乐此不疲","2594339e-ab47-562d-bee7-c56fbb2ca325","https://afdian.com/p/6186cc9468c011f0b05752540025c377","True","True","PASS"
"23_平台控制后的概念迁移与历时配对.md","两个钱包","05d3be97-1b30-5c13-8330-1c5bb3992838","https://afdian.com/p/b1a6164a4c7211f0bedc52540025c377","True","True","PASS"
"23_平台控制后的概念迁移与历时配对.md","录取线","bc0b8aa6-c51e-5c02-8b44-64f7c256154f","https://www.zhihu.com/question/599385566/answer/3036675225","True","True","PASS"
"23_平台控制后的概念迁移与历时配对.md","论批评 2","daa2da9d-9204-588a-88a3-a5d9006bf4d4","https://afdian.com/p/fd6093eae6d211efac665254001e7c00","True","True","PASS"
"23_平台控制后的概念迁移与历时配对.md","批评","11ad7ad3-87eb-5681-93e2-de3e21cbd8a2","https://www.zhihu.com/question/22987136/answer/1434894604","True","True","PASS"
"23_平台控制后的概念迁移与历时配对.md","平权","94815489-f471-5075-ac07-f496082d34db","https://www.zhihu.com/question/298105587/answer/509627202","True","True","PASS"
"23_平台控制后的概念迁移与历时配对.md","凭爱分手","557cd798-03d7-57fd-a7a4-14f743e1ba13","https://www.zhihu.com/question/308996023/answer/1183361290","True","True","PASS"
"23_平台控制后的概念迁移与历时配对.md","全球化与失业","1a0c33e3-e996-5f61-a55e-751991bbdfa0","https://www.zhihu.com/question/333947385/answer/1219847484","True","True","PASS"
"23_平台控制后的概念迁移与历时配对.md","赛道","9a72db20-919b-5a27-839d-2a80125dc09b","https://www.zhihu.com/question/1980626690943242269/answer/1982078262525048744","True","True","PASS"
"23_平台控制后的概念迁移与历时配对.md","三分一又三分一","15e6750c-c146-58ea-b925-3a495204a3ef","https://www.zhihu.com/question/458676234/answer/2057597134300614774","True","True","PASS"
"23_平台控制后的概念迁移与历时配对.md","商周奴隶制","f4ee69e7-9b6f-563b-a6b7-3abcef28fe36","https://www.zhihu.com/question/448019639/answer/1794292229","True","True","PASS"
"23_平台控制后的概念迁移与历时配对.md","胜半子","afd418f9-36d1-5652-8f90-188680e6cfbf","https://www.zhihu.com/question/2042176040638707165/answer/2042645041164837579","True","True","PASS"
"23_平台控制后的概念迁移与历时配对.md","小小红花","8bc2c71a-1303-5254-a513-fdb710fb8876","https://www.ifdian.net/p/8a2ac9c67a4311f1887f5254001e7c00","True","True","PASS"
"23_平台控制后的概念迁移与历时配对.md","学好语文","8a7bdf9f-2cce-5d55-9210-618cfb05adcb","https://www.zhihu.com/question/446716137/answer/1757919159","True","True","PASS"
"23_平台控制后的概念迁移与历时配对.md","一寸欢喜","8db8f172-3520-5077-a078-2c9578ebaf39","https://www.zhihu.com/question/2039110884006604997/answer/2041179100837058049","True","True","PASS"
"23_平台控制后的概念迁移与历时配对.md","约伯","0d2e3bdf-c978-59ad-b127-abde090ff2c0","https://www.zhihu.com/question/20365357/answer/623230181","True","True","PASS"
"23_平台控制后的概念迁移与历时配对.md","资本家2","ad556f54-6be5-5da3-ae98-0591d1ff359a","https://www.zhihu.com/question/465354913/answer/2023654379","True","True","PASS"
"23_平台控制后的概念迁移与历时配对.md","自然法","4e7ea5d1-018f-5e57-839c-f91e3065007d","https://www.zhihu.com/question/304501224/answer/1780036431","True","True","PASS"
"23_平台控制后的概念迁移与历时配对.md","自信","bbe903b2-99ab-5425-a566-e7dfd1ae6c2d","https://www.zhihu.com/question/269905766/answer/510828072","True","True","PASS"
"23_平台控制后的概念迁移与历时配对.md","组织能力","8dedae32-f1a6-56bb-a836-49d58f2d86d4","https://www.zhihu.com/question/451665490/answer/2535089067","True","True","PASS"
"24_扩展内部张力与条件矩阵.md","爱的智商税","eb584847-1191-530e-a769-3db59a6f6b09","https://afdian.com/p/2459bf96589c11efa69352540025c377","True","True","PASS"
"24_扩展内部张力与条件矩阵.md","悲观与乐观","6565e946-d35d-5651-9ba8-b4db73c846d4","https://www.zhihu.com/question/266034365/answer/557697304","True","True","PASS"
"24_扩展内部张力与条件矩阵.md","财富观","2133f3d8-4ccb-5c0f-9c09-1539ab21c794","https://www.zhihu.com/question/314627020/answer/1193533378","True","True","PASS"
"24_扩展内部张力与条件矩阵.md","滴灌","2a88cc8a-0746-573a-9885-9fed9f447797","https://afdian.com/p/b48e7f62775e11efa55352540025c377","True","True","PASS"
"24_扩展内部张力与条件矩阵.md","后半句","359095f1-02f7-5cfb-ac88-a2add28d06ca","https://www.ifdian.net/p/ed6f1e387afc11f1a7eb52540025c377","True","True","PASS"
"24_扩展内部张力与条件矩阵.md","乐此不疲","2594339e-ab47-562d-bee7-c56fbb2ca325","https://afdian.com/p/6186cc9468c011f0b05752540025c377","True","True","PASS"
"24_扩展内部张力与条件矩阵.md","录取线","bc0b8aa6-c51e-5c02-8b44-64f7c256154f","https://www.zhihu.com/question/599385566/answer/3036675225","True","True","PASS"
"24_扩展内部张力与条件矩阵.md","论批评 2","daa2da9d-9204-588a-88a3-a5d9006bf4d4","https://afdian.com/p/fd6093eae6d211efac665254001e7c00","True","True","PASS"
"24_扩展内部张力与条件矩阵.md","眠种","6587f538-6d67-5561-99dd-2eaf61719621","https://www.zhihu.com/question/427364036/answer/2038687768700772586","True","True","PASS"
"24_扩展内部张力与条件矩阵.md","面子","8be80072-b42a-569b-9b77-f4ca432b3fea","https://www.zhihu.com/question/648184251/answer/3435446030","True","True","PASS"
"24_扩展内部张力与条件矩阵.md","拿号去","4ad882da-422d-55ba-b1dd-c23ac17e54ea","https://www.zhihu.com/question/59599415/answer/2100916481","True","True","PASS"
"24_扩展内部张力与条件矩阵.md","内部张力与条件差异","","","True","False","PASS"
"24_扩展内部张力与条件矩阵.md","批评","11ad7ad3-87eb-5681-93e2-de3e21cbd8a2","https://www.zhihu.com/question/22987136/answer/1434894604","True","True","PASS"
"24_扩展内部张力与条件矩阵.md","平权","94815489-f471-5075-ac07-f496082d34db","https://www.zhihu.com/question/298105587/answer/509627202","True","True","PASS"
"24_扩展内部张力与条件矩阵.md","赛道","9a72db20-919b-5a27-839d-2a80125dc09b","https://www.zhihu.com/question/1980626690943242269/answer/1982078262525048744","True","True","PASS"
"24_扩展内部张力与条件矩阵.md","胜半子","afd418f9-36d1-5652-8f90-188680e6cfbf","https://www.zhihu.com/question/2042176040638707165/answer/2042645041164837579","True","True","PASS"
"24_扩展内部张力与条件矩阵.md","狮子","c395b3a1-0c33-5146-8f30-e4c0c57787e0","https://www.zhihu.com/question/394637427/answer/1226993718","True","True","PASS"
"24_扩展内部张力与条件矩阵.md","勿苛己","22b8e565-a37b-531a-896d-68604a4264bf","https://www.zhihu.com/question/5721531259/answer/2047417568667899837","True","True","PASS"
"24_扩展内部张力与条件矩阵.md","小小红花","8bc2c71a-1303-5254-a513-fdb710fb8876","https://www.ifdian.net/p/8a2ac9c67a4311f1887f5254001e7c00","True","True","PASS"
"24_扩展内部张力与条件矩阵.md","一寸欢喜","8db8f172-3520-5077-a078-2c9578ebaf39","https://www.zhihu.com/question/2039110884006604997/answer/2041179100837058049","True","True","PASS"
"24_扩展内部张力与条件矩阵.md","早知道","951e524d-6eab-50ae-8d22-f39398a118bc","https://afdian.com/p/170ae21486b011f0b4cc52540025c377","True","True","PASS"
"24_扩展内部张力与条件矩阵.md","征信体系","c0f1ba80-af0b-52ca-96f7-0ccc89da8928","https://www.zhihu.com/question/341338492/answer/796914277","True","True","PASS"
"24_扩展内部张力与条件矩阵.md","只管赢","361ab29e-ae77-522b-9c3f-1daf2618bd25","https://www.zhihu.com/question/1921845110859105635/answer/2059407848682082591","True","True","PASS"
"24_扩展内部张力与条件矩阵.md","自然法","4e7ea5d1-018f-5e57-839c-f91e3065007d","https://www.zhihu.com/question/304501224/answer/1780036431","True","True","PASS"
"24_扩展内部张力与条件矩阵.md","自我怀疑","958169e5-e3b9-5a96-85d3-bd541b225541","https://www.zhihu.com/question/22608645/answer/776241381","True","True","PASS"
"24_扩展内部张力与条件矩阵.md","自信","bbe903b2-99ab-5425-a566-e7dfd1ae6c2d","https://www.zhihu.com/question/269905766/answer/510828072","True","True","PASS"
"24_扩展内部张力与条件矩阵.md","自尊与虚荣","06b3e8ca-8ac1-55a3-8b5d-ccc88d41b814","https://afdian.com/p/f0aa80a03d7d11f084c152540025c377","True","True","PASS"
"24_扩展内部张力与条件矩阵.md","做事第一","a15b7aeb-2adf-565c-a240-a4b54cc970ef","https://www.zhihu.com/question/2056412683122091670/answer/2058533399363637911","True","True","PASS"
"25_医疗疾病与照料秩序.md","摆脱贫穷","ecfc1be7-86b5-57d6-806d-7a8fcc374949","https://www.zhihu.com/question/444003245/answer/1744384489","True","True","PASS"
"25_医疗疾病与照料秩序.md","病患护理","26b86354-bfb5-5a38-8cc8-a93411421dd1","https://www.zhihu.com/question/434987991/answer/3719372980","True","True","PASS"
"25_医疗疾病与照料秩序.md","不是肝炎","fe50ef29-904d-5e9a-a1d7-7ac57ac7584f","https://www.zhihu.com/question/23900793/answer/778043770","True","True","PASS"
"25_医疗疾病与照料秩序.md","不医","0d6f24af-df8c-5886-a9a9-f14b9fdca6e7","https://www.zhihu.com/question/612428523/answer/1961468208625214240","True","True","PASS"
"25_医疗疾病与照料秩序.md","出院","8aab801e-6e15-5492-873b-31e5a55825b0","https://www.zhihu.com/question/33035465/answer/3446854824","True","True","PASS"
"25_医疗疾病与照料秩序.md","地球梦","6da6bef4-5c7b-565a-a12d-1c24c83ace99","https://www.zhihu.com/question/646714159/answer/3416205569","True","True","PASS"
"25_医疗疾病与照料秩序.md","丁香医生","3bf94520-85e1-54d0-a50e-6173cf3e9184","https://afdian.com/p/f0e8813019b211edb24652540025c377","True","True","PASS"
"25_医疗疾病与照料秩序.md","关于应对子女抑郁的一种系统方法","7c19a976-087f-5167-9d0e-23c1b80f67ad","https://www.zhihu.com/question/650979214/answer/3512066754","True","True","PASS"
"25_医疗疾病与照料秩序.md","怀疑与猜疑","5c7a7815-24a4-5722-b78b-83403189114f","https://www.zhihu.com/question/537845427/answer/2532609297","True","True","PASS"
"25_医疗疾病与照料秩序.md","决疑","24ec30df-de1d-52ad-9c05-4db1e303787f","https://www.zhihu.com/question/618253862/answer/3453526539","True","True","PASS"
"25_医疗疾病与照料秩序.md","恐惧的疫苗","f50a62f0-9ad4-555c-8859-38689aa2db77","https://www.zhihu.com/question/35897124/answer/3632185460","True","True","PASS"
"25_医疗疾病与照料秩序.md","扩建医院","b135816f-3eca-5597-9056-a923e93d17f3","https://www.zhihu.com/question/569548867/answer/2780830740","True","True","PASS"
"25_医疗疾病与照料秩序.md","老有所依2","4ff7810c-9d49-578c-9b34-6fbe725ee959","https://www.zhihu.com/question/403290284/answer/1360171805","True","True","PASS"
"25_医疗疾病与照料秩序.md","临终抚慰","2702982e-d0ee-5380-99d5-05ba3af76193","https://afdian.com/p/77a7d0243bdd11efbe9652540025c377","True","True","PASS"
"25_医疗疾病与照料秩序.md","免责在先","b1a3900f-899d-5834-9ce0-38e0a3a08ef6","https://www.zhihu.com/question/1914858029729429401/answer/1916504536400524202","True","True","PASS"
"25_医疗疾病与照料秩序.md","怒者不医","2c4e49b5-a3ec-521a-adea-bf909ec3091c","https://afdian.com/p/6f6cb4e8e97411ef92025254001e7c00","True","True","PASS"
"25_医疗疾病与照料秩序.md","批评","11ad7ad3-87eb-5681-93e2-de3e21cbd8a2","https://www.zhihu.com/question/22987136/answer/1434894604","True","True","PASS"
"25_医疗疾病与照料秩序.md","伤绳","171a8ff5-4f98-5575-849e-46da57be1d50","https://www.zhihu.com/question/1946636394383515889/answer/2032393124841006935","True","True","PASS"
"25_医疗疾病与照料秩序.md","伤医咒","84593390-0b51-5759-b0ef-fe020236121c","https://www.zhihu.com/question/667586218/answer/4112961015","True","True","PASS"
"25_医疗疾病与照料秩序.md","胜半子","afd418f9-36d1-5652-8f90-188680e6cfbf","https://www.zhihu.com/question/2042176040638707165/answer/2042645041164837579","True","True","PASS"
"25_医疗疾病与照料秩序.md","师生一场","f651d0b4-e3a5-5b4f-8e86-1bc9b5e98a82","https://www.zhihu.com/question/634135058/answer/3326101761","True","True","PASS"
"25_医疗疾病与照料秩序.md","所谓国富民穷","237002b1-d9ee-59a8-9c0d-196f964ff961","https://www.zhihu.com/question/525777261/answer/3613984761","True","True","PASS"
"25_医疗疾病与照料秩序.md","探病","577b393b-67a1-5766-9651-8ecd742d17c9","https://www.ifdian.net/p/4ad313a462ac11f1a44a52540025c377","True","True","PASS"
"25_医疗疾病与照料秩序.md","砼","101192ad-8c18-5d1a-abfe-c6d8e7727c38","https://www.zhihu.com/question/1953990821335507505/answer/2037138815870096722","True","True","PASS"
"25_医疗疾病与照料秩序.md","完美传染病","35af9bf7-37bd-5b11-9d13-f314dc5a1ee6","https://www.zhihu.com/question/367572490/answer/984163676","True","True","PASS"
"25_医疗疾病与照料秩序.md","勿苛己","22b8e565-a37b-531a-896d-68604a4264bf","https://www.zhihu.com/question/5721531259/answer/2047417568667899837","True","True","PASS"
"25_医疗疾病与照料秩序.md","下一轮","2cafa14d-8a38-5489-8168-38b9702a1821","https://www.zhihu.com/question/429545834/answer/1567340776","True","True","PASS"
"25_医疗疾病与照料秩序.md","援亲","e476717b-2cf7-5a91-adb2-924fbec64dea","https://www.ifdian.net/p/e199590264f411f1b3605254001e7c00","True","True","PASS"
"25_医疗疾病与照料秩序.md","征信体系","c0f1ba80-af0b-52ca-96f7-0ccc89da8928","https://www.zhihu.com/question/341338492/answer/796914277","True","True","PASS"
"25_医疗疾病与照料秩序.md","治未病","5018ceee-ae4a-538c-b7b5-cbd229587dca","https://afdian.com/p/34027f78c96711ef9f9152540025c377","True","True","PASS"
"25_医疗疾病与照料秩序.md","助医策略","7b9fc1f4-1aa0-5c1b-9edc-9783abeeec89","https://www.zhihu.com/question/373400991/answer/1047124128","True","True","PASS"
"25_医疗疾病与照料秩序.md","自信","bbe903b2-99ab-5425-a566-e7dfd1ae6c2d","https://www.zhihu.com/question/269905766/answer/510828072","True","True","PASS"
"25_医疗疾病与照料秩序.md","AB胶","6b7b3522-b1b7-57ee-8cd7-e05aa5f0bc79","https://www.zhihu.com/question/548190850/answer/3399238133","True","True","PASS"
"26_犯罪刑罚与司法秩序.md","暗天使","8713b342-19eb-54c9-a52b-798beed0b77c","https://www.zhihu.com/question/1903426089042289238/answer/1903596108636197941","True","True","PASS"
"26_犯罪刑罚与司法秩序.md","包容与纵容","97ebdb1a-4f86-53d5-8b6e-7b73afe7330e","https://afdian.com/p/e925d7f61d7d11efb4595254001e7c00","True","True","PASS"
"26_犯罪刑罚与司法秩序.md","报案问题","4dfbef5f-0303-5780-abff-855f27ccc11b","https://www.zhihu.com/question/356920841/answer/2114322803","True","True","PASS"
"26_犯罪刑罚与司法秩序.md","必要过程","078ef8e0-ff0d-5aad-969d-577421b2be00","https://www.zhihu.com/question/560150529/answer/2720990585","True","True","PASS"
"26_犯罪刑罚与司法秩序.md","不承不认","25fbbd06-a8c6-57be-94bd-b3d016eb9655","https://afdian.com/p/10f4ab2af7cc11f0a29b52540025c377","True","True","PASS"
"26_犯罪刑罚与司法秩序.md","不可论断人","1bb8b361-5c66-5816-9470-9a70945d784e","https://www.zhihu.com/question/35551796/answer/710298376","True","True","PASS"
"26_犯罪刑罚与司法秩序.md","不理想的判决","96d4ec6b-de8d-5360-b119-426b6d47b614","https://www.zhihu.com/question/661943653/answer/3570170797","True","True","PASS"
"26_犯罪刑罚与司法秩序.md","不原谅的诅咒","ad5c38aa-1757-5bd7-96ba-e5eeb39e48a1","https://www.zhihu.com/question/464277122/answer/1938435242","True","True","PASS"
"26_犯罪刑罚与司法秩序.md","忏悔免罪","e75631b3-2d52-5e59-b1d5-c9853a34d04e","https://www.zhihu.com/question/457793223/answer/1870401961","True","True","PASS"
"26_犯罪刑罚与司法秩序.md","持公器","ea9197ca-0a2e-51ee-beeb-ca4773d4a549","https://www.zhihu.com/question/452534650/answer/1814615350","True","True","PASS"
"26_犯罪刑罚与司法秩序.md","犯罪告解","5e29cbcb-88b5-5462-8ae9-614210b86d5b","https://www.zhihu.com/question/22138105/answer/2583133184","True","True","PASS"
"26_犯罪刑罚与司法秩序.md","废死","3701390c-7f2f-56a6-a126-97ba2e892f4f","https://www.zhihu.com/question/20023973/answer/651499343","True","True","PASS"
"26_犯罪刑罚与司法秩序.md","复盘","05a4a9b4-4c5b-5dd4-bcc5-986e293d4955","https://www.zhihu.com/question/406224720/answer/1863916109","True","True","PASS"
"26_犯罪刑罚与司法秩序.md","极端的实践标准","d2a4cd24-d623-5609-ad8e-57b9903f9c9d","https://www.zhihu.com/question/532734453/answer/2847232983","True","True","PASS"
"26_犯罪刑罚与司法秩序.md","近亲犯罪","30cde74d-1069-5581-a536-ccb3abd24b88","https://www.zhihu.com/question/577080525/answer/3019253923","True","True","PASS"
"26_犯罪刑罚与司法秩序.md","宽容的诅咒","a087d75d-d9e6-5167-b22b-50ebe3999400","https://www.zhihu.com/question/266232601/answer/17260385896","True","True","PASS"
"26_犯罪刑罚与司法秩序.md","南极北斗","7d34f5fc-aed4-5777-90f9-460e80fa8ed6","https://www.zhihu.com/question/652617022/answer/3464103238","True","True","PASS"
"26_犯罪刑罚与司法秩序.md","匿名原则","0499c774-364a-555c-b5de-6f1cba372029","https://www.zhihu.com/question/418734509/answer/2995211687","True","True","PASS"
"26_犯罪刑罚与司法秩序.md","宁不畏死2","8d5a4358-6399-5284-bab1-65b9cb91d4b3","https://www.zhihu.com/question/4220669847/answer/35704390379","True","True","PASS"
"26_犯罪刑罚与司法秩序.md","秋后事","a770eac4-ef1f-5fc6-b722-83335a45e534","https://www.zhihu.com/question/1972992661372806501/answer/1981098750471582816","True","True","PASS"
"26_犯罪刑罚与司法秩序.md","认罚","b80ff0b0-cbf5-503c-ae94-6a557208d766","https://afdian.com/p/38d13d0eeeb611ef88e252540025c377","True","True","PASS"
"26_犯罪刑罚与司法秩序.md","赏赏罚罚","9e7fb643-0405-50e1-83a4-65f5094f074f","https://afdian.com/p/68c5cb7a7ad411ef86905254001e7c00","True","True","PASS"
"26_犯罪刑罚与司法秩序.md","说谎","d169a3ca-6520-5ec1-9acf-989efeba9f68","https://www.zhihu.com/question/21322208/answer/1297176586","True","True","PASS"
"26_犯罪刑罚与司法秩序.md","司法公正","4801d0a4-8479-5fc4-8444-a963cec69498","https://www.zhihu.com/question/336698882/answer/2701665552","True","True","PASS"
"26_犯罪刑罚与司法秩序.md","填线宝宝","fc307638-cbac-5006-a0ec-69f3d0cd6083","https://afdian.com/p/e6d26c9231b011f0ab0752540025c377","True","True","PASS"
"26_犯罪刑罚与司法秩序.md","同情","426b26a6-1251-5356-8a3f-17aef2aa6ac5","https://afdian.com/p/d82ae466591111f09c5852540025c377","True","True","PASS"
"26_犯罪刑罚与司法秩序.md","我没有","200309fc-1b48-536f-8a58-7f6e61f9436e","https://www.zhihu.com/question/1896278314173317963/answer/1931762005984928653","True","True","PASS"
"26_犯罪刑罚与司法秩序.md","无根消息","8dcbcd3c-ba15-56aa-8215-9c7de25d299f","https://www.zhihu.com/question/527283848/answer/2434909866","True","True","PASS"
"26_犯罪刑罚与司法秩序.md","无知的责任","550b55cc-125d-5989-b69b-1d76045f01e6","https://www.zhihu.com/question/485263076/answer/2109427875","True","True","PASS"
"26_犯罪刑罚与司法秩序.md","无罪之罪","5e526cf4-f0f6-590b-96f7-2a52417def9d","https://afdian.com/p/fbb1eca0b6a311f0813a52540025c377","True","True","PASS"
"26_犯罪刑罚与司法秩序.md","勿苛己","22b8e565-a37b-531a-896d-68604a4264bf","https://www.zhihu.com/question/5721531259/answer/2047417568667899837","True","True","PASS"
"26_犯罪刑罚与司法秩序.md","瞎义警","d4d427c5-38df-5cd1-931b-d0ad6a4fd6c0","https://www.zhihu.com/question/2021674630205687158/answer/2058803543214141590","True","True","PASS"
"26_犯罪刑罚与司法秩序.md","刑罚之外","566e2030-b43c-5ff6-ab29-00648a6f0203","https://www.zhihu.com/question/542366857/answer/2566653056","True","True","PASS"
"26_犯罪刑罚与司法秩序.md","性侵危机","86144d35-7a44-50d0-89ae-16e3b50beacf","https://www.zhihu.com/question/497392694/answer/2213860184","True","True","PASS"
"26_犯罪刑罚与司法秩序.md","性骚扰共识","cdf5fefa-e97b-5609-964c-0a73283ea91a","https://www.zhihu.com/question/599195837/answer/3014751915","True","True","PASS"
"26_犯罪刑罚与司法秩序.md","压垮天平","54039888-bf75-5795-acaa-8823f90316f0","https://afdian.com/p/88f43c647a1111f091b352540025c377","True","True","PASS"
"26_犯罪刑罚与司法秩序.md","依法强硬","43221da3-7d9a-5915-bd19-afe37c7c9560","https://www.zhihu.com/question/1938266093358642391/answer/1944435825464053900","True","True","PASS"
"26_犯罪刑罚与司法秩序.md","以我之名","e147d638-a09c-56d3-8117-9b7ab0ab8ec9","https://afdian.com/p/af816424b13a11efb2b452540025c377","True","True","PASS"
"26_犯罪刑罚与司法秩序.md","意见权","205d878e-edff-599c-a32e-39f17b246c52","https://www.zhihu.com/question/649751871/answer/3442191061","True","True","PASS"
"26_犯罪刑罚与司法秩序.md","优先保护","8e603160-bfb0-5850-9285-1df0afc3ca91","https://www.zhihu.com/question/486563133/answer/2120025261","True","True","PASS"
"26_犯罪刑罚与司法秩序.md","有困难就说","070114cf-f03d-57ac-aabc-21d9fd39338b","https://www.zhihu.com/question/470772116/answer/2015133703","True","True","PASS"
"26_犯罪刑罚与司法秩序.md","有罪推定","13bd51cf-60f2-54ed-bdee-2e1a9cdf32dc","https://www.zhihu.com/question/541669298/answer/2943290994","True","True","PASS"
"26_犯罪刑罚与司法秩序.md","早知道","951e524d-6eab-50ae-8d22-f39398a118bc","https://afdian.com/p/170ae21486b011f0b4cc52540025c377","True","True","PASS"
"26_犯罪刑罚与司法秩序.md","真假警","0af8d292-a1e4-53c0-a143-d1561716f291","https://www.zhihu.com/question/574602672/answer/1923696678516532099","True","True","PASS"
"26_犯罪刑罚与司法秩序.md","知的义务","ec0484f5-cb65-56a1-bc61-195e16308946","https://www.zhihu.com/question/547093057/answer/2620463222","True","True","PASS"
"26_犯罪刑罚与司法秩序.md","自证清白","b5ff5d76-3c9a-59a5-adaa-44bead3af302","https://www.zhihu.com/question/62083317/answer/2161013968","True","True","PASS"
"26_犯罪刑罚与司法秩序.md","最佳实践","83216918-10ca-50fe-8096-ba513caaa278","https://www.zhihu.com/question/587292013/answer/2921769076","True","True","PASS"
"26_犯罪刑罚与司法秩序.md","before trial","86fe6de6-1351-5937-9b51-bfba5d68f8d1","https://www.zhihu.com/question/15254583616/answer/1904232769053259422","True","True","PASS"
"27_战争军事外交与大国秩序.md","不杀妇孺","27419a6a-7676-5037-902d-c93399b96f37","https://www.zhihu.com/question/430768656/answer/1588015715","True","True","PASS"
"27_战争军事外交与大国秩序.md","不投降","dd8b2fea-82bd-5a75-8224-dd2da0e8160b","https://www.zhihu.com/question/518863102/answer/2366679163","True","True","PASS"
"27_战争军事外交与大国秩序.md","大国影响","d1e4b776-aac6-510f-9fa8-d30c1f3b5092","https://www.zhihu.com/question/504907694/answer/2267098102","True","True","PASS"
"27_战争军事外交与大国秩序.md","到底在争夺什么","0069ab17-6b87-579a-b7f6-a4ada4c5dff3","https://www.zhihu.com/question/519072580/answer/2367276472","True","True","PASS"
"27_战争军事外交与大国秩序.md","俄乌战争","fa217c7b-64be-581b-ac17-7f743dc6bf24","https://www.zhihu.com/question/518747432/answer/2366512885","True","True","PASS"
"27_战争军事外交与大国秩序.md","关心军事","fd8bd9b8-73be-50e8-ab0b-671b55e035a6","https://www.zhihu.com/question/503875313/answer/2539039449","True","True","PASS"
"27_战争军事外交与大国秩序.md","舰炮","15ad7084-15f4-5bfc-ae55-7f4b7e760389","https://www.zhihu.com/question/299688596/answer/552835870","True","True","PASS"
"27_战争军事外交与大国秩序.md","军事同盟","9504036d-d94f-5ae7-8066-a181cdb6d93e","https://www.zhihu.com/question/23982873/answer/2510649091","True","True","PASS"
"27_战争军事外交与大国秩序.md","军衔","793fedad-0114-584c-b2cd-f0e849348f97","https://www.zhihu.com/question/295242388/answer/504750849","True","True","PASS"
"27_战争军事外交与大国秩序.md","军训","c463a9b3-e752-5e18-8001-49244bda7e7a","https://www.zhihu.com/question/412671457/answer/1411557637","True","True","PASS"
"27_战争军事外交与大国秩序.md","漏了一个","64621cbf-f51c-5d21-b33e-7cbc4f35bf4d","https://www.zhihu.com/question/579787333/answer/17087956017","True","True","PASS"
"27_战争军事外交与大国秩序.md","缅甸停战","c2db6711-52f9-5b08-ac47-8b80c0d62034","https://www.zhihu.com/question/639209183/answer/3366538974","True","True","PASS"
"27_战争军事外交与大国秩序.md","千层浪","8f66fc6f-9415-5914-b852-6f6ac9006f8c","https://www.zhihu.com/question/22923120/answer/2365595645","True","True","PASS"
"27_战争军事外交与大国秩序.md","强国的度","9afd3b59-0581-59a5-85b1-af4281fd1d3d","https://www.zhihu.com/question/588818264/answer/2933505402","True","True","PASS"
"27_战争军事外交与大国秩序.md","侵略者","a3789420-2208-5538-8511-460e4a95ab7b","https://www.zhihu.com/question/520876214/answer/2444406017","True","True","PASS"
"27_战争军事外交与大国秩序.md","神兵利器","d55a5274-c7c9-5ce8-a332-1b41e4765609","https://www.zhihu.com/question/305568853/answer/557301822","True","True","PASS"
"27_战争军事外交与大国秩序.md","石与鸟","d0f1ea97-d404-56e8-8cbe-5e008f726bd3","https://www.zhihu.com/question/519873338/answer/2374732045","True","True","PASS"
"27_战争军事外交与大国秩序.md","术与略","85ab46d9-7681-54c0-a0db-8cf873ad5906","https://www.zhihu.com/question/642534421/answer/91544472029","True","True","PASS"
"27_战争军事外交与大国秩序.md","说得太少","d3cd3088-4f71-5e87-9a5d-8e2dacead7ef","https://www.zhihu.com/question/578311656/answer/2845104520","True","True","PASS"
"27_战争军事外交与大国秩序.md","四级威慑","06ac509e-a452-5db7-9a99-c1510e294262","https://www.zhihu.com/question/533762700/answer/2502664615","True","True","PASS"
"27_战争军事外交与大国秩序.md","条约保护","710c18a0-b0d8-55ce-a2f4-29a214b6b92a","https://www.zhihu.com/question/503464471/answer/2255501537","True","True","PASS"
"27_战争军事外交与大国秩序.md","投降问题","30ce77e5-07ab-53fe-97d8-304a3bcab76a","https://www.zhihu.com/question/641736665/answer/3419729825","True","True","PASS"
"27_战争军事外交与大国秩序.md","威慑教育","a04364e5-6744-551b-ae50-9db7074b7442","https://www.zhihu.com/question/633364716/answer/3424618060","True","True","PASS"
"27_战争军事外交与大国秩序.md","威慑与威胁","9d0f167e-0de7-5f9b-8089-0fd0a113e487","https://afdian.com/p/a7c83126523b11ef87d952540025c377","True","True","PASS"
"27_战争军事外交与大国秩序.md","修和之礼","6b6519bb-fa77-51a0-9c13-0e60d5e6eb05","https://www.zhihu.com/question/68120611/answer/3009802792","True","True","PASS"
"27_战争军事外交与大国秩序.md","移星换斗","4b4e3d38-7985-5823-aafd-9f44c2d3d20b","https://www.zhihu.com/question/403014869/answer/2760357520","True","True","PASS"
"27_战争军事外交与大国秩序.md","营级战术群","4660735d-ce7d-5a3e-be20-19823dd154df","https://www.zhihu.com/question/519066714/answer/2426127720","True","True","PASS"
"27_战争军事外交与大国秩序.md","优势在我","7dbf938f-07f2-51c7-a2eb-d63b7d63443c","https://www.zhihu.com/question/522396623/answer/2397339741","True","True","PASS"
"27_战争军事外交与大国秩序.md","宇宙战争","b01b85e8-9601-58b4-b734-1bcf558100c6","https://www.zhihu.com/question/290849728/answer/525749767","True","True","PASS"
"27_战争军事外交与大国秩序.md","战争罪","d2ec8527-5248-5c7b-87c4-81ab4b4a7e14","https://www.zhihu.com/question/529444185/answer/2505947733","True","True","PASS"
"27_战争军事外交与大国秩序.md","长江天险","2867ed0d-0c0c-5bb4-a328-50f679d93142","https://www.zhihu.com/question/20518026/answer/1534640344","True","True","PASS"
"27_战争军事外交与大国秩序.md","长平","2e4ef5a8-f4db-5e72-8685-e3517b3a09a1","https://www.zhihu.com/question/419328061/answer/1453999432","True","True","PASS"
"28_艺术审美与文化生产.md","999007","466816a7-1c50-56e2-978c-290071bd9f62","https://www.zhihu.com/question/527987217/answer/3425838706","True","True","PASS"
"28_艺术审美与文化生产.md","悲剧","2970f988-9d75-5ba1-ab4f-f277092c00e6","https://www.zhihu.com/question/551780100/answer/2660100956","True","True","PASS"
"28_艺术审美与文化生产.md","逼你幸福","f2cdf0de-aaea-5723-8ff3-da22d9cc12f5","https://www.zhihu.com/question/550568302/answer/2710177413","True","True","PASS"
"28_艺术审美与文化生产.md","朝韩文化","0314a647-95fe-554c-b8da-7ebb99179080","https://www.zhihu.com/question/654223550/answer/3480722167","True","True","PASS"
"28_艺术审美与文化生产.md","丑","9bd10f2e-221b-5789-b44c-65732e163960","https://www.zhihu.com/question/39317576/answer/601788781","True","True","PASS"
"28_艺术审美与文化生产.md","传统","57930412-2969-55af-9de1-6e877ad1bbf9","https://afdian.com/p/c3a7e30c2a3f11eead3452540025c377","True","True","PASS"
"28_艺术审美与文化生产.md","导演","cceb5b68-1fe2-5616-af79-b205288e252e","https://www.zhihu.com/question/49825312/answer/1729034722","True","True","PASS"
"28_艺术审美与文化生产.md","电影不死","bea0a530-320f-5fe7-a411-059f1e9a6931","https://afdian.com/p/d7a1bdde328411f0bcde5254001e7c00","True","True","PASS"
"28_艺术审美与文化生产.md","俄罗斯艺术之谜","51c91531-e3ed-525e-80d0-b795f72cc7c7","https://www.zhihu.com/question/317708657/answer/2977792415","True","True","PASS"
"28_艺术审美与文化生产.md","工书","16336056-5d08-5336-a475-bd28c6049c98","https://afdian.com/p/1a9d0be0ff8411ef9b1d52540025c377","True","True","PASS"
"28_艺术审美与文化生产.md","好照片","7ed0e0b0-1019-5348-a68e-691f6ee408ed","https://www.zhihu.com/question/658994133/answer/3539013162","True","True","PASS"
"28_艺术审美与文化生产.md","红毯先生","effbf168-f0d7-507b-9055-5254afb94d7a","https://www.zhihu.com/question/643371874/answer/3398413153","True","True","PASS"
"28_艺术审美与文化生产.md","金刚川","4eac69b1-4713-5748-818b-c42d09142c37","https://www.zhihu.com/question/422708727/answer/1539789995","True","True","PASS"
"28_艺术审美与文化生产.md","疗愈艺术","f62a367a-978f-5c01-8471-170daaa2eea8","https://www.zhihu.com/question/458078011/answer/1904038706","True","True","PASS"
"28_艺术审美与文化生产.md","马赛大曲","6eee0d7e-798d-5982-8ce7-0d0d9743f0e9","https://www.zhihu.com/question/30556883/answer/2861846080","True","True","PASS"
"28_艺术审美与文化生产.md","缅式审美","9b89d6c4-1def-5ad3-be4d-2c40cfd94a73","https://afdian.com/p/c44d36e2fd0911ef8ec85254001e7c00","True","True","PASS"
"28_艺术审美与文化生产.md","名著","bc0d31fe-6d39-57da-8e44-5f2310f60a72","https://www.zhihu.com/question/11039302175/answer/96211550447","True","True","PASS"
"28_艺术审美与文化生产.md","缪斯性","1e5d4166-f609-5910-bab1-cf90a063d9e4","https://www.zhihu.com/question/54032151/answer/3175763991","True","True","PASS"
"28_艺术审美与文化生产.md","如露亦如电","94ca1d90-a167-56fd-9970-14bd3d992491","https://www.zhihu.com/question/649313457/answer/3444664299","True","True","PASS"
"28_艺术审美与文化生产.md","三合一","b21788a5-33f3-5722-96d6-9a822c440d4a","https://www.zhihu.com/question/25156721/answer/2054499929","True","True","PASS"
"28_艺术审美与文化生产.md","时尚品味","2a9e96de-e384-52ab-ac6a-af729d35f78c","https://www.zhihu.com/question/27508362/answer/1035463614","True","True","PASS"
"28_艺术审美与文化生产.md","书法","43a31d80-d598-5ef7-9f10-68cfdd16e9d1","https://www.zhihu.com/question/310963200/answer/1981040092","True","True","PASS"
"28_艺术审美与文化生产.md","书法风尚","3e120415-e8d8-504b-9e34-d446c0558429","https://www.zhihu.com/question/298568192/answer/527936676","True","True","PASS"
"28_艺术审美与文化生产.md","书写的艺术","9b2b249b-2528-59da-9898-3e18a450a6d0","https://www.zhihu.com/question/621187516/answer/1894006908622447381","True","True","PASS"
"28_艺术审美与文化生产.md","文化","64fda1e3-85c0-5b10-ba94-eb92af9b096a","https://www.zhihu.com/question/279993451/answer/1083043643","True","True","PASS"
"28_艺术审美与文化生产.md","文物","61a65182-b3de-5c28-bb29-5ddcb2acd079","https://www.zhihu.com/question/22638720/answer/689886274","True","True","PASS"
"28_艺术审美与文化生产.md","戏彩娱亲","06321acb-1e12-52ac-b56a-3e2998196c76","https://www.zhihu.com/question/6103152781/answer/2000302868058641843","True","True","PASS"
"28_艺术审美与文化生产.md","小bug","61ff68ba-4204-5ff1-ad52-749269ff3c06","https://www.zhihu.com/question/483726447/answer/2131805237","True","True","PASS"
"28_艺术审美与文化生产.md","演员的自我修养","e07ef7cd-dbd2-571f-b8d0-39b3970e5f9a","https://www.zhihu.com/question/401784281/answer/2986287024","True","True","PASS"
"28_艺术审美与文化生产.md","艺术短板","61a82961-2c77-50bb-a2d0-48f4d955e70a","https://www.zhihu.com/question/13038923577/answer/116968592555","True","True","PASS"
"28_艺术审美与文化生产.md","艺术解读","0e51496b-6fcf-5316-bf1f-31e45418b49c","https://www.zhihu.com/question/19786768/answer/548709196","True","True","PASS"
"28_艺术审美与文化生产.md","有戏","6f94a0b7-f160-5751-bf0e-a04e988b30c9","https://afdian.com/p/468d23aacbcd11f08e4852540025c377","True","True","PASS"
"28_艺术审美与文化生产.md","长安揖别","eceaef6c-f577-5058-991d-5530af637370","https://www.zhihu.com/question/11431618323/answer/96916907781","True","True","PASS"
"28_艺术审美与文化生产.md","正门","22e2137d-1e71-5188-91ce-883098588d73","https://www.zhihu.com/question/31432692/answer/3352446591","True","True","PASS"
"28_艺术审美与文化生产.md","最好的绘画工具","fa944ca3-c4c5-5496-b579-b54fd31e1cc2","https://www.zhihu.com/question/547200488/answer/2613523735","True","True","PASS"
"28_艺术审美与文化生产.md","CAS","cc2624fb-c161-5ab1-84c4-8229bed5bd92","https://www.zhihu.com/question/582933780/answer/2951269178","True","True","PASS"
"29_媒体舆论与公共认知秩序.md","变现","dd973972-58ea-5e3d-b6a2-ce028d360717","https://www.zhihu.com/question/41108386/answer/2531855553","True","True","PASS"
"29_媒体舆论与公共认知秩序.md","不受采访","33ba4dd9-d4ff-5c63-982c-2a94bc19d3cc","https://www.zhihu.com/question/45055496/answer/3577441320","True","True","PASS"
"29_媒体舆论与公共认知秩序.md","嘲笑鸟","50f9e3a5-88ea-5128-a5fb-0e090c5e0101","https://afdian.com/p/43d3895835ad11f0b6f252540025c377","True","True","PASS"
"29_媒体舆论与公共认知秩序.md","沉默的大多数","962867fe-554a-5869-a70b-d9720c46629a","https://www.zhihu.com/question/1896471445078513169/answer/1898994711101940299","True","True","PASS"
"29_媒体舆论与公共认知秩序.md","持公器","ea9197ca-0a2e-51ee-beeb-ca4773d4a549","https://www.zhihu.com/question/452534650/answer/1814615350","True","True","PASS"
"29_媒体舆论与公共认知秩序.md","带节奏","cfcb0065-b90f-5d63-aaa3-bb99f1d26065","https://www.zhihu.com/question/528797784/answer/2457932698","True","True","PASS"
"29_媒体舆论与公共认知秩序.md","二舅","23c1db1d-caf9-56b2-9e28-dd96c0efe517","https://www.zhihu.com/question/545268208/answer/2592662532","True","True","PASS"
"29_媒体舆论与公共认知秩序.md","反犹","b95e3891-a76b-5252-86ca-12733a306294","https://www.zhihu.com/question/20114055/answer/1205460145","True","True","PASS"
"29_媒体舆论与公共认知秩序.md","妇女","db480563-11a5-5ac3-b528-2936562a5ea2","https://www.zhihu.com/question/41001809/answer/616941147","True","True","PASS"
"29_媒体舆论与公共认知秩序.md","公什么关","4d16a26b-cff2-5424-9d73-7fb9fffbb004","https://afdian.com/album/9eb1469496c711eda7395254001e7c00/aea1f4dec94e11efb83552540025c377","True","True","PASS"
"29_媒体舆论与公共认知秩序.md","规范求助","e42be94f-2e9c-5892-9920-df0c517a4f32","https://www.zhihu.com/question/20336355/answer/1027292248","True","True","PASS"
"29_媒体舆论与公共认知秩序.md","回潮","545cea71-489e-5292-9080-e05c4e40052e","https://www.zhihu.com/question/664204678/answer/3596264793","True","True","PASS"
"29_媒体舆论与公共认知秩序.md","镜中的小丑","ced67905-1877-5d8d-9b1b-3fa319c1ce7f","https://www.zhihu.com/question/515282381/answer/2054857502261522705","True","True","PASS"
"29_媒体舆论与公共认知秩序.md","控评责任","db1d72a9-2f26-559b-9abe-f4b49e62c219","https://www.zhihu.com/question/365288279/answer/1009825787","True","True","PASS"
"29_媒体舆论与公共认知秩序.md","柳下会","7d2a60f5-fbf5-56b4-9971-72521ef6c046","https://www.zhihu.com/question/1974500863881021009/answer/2025940723179037957","True","True","PASS"
"29_媒体舆论与公共认知秩序.md","落后时代","d0babf65-5119-53a4-979b-62900486711b","https://www.zhihu.com/question/365701724/answer/3528649596","True","True","PASS"
"29_媒体舆论与公共认知秩序.md","逆风而生","1df48cbb-a39b-5c8b-b17c-80df9322bd81","https://www.zhihu.com/question/1932898211321852443/answer/1932949579290084210","True","True","PASS"
"29_媒体舆论与公共认知秩序.md","其怪自败","9a71649d-a077-5450-869a-4d38f4969f71","https://afdian.com/p/4105b9c8dc4511f0ad5b5254001e7c00","True","True","PASS"
"29_媒体舆论与公共认知秩序.md","删评权","539ce0f5-875a-5e13-977b-49be099b6459","https://www.zhihu.com/question/481698780/answer/2084016244","True","True","PASS"
"29_媒体舆论与公共认知秩序.md","童言","e76c399d-5fe5-562a-a63a-59ce2cb8466f","https://www.zhihu.com/question/26683010/answer/2021887855253800132","True","True","PASS"
"29_媒体舆论与公共认知秩序.md","为什么我们会输掉认知战","22c2b873-94b4-561a-ba0c-6814625f7b47","https://zhuanlan.zhihu.com/p/484117834","True","True","PASS"
"29_媒体舆论与公共认知秩序.md","无病呻吟","f3e86098-5349-5fee-88b2-006aeadc5227","https://www.zhihu.com/question/414652368/answer/1503736168","True","True","PASS"
"29_媒体舆论与公共认知秩序.md","无根消息","8dcbcd3c-ba15-56aa-8215-9c7de25d299f","https://www.zhihu.com/question/527283848/answer/2434909866","True","True","PASS"
"29_媒体舆论与公共认知秩序.md","无可妥协","028a24a5-fa60-5e12-9691-daa24aa1e02b","https://www.zhihu.com/question/3887644490/answer/29097292771","True","True","PASS"
"29_媒体舆论与公共认知秩序.md","新奥义","fd648025-66b6-56b1-976b-7c06ea8d47a8","https://afdian.com/p/7321f15cf70211efbbcc52540025c377","True","True","PASS"
"29_媒体舆论与公共认知秩序.md","信源管理","944384b9-5594-5738-a715-05fe1088318a","https://www.zhihu.com/question/19666344/answer/823306722","True","True","PASS"
"29_媒体舆论与公共认知秩序.md","谣谣乐","5d91cc40-568c-52b6-8a51-e64a069448c9","https://www.zhihu.com/question/1908886398435586104/answer/1909007021413500493","True","True","PASS"
"29_媒体舆论与公共认知秩序.md","一万粉","418dc88d-e188-587d-aa80-2fdc7e7e7027","https://www.zhihu.com/question/649663386/answer/3534702161","True","True","PASS"
"29_媒体舆论与公共认知秩序.md","异闻录","d34dff14-2b24-55ad-a5fe-6bf63e2eaf2c","https://www.zhihu.com/question/1910658262220650350/answer/1911153645371789480","True","True","PASS"
"29_媒体舆论与公共认知秩序.md","舆论战","a76431bd-767c-5863-9a1d-52ace5b134f2","https://www.zhihu.com/question/391668118/answer/1477174183","True","True","PASS"
"29_媒体舆论与公共认知秩序.md","怎样读新闻","448fa84f-f109-5d19-9a11-c13ca4967e3b","https://www.zhihu.com/question/22020980/answer/798415609","True","True","PASS"
"29_媒体舆论与公共认知秩序.md","重复一千遍","d3e0b996-4451-5ecd-9843-232354293ced","https://www.zhihu.com/question/519252966/answer/2403859631","True","True","PASS"
"30_死亡祭祀与纪念秩序.md","不贰过","e5dd0424-f1f0-5874-aab9-f9a4dd7fed75","https://www.zhihu.com/question/598417297/answer/3308508492","True","True","PASS"
"30_死亡祭祀与纪念秩序.md","财富观","2133f3d8-4ccb-5c0f-9c09-1539ab21c794","https://www.zhihu.com/question/314627020/answer/1193533378","True","True","PASS"
"30_死亡祭祀与纪念秩序.md","悼亡存活","a604bf02-e52d-5e1f-91c6-81dfade38ed7","https://www.zhihu.com/question/2041099712179197278/answer/2041943218405773323","True","True","PASS"
"30_死亡祭祀与纪念秩序.md","奠仪几何","9af3f757-ffb6-5c9e-b461-afdf9ccea949","https://www.ifdian.net/p/85097b3e7bd011f1978652540025c377","True","True","PASS"
"30_死亡祭祀与纪念秩序.md","攻克死亡","6e00a9d7-d4d4-5578-9443-cf54d8b34d1f","https://www.zhihu.com/question/286304501/answer/448634740","True","True","PASS"
"30_死亡祭祀与纪念秩序.md","过渡性价值观","cfadb4bf-2203-5a52-a0cd-75fd7ae59d83","https://www.zhihu.com/question/384441334/answer/1225583479","True","True","PASS"
"30_死亡祭祀与纪念秩序.md","祭祀","c98fe747-68f6-59f2-bb60-d3c14d93ca6e","https://www.zhihu.com/question/20440782/answer/3112908916","True","True","PASS"
"30_死亡祭祀与纪念秩序.md","家祭无忘告乃翁","4a39b739-19ad-5499-a6fe-35a9475ece3b","https://www.zhihu.com/question/352323137/answer/3291146289","True","True","PASS"
"30_死亡祭祀与纪念秩序.md","兼得","3a71ddf7-b0ea-58f6-8c08-a3881e2a65ac","https://www.zhihu.com/question/593491432/answer/2968189284","True","True","PASS"
"30_死亡祭祀与纪念秩序.md","教训的方法","374a442b-2826-5d39-932e-d8896d3adf3f","https://www.zhihu.com/question/582294603/answer/2880495164","True","True","PASS"
"30_死亡祭祀与纪念秩序.md","绝户计","9955b8f1-0228-51e7-bcd8-206f811b654e","https://www.zhihu.com/question/302878284/answer/2927652907","True","True","PASS"
"30_死亡祭祀与纪念秩序.md","苦难的价值","ba45d8bb-feb3-5e50-b6ed-978a386eb253","https://www.zhihu.com/question/505636719/answer/2270432998","True","True","PASS"
"30_死亡祭祀与纪念秩序.md","老有所依2","4ff7810c-9d49-578c-9b34-6fbe725ee959","https://www.zhihu.com/question/403290284/answer/1360171805","True","True","PASS"
"30_死亡祭祀与纪念秩序.md","临终抚慰","2702982e-d0ee-5380-99d5-05ba3af76193","https://afdian.com/p/77a7d0243bdd11efbe9652540025c377","True","True","PASS"
"30_死亡祭祀与纪念秩序.md","临终关怀","ea7dd942-d9c3-5ff8-8c2e-0cd8767e5d54","https://www.zhihu.com/question/452075166/answer/3522636629","True","True","PASS"
"30_死亡祭祀与纪念秩序.md","陵园","e8efc7f4-9d13-58cd-a7b8-2572233298ae","https://www.zhihu.com/question/479445940/answer/3220916465","True","True","PASS"
"30_死亡祭祀与纪念秩序.md","门当户对","110e0b03-7dc0-54f9-944c-06a6d5934753","https://www.zhihu.com/question/320314301/answer/687854449","True","True","PASS"
"30_死亡祭祀与纪念秩序.md","眠种","6587f538-6d67-5561-99dd-2eaf61719621","https://www.zhihu.com/question/427364036/answer/2038687768700772586","True","True","PASS"
"30_死亡祭祀与纪念秩序.md","免于极端","0343f198-b719-5501-9a90-6b9d3d5d60f4","https://www.zhihu.com/question/309682535/answer/582181598","True","True","PASS"
"30_死亡祭祀与纪念秩序.md","年号","c6afed4c-3d1b-5df4-8388-494f7d756c13","https://www.zhihu.com/question/26763833/answer/1787791312","True","True","PASS"
"30_死亡祭祀与纪念秩序.md","宁不畏死","8a49d412-0d16-53de-8b16-89f95e650b50","https://www.zhihu.com/question/290777932/answer/472110636","True","True","PASS"
"30_死亡祭祀与纪念秩序.md","铺路石","026dafd1-371b-551e-936c-51fc9e27c377","https://afdian.com/p/ef41553e659311f09ad052540025c377","True","True","PASS"
"30_死亡祭祀与纪念秩序.md","取死之道","8ddbef7b-4c40-5766-ada3-52335be104eb","https://afdian.com/p/c1fa3352626011ef9ccf52540025c377","True","True","PASS"
"30_死亡祭祀与纪念秩序.md","去世之前","bad58134-0613-5973-843b-2bc93ebb9733","https://www.zhihu.com/question/288232772/answer/2935662809","True","True","PASS"
"30_死亡祭祀与纪念秩序.md","生死契阔","11df04ce-286f-534f-9f43-69112ff942fb","https://www.zhihu.com/question/529423798/answer/2452174568","True","True","PASS"
"30_死亡祭祀与纪念秩序.md","生于斯","bf193bd7-4f2a-5cd2-8208-da6729d44ba2","https://www.zhihu.com/question/503463009/answer/1984754214891701635","True","True","PASS"
"30_死亡祭祀与纪念秩序.md","死亡","f975f3fe-005b-53dd-8f44-2741aefcda9b","https://www.zhihu.com/question/19795293/answer/1323213160","True","True","PASS"
"30_死亡祭祀与纪念秩序.md","死亡搁浅","d1dcc73d-ffe0-5bb7-ae82-3830e32b1e11","https://www.zhihu.com/question/599292854/answer/3062318385","True","True","PASS"
"30_死亡祭祀与纪念秩序.md","太空葬","66abbe02-927e-54fa-a5da-e65c9da0d232","https://www.zhihu.com/question/617927402/answer/3171502393","True","True","PASS"
"30_死亡祭祀与纪念秩序.md","无常之祭","571e42e2-865f-5a6e-af1d-cc2e64bdf7e4","https://www.zhihu.com/question/604447833/answer/3056636079","True","True","PASS"
"30_死亡祭祀与纪念秩序.md","无色无味","8b35202b-98f5-56ef-b715-e232938a1c89","https://www.zhihu.com/question/1948918145973716373/answer/2054291729503761272","True","True","PASS"
"30_死亡祭祀与纪念秩序.md","殉","df3d518f-f0b6-50d5-ad42-f5eaccfb6d25","https://www.zhihu.com/question/1894688625788163796/answer/1895961093391763061","True","True","PASS"
"30_死亡祭祀与纪念秩序.md","预备死亡","1f6d2379-e6ed-5e52-a24d-1bbb60aa586b","https://www.zhihu.com/question/532437441/answer/2499291627","True","True","PASS"
"30_死亡祭祀与纪念秩序.md","长生不死的脑残","ac580308-0276-5166-ae63-b3d6978bc550","https://www.zhihu.com/question/417913464/answer/1438032852","True","True","PASS"
"30_死亡祭祀与纪念秩序.md","中山靖王之后","8a3adbba-acb1-5edb-99a9-8ed7264642e3","https://www.zhihu.com/question/309154799/answer/3319842097","True","True","PASS"
"30_死亡祭祀与纪念秩序.md","自由的实现","3c578072-8c70-544b-b22d-55f2fb2b7a7a","https://afdian.com/p/ab9029323bd711ef86ac52540025c377","True","True","PASS"
"31_民族族群与身份秩序.md","爱国","2b500e48-491a-537f-8a8a-6bba75958df4","https://www.zhihu.com/question/451566522/answer/2349951843","True","True","PASS"
"31_民族族群与身份秩序.md","爱国爱党","c543b132-890d-5e9a-aaa8-8af88b44030b","https://www.zhihu.com/question/48593630/answer/2194563256","True","True","PASS"
"31_民族族群与身份秩序.md","爱国自鉴","78d49c8e-ab33-5d7e-b592-f84fb40af664","https://www.zhihu.com/question/566105913/answer/3084771526","True","True","PASS"
"31_民族族群与身份秩序.md","巴别塔","a406f6ae-1b42-50d9-b36b-309af4a2096e","https://www.zhihu.com/question/263558368/answer/546888903","True","True","PASS"
"31_民族族群与身份秩序.md","笨功夫","a4592165-2993-599f-802b-b5f612cdea07","https://www.zhihu.com/question/34228945/answer/3446655008","True","True","PASS"
"31_民族族群与身份秩序.md","不爱国的权利","ea3780b0-d9e7-5900-a615-8db5a3d0695f","https://www.zhihu.com/question/48504087/answer/2194599793","True","True","PASS"
"31_民族族群与身份秩序.md","不杀妇孺","27419a6a-7676-5037-902d-c93399b96f37","https://www.zhihu.com/question/430768656/answer/1588015715","True","True","PASS"
"31_民族族群与身份秩序.md","不宜久留","8f6c9025-0c52-5fcc-a5d7-de073f5f9a69","https://www.zhihu.com/question/471612785/answer/1996639635","True","True","PASS"
"31_民族族群与身份秩序.md","仇日","fb1ca394-8597-5186-b6d6-53d950893a84","https://www.zhihu.com/question/21030735/answer/1969703678","True","True","PASS"
"31_民族族群与身份秩序.md","聪明族","a0bebc70-3e3d-50bd-a502-49214e856470","https://www.zhihu.com/question/413909432/answer/1409441417","True","True","PASS"
"31_民族族群与身份秩序.md","大会员","8431062c-68db-5f1c-af36-df7d266bb060","https://www.zhihu.com/question/268982964/answer/2809734831","True","True","PASS"
"31_民族族群与身份秩序.md","帝国病","c3be7e08-248a-5e1f-a5e9-686f9db45a88","https://www.zhihu.com/question/19593017/answer/1399461143","True","True","PASS"
"31_民族族群与身份秩序.md","多语化","034b5293-2b8c-56c5-b1ec-f45beb0afea0","https://www.zhihu.com/question/422151163/answer/1495123471","True","True","PASS"
"31_民族族群与身份秩序.md","多语种剧情","f50711fa-fbcf-5b18-b2d3-6d0875faa87a","https://www.zhihu.com/question/639172024/answer/3396805420","True","True","PASS"
"31_民族族群与身份秩序.md","俄罗斯艺术之谜","51c91531-e3ed-525e-80d0-b795f72cc7c7","https://www.zhihu.com/question/317708657/answer/2977792415","True","True","PASS"
"31_民族族群与身份秩序.md","恶来儿","2550e553-ce60-56a3-8a87-53f6b868aec4","https://afdian.com/p/71b094d8329211f0b02952540025c377","True","True","PASS"
"31_民族族群与身份秩序.md","法定叛国","7b58e331-f6d8-5def-bf9a-314f026dff8f","https://www.zhihu.com/question/444782032/answer/3083099726","True","True","PASS"
"31_民族族群与身份秩序.md","繁花","","","True","False","PASS"
"31_民族族群与身份秩序.md","反犹","b95e3891-a76b-5252-86ca-12733a306294","https://www.zhihu.com/question/20114055/answer/1205460145","True","True","PASS"
"31_民族族群与身份秩序.md","非洲、非洲","1aea8c65-ae4c-5a0c-b16d-907b6013bbb8","https://www.zhihu.com/question/381379130/answer/1136452506","True","True","PASS"
"31_民族族群与身份秩序.md","国际主义","e02124e6-c145-51cd-a403-d4b0e8f6ca87","https://www.zhihu.com/question/546130661/answer/3411471696","True","True","PASS"
"31_民族族群与身份秩序.md","海外团结","9c035109-aa7b-55a2-9f52-83fc9525d4f3","https://www.zhihu.com/question/269743252/answer/1280141733","True","True","PASS"
"31_民族族群与身份秩序.md","糊涂账","c43ab8f6-7de2-5b9e-acb4-5c6afc78c3c4","https://www.zhihu.com/question/667713785/answer/3632849636","True","True","PASS"
"31_民族族群与身份秩序.md","集体右转","2d39cbec-da74-5470-99f5-30e0f359c262","https://www.zhihu.com/question/48941008/answer/1368075069","True","True","PASS"
"31_民族族群与身份秩序.md","家祭无忘告乃翁","4a39b739-19ad-5499-a6fe-35a9475ece3b","https://www.zhihu.com/question/352323137/answer/3291146289","True","True","PASS"
"31_民族族群与身份秩序.md","居留政策","5e6bf097-3065-5755-906b-6c1ad5ebcad2","https://www.zhihu.com/question/358942594/answer/930873105","True","True","PASS"
"31_民族族群与身份秩序.md","看上去很美","f6654150-63a4-501c-943e-2bd636c4311e","https://www.zhihu.com/question/667431478/answer/3630615684","True","True","PASS"
"31_民族族群与身份秩序.md","历史必然","fe88ea15-c78c-5ebc-8acd-02f4e10e0261","https://www.zhihu.com/question/41948958/answer/617760777","True","True","PASS"
"31_民族族群与身份秩序.md","民族团结","4de35408-af2d-5f72-81bd-e2a6daf11769","https://www.zhihu.com/question/360387551/answer/3008373551","True","True","PASS"
"31_民族族群与身份秩序.md","民族种族","525ef1d9-b14d-5532-a015-aacbdde26dc0","https://www.zhihu.com/question/24102030/answer/2032500002","True","True","PASS"
"31_民族族群与身份秩序.md","难民","fa42effa-4670-5095-80dd-5bba9937c51e","https://www.zhihu.com/question/1954223681350895078/answer/1967592168634946413","True","True","PASS"
"31_民族族群与身份秩序.md","歧视的自由","df000979-793a-5f0c-b94d-579ac402116a","https://www.zhihu.com/question/31312526/answer/1624264157","True","True","PASS"
"31_民族族群与身份秩序.md","全球化","1e6499af-15ef-5a41-9b01-84384abbb929","https://www.zhihu.com/question/387274891/answer/1164595638","True","True","PASS"
"31_民族族群与身份秩序.md","全球化与失业","1a0c33e3-e996-5f61-a55e-751991bbdfa0","https://www.zhihu.com/question/333947385/answer/1219847484","True","True","PASS"
"31_民族族群与身份秩序.md","人才流失","049ac2a7-fd8b-5c5c-b78c-1133cbd4c75e","https://www.zhihu.com/question/55078788/answer/2079862263","True","True","PASS"
"31_民族族群与身份秩序.md","商业歧视","62291377-1569-554e-8588-16631e5fa723","https://www.zhihu.com/question/477777632/answer/2086366458","True","True","PASS"
"31_民族族群与身份秩序.md","尚武民族","3087df6a-8869-5d07-bb6a-6ea95a64bb65","https://www.zhihu.com/question/22013738/answer/9239073280","True","True","PASS"
"31_民族族群与身份秩序.md","少点歧视","16c0cbf0-7c55-5956-af86-f80923eada77","https://www.zhihu.com/question/1930419163064672630/answer/2033994963663463542","True","True","PASS"
"31_民族族群与身份秩序.md","生果","4ed5a1e4-3d3c-5f6a-971d-e3b6d4be1675","https://www.zhihu.com/question/584086467/answer/3022252827","True","True","PASS"
"31_民族族群与身份秩序.md","所谓国籍","25733bb8-e212-5124-a8db-c2175c87ae59","https://www.zhihu.com/question/303185767/answer/1981013429","True","True","PASS"
"31_民族族群与身份秩序.md","所谓民族","91ee65f7-c203-546b-87eb-88aa7a2d45f6","https://www.zhihu.com/question/466310147/answer/2000850134","True","True","PASS"
"31_民族族群与身份秩序.md","王天下","e6c5aa02-5567-53d5-8c88-430f5cdd949b","https://www.zhihu.com/question/351381447/answer/1542235785","True","True","PASS"
"31_民族族群与身份秩序.md","伟大","c5e0fe48-8357-509a-bbb1-c17b2e572ff7","https://www.zhihu.com/question/324625825/answer/1054427120","True","True","PASS"
"31_民族族群与身份秩序.md","文化","64fda1e3-85c0-5b10-ba94-eb92af9b096a","https://www.zhihu.com/question/279993451/answer/1083043643","True","True","PASS"
"31_民族族群与身份秩序.md","先脱鞋","5503b713-e08f-597b-b11f-53be1f585170","https://www.zhihu.com/question/22045490/answer/47593261902","True","True","PASS"
"31_民族族群与身份秩序.md","消除歧视","6535a8f8-39fa-5a14-9d6c-afb3b7d8ba50","https://www.zhihu.com/question/34117930/answer/2009390237","True","True","PASS"
"31_民族族群与身份秩序.md","羊奶锅","152354e6-0595-5009-96a2-26ffc5762847","https://www.zhihu.com/question/622176989/answer/3217041135","True","True","PASS"
"31_民族族群与身份秩序.md","再全球化","45005b86-f7a5-5c95-80d0-7bb2d0423ec0","https://www.zhihu.com/question/553908636/answer/2678296059","True","True","PASS"
"31_民族族群与身份秩序.md","殖民地","16440a52-2cc5-5dc6-be62-678a92101ba1","https://www.zhihu.com/question/395031501/answer/2080927146","True","True","PASS"
"31_民族族群与身份秩序.md","中国的不足","a464d0ff-9c7c-5003-a8a0-b3e0fb0df61a","https://www.zhihu.com/question/48994434/answer/1273523696","True","True","PASS"
"31_民族族群与身份秩序.md","中国人的全球化","f534cae7-d7bd-5019-bad9-ed656cdbbf22","https://www.zhihu.com/question/473395211/answer/2009436509","True","True","PASS"
"31_民族族群与身份秩序.md","中国式反同化","4adfa0a0-e750-570d-9608-616e84038afd","https://www.zhihu.com/question/57057555/answer/1082872847","True","True","PASS"
"31_民族族群与身份秩序.md","中山靖王之后","8a3adbba-acb1-5edb-99a9-8ed7264642e3","https://www.zhihu.com/question/309154799/answer/3319842097","True","True","PASS"
"31_民族族群与身份秩序.md","种族矛盾","5e41ab6c-b81f-549f-b326-9e6bea9cbc4a","https://www.zhihu.com/question/397696988/answer/1253734638","True","True","PASS"
"32_生态能源与自然秩序.md","保护动物名单","","","True","False","PASS"
"32_生态能源与自然秩序.md","不透明","c1808563-e906-5941-a6c9-793f28de548f","https://afdian.com/p/e0e67da8927e11f0ae7b5254001e7c00","True","True","PASS"
"32_生态能源与自然秩序.md","不盈利组织","a494a8bf-a0e7-5876-b12c-42d907453d88","https://afdian.com/p/34272be478bc11efa91052540025c377","True","True","PASS"
"32_生态能源与自然秩序.md","臭","66905294-b1c5-5a40-8219-eb7d112f373e","https://www.zhihu.com/question/305053956/answer/619566586","True","True","PASS"
"32_生态能源与自然秩序.md","大洪水","09876c2d-e45f-586f-b3db-7598cc852767","https://www.zhihu.com/question/20389853/answer/3071093964","True","True","PASS"
"32_生态能源与自然秩序.md","动物的恐惧","e4da9868-2b4b-5c7e-b689-898ab4e03e53","https://www.zhihu.com/question/285642043/answer/444927358","True","True","PASS"
"32_生态能源与自然秩序.md","动物的未来","72e97bb7-5f36-581b-885a-ad52843ff29c","https://www.zhihu.com/question/287215837/answer/453889614","True","True","PASS"
"32_生态能源与自然秩序.md","动物喝水","72feb2fa-9924-5dc4-ba18-99ccb10aa257","https://www.zhihu.com/question/413393341/answer/1452359129","True","True","PASS"
"32_生态能源与自然秩序.md","公共垃圾桶","621082e7-aff7-5156-bd2f-f1941ed0aeeb","https://www.zhihu.com/question/637275404/answer/3343724235","True","True","PASS"
"32_生态能源与自然秩序.md","龟虽寿","445fcafa-a694-57e4-9f5e-d29e08045e6c","https://www.zhihu.com/question/598217789/answer/3005910140","True","True","PASS"
"32_生态能源与自然秩序.md","好生不仁","cb5a09fc-8611-5e74-9db5-e128aad6f060","https://www.zhihu.com/question/66827180/answer/3152959882","True","True","PASS"
"32_生态能源与自然秩序.md","核电站的风险","f2fc7116-e1a9-53dd-a7dc-ecc1ee9f74e9","https://www.zhihu.com/question/31616698/answer/2900178279","True","True","PASS"
"32_生态能源与自然秩序.md","环保猎人","bdbd1ec1-4516-571a-8e12-db95b0c99a88","https://www.zhihu.com/question/2031425348554989686/answer/2032170813806358711","True","True","PASS"
"32_生态能源与自然秩序.md","环境问题","c80a6530-458f-508d-a1c7-951c6bd7d618","https://www.zhihu.com/question/36275353/answer/1934096597","True","True","PASS"
"32_生态能源与自然秩序.md","换电","e4b1fc0a-c9b1-50b3-9c7b-1e9135d1b2c6","https://www.zhihu.com/question/453005871/answer/1920883904","True","True","PASS"
"32_生态能源与自然秩序.md","换电关键","8d0a678f-0ac3-5420-847f-4346d47753f4","https://www.zhihu.com/question/665890794/answer/4044425313","True","True","PASS"
"32_生态能源与自然秩序.md","甲醛","5cb9b9e6-3407-5b45-b947-25248e819e84","https://www.zhihu.com/question/616614466/answer/3190348783","True","True","PASS"
"32_生态能源与自然秩序.md","节水呼吁","98debe38-40de-5cf4-a63d-d230bbc7af3d","https://www.zhihu.com/question/282472364/answer/463381605","True","True","PASS"
"32_生态能源与自然秩序.md","进化王","366ab128-d0ec-5a22-9185-a7be6c9ef61a","https://www.zhihu.com/question/444037692/answer/1727447923","True","True","PASS"
"32_生态能源与自然秩序.md","井田","fe1e993d-7c2c-5c0f-b734-2bb88c4cae89","https://www.zhihu.com/question/32759166/answer/644324120","True","True","PASS"
"32_生态能源与自然秩序.md","可控核聚变","bd497e81-413b-5e4c-b1df-001d0efbd369","https://www.zhihu.com/question/267170674/answer/448696808","True","True","PASS"
"32_生态能源与自然秩序.md","老鼠养殖","3ea32315-6621-5490-874c-f67875fbd32e","https://www.zhihu.com/question/65624955/answer/446867904","True","True","PASS"
"32_生态能源与自然秩序.md","粮食短缺","559feedb-9fc6-581d-903d-390f15d8817c","https://www.zhihu.com/question/525417450/answer/2490137891","True","True","PASS"
"32_生态能源与自然秩序.md","粮食禁运","8ab82b60-6b7b-5ea3-ad5a-1560b88d9124","https://www.zhihu.com/question/383527607/answer/3047727080","True","True","PASS"
"32_生态能源与自然秩序.md","煤电核电绿电","88f8cd6c-cc37-5882-8a95-3b344367317b","https://www.zhihu.com/question/488367544/answer/2136458037","True","True","PASS"
"32_生态能源与自然秩序.md","美国菜","60ac2755-9a38-51f5-8c62-43ed7c44ca7a","https://www.zhihu.com/question/265913587/answer/1761109733","True","True","PASS"
"32_生态能源与自然秩序.md","农村的未来","5fcaadb8-9bba-5d43-9f03-0c374dfc9729","https://www.zhihu.com/question/437882772/answer/2081194676","True","True","PASS"
"32_生态能源与自然秩序.md","排放税","56e7a110-bdf5-5992-bcbc-10282d1af927","https://www.zhihu.com/question/618895483/answer/3180343547","True","True","PASS"
"32_生态能源与自然秩序.md","气候异常时代","a4a9a8da-4f77-57ee-b1b9-c34a55417aea","https://www.zhihu.com/question/474264183/answer/2018027733","True","True","PASS"
"32_生态能源与自然秩序.md","清除水银","a7401fe2-2130-5568-abbe-5c01c6ebb8ed","https://www.zhihu.com/question/372254070/answer/1899502308322154240","True","True","PASS"
"32_生态能源与自然秩序.md","人类进化","c2e2ed74-762d-565d-92f4-336b0de662bc","https://www.zhihu.com/question/282289192/answer/425412294","True","True","PASS"
"32_生态能源与自然秩序.md","沙漠开发","7b69137e-336c-57a8-ae10-e381ff0a4ce7","https://www.zhihu.com/question/491374005/answer/2161924714","True","True","PASS"
"32_生态能源与自然秩序.md","山火","da05d527-2762-5b58-a9da-fb3dcde8a526","https://www.zhihu.com/question/318594515/answer/646005478","True","True","PASS"
"32_生态能源与自然秩序.md","兽语","d56b4f7f-b78d-5812-b784-a89b8027e4e1","https://www.zhihu.com/question/287936359/answer/473417366","True","True","PASS"
"32_生态能源与自然秩序.md","树知道","dec0d2fc-d21a-588d-bc04-21b92f78868d","https://www.zhihu.com/question/643266306/answer/3390687302","True","True","PASS"
"32_生态能源与自然秩序.md","说话的兽","f455e627-834a-5efb-afe9-c311b5694325","https://www.zhihu.com/question/530184935/answer/2558470982","True","True","PASS"
"32_生态能源与自然秩序.md","塑料膜","a0de9c17-64cb-5b93-8492-9691dc915e45","https://www.zhihu.com/question/487009832/answer/2131372536","True","True","PASS"
"32_生态能源与自然秩序.md","天命昭昭","38a73bef-17e9-5fb4-a718-18931523f25c","https://www.zhihu.com/question/596369328/answer/3001019240","True","True","PASS"
"32_生态能源与自然秩序.md","万金油","aa4eb633-1119-5fea-8c17-d40902505f6c","https://www.zhihu.com/question/29135157/answer/3369437932","True","True","PASS"
"32_生态能源与自然秩序.md","未保护动物","92d52ba7-4dbf-5985-82d1-4dffd7a0fe55","https://www.zhihu.com/question/664306989/answer/3595426571","True","True","PASS"
"32_生态能源与自然秩序.md","无罪之杀","5178a70c-bf21-5454-bae7-63f0336089dc","https://afdian.com/p/ac5786e43ef611f0a02252540025c377","True","True","PASS"
"32_生态能源与自然秩序.md","眼神灵动","0db27234-3f9b-52e8-a594-f5e3de3e9d39","https://www.zhihu.com/question/288003004/answer/3488625751","True","True","PASS"
"32_生态能源与自然秩序.md","伊于胡底","5eb6615d-3018-5ca0-bbe7-35b92e96888d","https://www.zhihu.com/question/456653190/answer/2054529179","True","True","PASS"
"32_生态能源与自然秩序.md","应急储备","4a693ca8-a8d3-53fc-9b61-0da6581ca5d6","https://www.zhihu.com/question/384055561/answer/2439164062","True","True","PASS"
"32_生态能源与自然秩序.md","允许利用动物名单","","","True","False","PASS"
"32_生态能源与自然秩序.md","长明火","d0ddadd2-33e1-5daa-816d-5414e23c4c66","https://www.zhihu.com/question/13910485033/answer/2058618708252274865","True","True","PASS"
"32_生态能源与自然秩序.md","征信体系","c0f1ba80-af0b-52ca-96f7-0ccc89da8928","https://www.zhihu.com/question/341338492/answer/796914277","True","True","PASS"
"32_生态能源与自然秩序.md","智力","465e8f4f-b56b-56bd-b9fb-fb9d65f1abd8","https://www.zhihu.com/question/57184841/answer/466014654","True","True","PASS"
"32_生态能源与自然秩序.md","自然状态下的雌性权利","682f519d-c178-5ca4-a1a9-3da75ba2f1dc","https://www.zhihu.com/question/291171524/answer/474019809","True","True","PASS"
"32_生态能源与自然秩序.md","自油至电","628c1506-71d3-5fc7-8d19-d0c9e3141133","https://www.zhihu.com/question/596337423/answer/2996243380","True","True","PASS"
"33_人工智能机器与未来秩序.md","36度5","b52a2af5-3c4d-5f9a-9e73-00ace9a3dee3","https://www.zhihu.com/question/585441313/answer/2964847711","True","True","PASS"
"33_人工智能机器与未来秩序.md","逼你幸福","f2cdf0de-aaea-5723-8ff3-da22d9cc12f5","https://www.zhihu.com/question/550568302/answer/2710177413","True","True","PASS"
"33_人工智能机器与未来秩序.md","此站不停","8180a40c-a370-579d-9863-4b7003ad19d8","https://www.zhihu.com/question/631302692/answer/3298729377","True","True","PASS"
"33_人工智能机器与未来秩序.md","聪明钱","b23b11d6-00e2-5855-8aed-728719ecebaf","https://afdian.com/p/7f5a3c0a3a4a11f0a31c5254001e7c00","True","True","PASS"
"33_人工智能机器与未来秩序.md","低端产业","9d341350-b1f3-5e50-9c47-880da6248b84","https://www.zhihu.com/question/46701503/answer/1342777385","True","True","PASS"
"33_人工智能机器与未来秩序.md","红旗下的蛋","d4ecf4e7-8bac-536d-a50c-c975f9191496","https://www.zhihu.com/question/10657018877/answer/87858940832","True","True","PASS"
"33_人工智能机器与未来秩序.md","技术革命","8a85f015-b363-5e68-a251-388ee44dbd90","https://www.zhihu.com/question/591359178/answer/2959821973","True","True","PASS"
"33_人工智能机器与未来秩序.md","技术焦虑","48ab9554-524d-50de-9a35-50075e9d7c28","https://www.zhihu.com/question/418085084/answer/1440844677","True","True","PASS"
"33_人工智能机器与未来秩序.md","劫后余生","2253eb66-b209-5ffa-b95f-f02f49276a29","https://www.zhihu.com/question/588766921/answer/2932218817","True","True","PASS"
"33_人工智能机器与未来秩序.md","今际之国的献身者","847af947-2c92-5319-9eea-afa29ae44937","https://www.zhihu.com/question/1908606973357810445/answer/1908976270726920121","True","True","PASS"
"33_人工智能机器与未来秩序.md","具身智能","ccbd71ee-ab45-54d0-8ce9-27f184b19a0d","https://afdian.com/p/25640ae21fb911f0a88f52540025c377","True","True","PASS"
"33_人工智能机器与未来秩序.md","可信的ai服务","4d790f5c-c918-50b5-8ab4-b2d7816c34d2","https://www.zhihu.com/question/510142161/answer/2989954457","True","True","PASS"
"33_人工智能机器与未来秩序.md","猎魔人","7a93aa4f-2f47-512a-acfd-802304b8de07","https://www.zhihu.com/question/10743483773/answer/90929027281","True","True","PASS"
"33_人工智能机器与未来秩序.md","落草为王","1aaa2ef5-6395-561f-b61e-8a69af24fc4a","https://www.zhihu.com/question/632699482/answer/3310345691","True","True","PASS"
"33_人工智能机器与未来秩序.md","末法","51284a30-51f7-5562-a26a-055619019b36","https://www.zhihu.com/question/571807772/answer/2932193644","True","True","PASS"
"33_人工智能机器与未来秩序.md","你先","fb5763f5-3d2c-5d93-9d6d-3defd03e4a66","https://www.zhihu.com/question/642079297/answer/3401448568","True","True","PASS"
"33_人工智能机器与未来秩序.md","全球化与失业","1a0c33e3-e996-5f61-a55e-751991bbdfa0","https://www.zhihu.com/question/333947385/answer/1219847484","True","True","PASS"
"33_人工智能机器与未来秩序.md","全自动生产线","c09731c6-fc7d-5aaf-90a4-8be66fe3c22b","https://www.zhihu.com/question/435169703/answer/3375061292","True","True","PASS"
"33_人工智能机器与未来秩序.md","人工智能","9b0359f4-4a0d-57d7-88ad-2b8970c567dd","https://www.zhihu.com/question/311609743/answer/600268469","True","True","PASS"
"33_人工智能机器与未来秩序.md","人形机器人","dfd1dd77-2432-5fc1-a62f-d792a06a2d98","https://www.zhihu.com/question/328512588/answer/718618780","True","True","PASS"
"33_人工智能机器与未来秩序.md","时代红利","5e4f4aab-f2ab-534f-80e5-df23e10a97d8","https://www.zhihu.com/question/423780782/answer/1994335899153080648","True","True","PASS"
"33_人工智能机器与未来秩序.md","水母飞车","45ad7f8d-f4a2-5975-8750-5b90d8ef2247","https://www.zhihu.com/question/597198800/answer/3003540804","True","True","PASS"
"33_人工智能机器与未来秩序.md","算力问题","9fec08c6-0280-5037-9510-3875a62a291b","https://www.zhihu.com/question/591405556/answer/2954104553","True","True","PASS"
"33_人工智能机器与未来秩序.md","提问者","959872c6-0ae7-517d-aa2f-b669f058ed41","https://www.zhihu.com/question/587975516/answer/2988722122","True","True","PASS"
"33_人工智能机器与未来秩序.md","天下第一","edfcfb1d-1da3-5e97-a540-a2bf62558ebe","https://www.zhihu.com/question/10697407514/answer/88952399283","True","True","PASS"
"33_人工智能机器与未来秩序.md","铁病娇","867a3073-7d21-5669-b294-60d3cf87e164","https://www.zhihu.com/question/1896214633943123639/answer/1900899022048298168","True","True","PASS"
"33_人工智能机器与未来秩序.md","未成年驱动器","117e09e7-2256-507f-9869-c04927dc36af","https://www.zhihu.com/question/665629156/answer/3620721933","True","True","PASS"
"33_人工智能机器与未来秩序.md","无言以对","6ae49233-40b3-5acd-a548-8979ce49c175","https://www.zhihu.com/question/9082335829/answer/75762735708","True","True","PASS"
"33_人工智能机器与未来秩序.md","芯片","f0e6b60b-5f91-5037-9796-480eeca991b2","https://www.zhihu.com/question/275316968/answer/497644862","True","True","PASS"
"33_人工智能机器与未来秩序.md","新教育","f25d6717-47e8-5025-bfb5-cb0a0f75700c","https://www.zhihu.com/question/2012442872696239258/answer/2012669869284435530","True","True","PASS"
"33_人工智能机器与未来秩序.md","新教育2","c910978e-95b9-5cd3-8906-003309df77fb","https://www.zhihu.com/question/2016759308327608461/answer/2018852665627529880","True","True","PASS"
"33_人工智能机器与未来秩序.md","一人之上","dd926b00-b9ae-5d70-9552-61f9b7a9203f","https://www.zhihu.com/question/2052702281674355836/answer/2056764332520759534","True","True","PASS"
"33_人工智能机器与未来秩序.md","意识上传","b5f5c408-4f06-5d86-9ee2-27208d34e966","https://www.zhihu.com/question/419475427/answer/1875579544","True","True","PASS"
"33_人工智能机器与未来秩序.md","真雄心","da937b67-4e24-5b2d-b5dc-03dc44168c3f","https://www.zhihu.com/question/610072848/answer/3102447409","True","True","PASS"
"33_人工智能机器与未来秩序.md","智能失业","9ec2d145-4c5b-580b-a0d1-4e7a418b29ad","https://www.zhihu.com/question/316424064/answer/1738761505","True","True","PASS"
"33_人工智能机器与未来秩序.md","自由意志","3225022a-2d87-588a-9fab-8097493b1ae0","https://www.zhihu.com/question/304785722/answer/551025610","True","True","PASS"
"33_人工智能机器与未来秩序.md","租面人","f784d9d0-16ce-5fcb-9d22-77e05a828dca","https://www.zhihu.com/question/2004629058894389561/answer/2004885376368652458","True","True","PASS"
"33_人工智能机器与未来秩序.md","AI 一","6511b53f-878c-5ae0-af8f-d2f04e78569c","https://www.zhihu.com/question/591002830/answer/2947430561","True","True","PASS"
"33_人工智能机器与未来秩序.md","ai创新","767fc5c4-240d-52ad-b09a-a66fc7ffa4cb","https://www.zhihu.com/question/814165911/answer/11529564516","True","True","PASS"
"33_人工智能机器与未来秩序.md","ai的权利","ea58764c-88a8-5635-a49e-fcaa3ec76513","https://www.zhihu.com/question/626746531/answer/3298913163","True","True","PASS"
"33_人工智能机器与未来秩序.md","ai教学","daadf9cc-e509-57dd-9a7c-7928fef1be3f","https://www.zhihu.com/question/1997937872972505781/answer/2001915449252807021","True","True","PASS"
"33_人工智能机器与未来秩序.md","AI模拟","a09de2e3-d992-544b-af65-ff83853f64c5","https://www.zhihu.com/question/448931860/answer/1777048791","True","True","PASS"
"33_人工智能机器与未来秩序.md","ai轻应用","33e546e7-0929-5990-9ce4-34eaf85f173d","https://www.zhihu.com/question/629714147/answer/3287829561","True","True","PASS"
"33_人工智能机器与未来秩序.md","ai助我","8abe0ad2-d8a4-59f5-8f83-e71bcf82ff47","https://afdian.com/p/00915720d9f811f08dac52540025c377","True","True","PASS"
"33_人工智能机器与未来秩序.md","AUI","03c5d063-ce66-5922-a4e4-353a60f8a3b7","https://www.zhihu.com/question/2000826715941904620/answer/2001782373667317203","True","True","PASS"
"33_人工智能机器与未来秩序.md","autoGPT","ac88d1c1-e299-53f4-853b-86297fa75afe","https://www.zhihu.com/question/595359852/answer/2987136199","True","True","PASS"
"33_人工智能机器与未来秩序.md","CAS","cc2624fb-c161-5ab1-84c4-8229bed5bd92","https://www.zhihu.com/question/582933780/answer/2951269178","True","True","PASS"
"33_人工智能机器与未来秩序.md","chatGPT","401f66f2-66de-5221-a516-52909149fd69","https://www.zhihu.com/question/570062224/answer/2790608277","True","True","PASS"
